Protocollo;Gruppo;DataOraIncidente;Localizzazione1;STRADA1;Localizzazione2;STRADA2;Strada02;Chilometrica;DaSpecificare;NaturaIncidente;particolaritastrade;TipoStrada;FondoStradale;Pavimentazione;Segnaletica;CondizioneAtmosferica;Traffico;Visibilita;Illuminazione;NUM_FERITI;NUM_RISERVATA;NUM_MORTI;NUM_ILLESI;Longitudine;Latitudine;Confermato;Progressivo;TipoVeicolo;StatoVeicolo;TipoPersona;Sesso;Tipolesione;Deceduto;DecedutoDopo;CinturaCascoUtilizzato;Airbag;
5571930;8;02/09/2021 18:10:00;Strada Urbana;VIA DI TOR BELLA MONACA;in prossimit�;;del palo luce n.;122;;Tamponamento Multiplo;Rettilineo;Due carreggiate;Asciutto;Asfaltata;Verticale ed orizzontale;Sereno;Intenso;Buona;;1;0;0;4;12.6282;41.8763;-1;1;Autovettura privata;In marcia / fermata / arresto;Conducente;M;Rifiuta cure immediate;0;NON DECEDUTO;Non accertato;Inesploso
5571930;8;02/09/2021 18:10:00;Strada Urbana;VIA DI TOR BELLA MONACA;in prossimit�;;del palo luce n.;122;;Tamponamento Multiplo;Rettilineo;Due carreggiate;Asciutto;Asfaltata;Verticale ed orizzontale;Sereno;Intenso;Buona;;1;0;0;4;12.6282;41.8763;-1;1;Autovettura privata;In marcia / fermata / arresto;Passeggero;M;Illeso;0;;Non accertato;Inesploso
5571930;8;02/09/2021 18:10:00;Strada Urbana;VIA DI TOR BELLA MONACA;in prossimit�;;del palo luce n.;122;;Tamponamento Multiplo;Rettilineo;Due carreggiate;Asciutto;Asfaltata;Verticale ed orizzontale;Sereno;Intenso;Buona;;1;0;0;4;12.6282;41.8763;-1;2;Autovettura privata;In marcia / fermata / arresto;Conducente;M;Illeso;0;;Non accertato;Inesploso
5571930;8;02/09/2021 18:10:00;Strada Urbana;VIA DI TOR BELLA MONACA;in prossimit�;;del palo luce n.;122;;Tamponamento Multiplo;Rettilineo;Due carreggiate;Asciutto;Asfaltata;Verticale ed orizzontale;Sereno;Intenso;Buona;;1;0;0;4;12.6282;41.8763;-1;2;Autovettura privata;In marcia / fermata / arresto;Passeggero;F;Illeso;0;;Non accertato;Inesploso
5571930;8;02/09/2021 18:10:00;Strada Urbana;VIA DI TOR BELLA MONACA;in prossimit�;;del palo luce n.;122;;Tamponamento Multiplo;Rettilineo;Due carreggiate;Asciutto;Asfaltata;Verticale ed orizzontale;Sereno;Intenso;Buona;;1;0;0;4;12.6282;41.8763;-1;3;Autovettura privata;In marcia / fermata / arresto;Conducente;M;Illeso;0;;Non accertato;Esploso
5571931;15;02/09/2021 17:41:00;Strada Urbana;VIA PORTUENSE;da specificare;;;;prossimit� civico 781;Tamponamento;Rettilineo;Una carreggiata a doppio senso;Asciutto;Asfaltata;Orizzontale;Sereno;Intenso;Buona;;0;0;0;4;12.414;41.8469;-1;1;Autovettura privata;In marcia / fermata / arresto;Conducente;M;Illeso;0;;Non accertato;Inesploso
5571931;15;02/09/2021 17:41:00;Strada Urbana;VIA PORTUENSE;da specificare;;;;prossimit� civico 781;Tamponamento;Rettilineo;Una carreggiata a doppio senso;Asciutto;Asfaltata;Orizzontale;Sereno;Intenso;Buona;;0;0;0;4;12.414;41.8469;-1;1;Autovettura privata;In marcia / fermata / arresto;Passeggero;F;Illeso;0;;Non accertato;Inesploso
5571931;15;02/09/2021 17:41:00;Strada Urbana;VIA PORTUENSE;da specificare;;;;prossimit� civico 781;Tamponamento;Rettilineo;Una carreggiata a doppio senso;Asciutto;Asfaltata;Orizzontale;Sereno;Intenso;Buona;;0;0;0;4;12.414;41.8469;-1;2;Autovettura privata;In marcia / fermata / arresto;Conducente;M;Illeso;0;;Non accertato;Inesploso
5571931;15;02/09/2021 17:41:00;Strada Urbana;VIA PORTUENSE;da specificare;;;;prossimit� civico 781;Tamponamento;Rettilineo;Una carreggiata a doppio senso;Asciutto;Asfaltata;Orizzontale;Sereno;Intenso;Buona;;0;0;0;4;12.414;41.8469;-1;2;Autovettura privata;In marcia / fermata / arresto;Passeggero;M;Illeso;0;;Non accertato;Inesploso
5571934;6;02/09/2021 21:30:00;Strada Urbana;VIA TIBURTINA;in prossimit�;;del civico n.;724;;Fuoriuscita dalla sede stradale;Curva a visuale libera;Due carreggiate;Asciutto;Asfaltata;Verticale ed orizzontale;Sereno;Normale;Sufficiente;;0;0;1;0;12.5522;41.9115;0;1;Motociclo a solo;In marcia / fermata / arresto;Conducente;M;Deceduto sul posto;-1;;;
5571964;10;02/09/2021 20:05:00;Strada Urbana;VIA TUSCOLANA;da specificare;;;;prossimit� intersezione con via Torre Spaccata;Tamponamento Multiplo;Rettilineo;Due carreggiate;Asciutto;Asfaltata;Verticale ed orizzontale;Sereno;Normale;Sufficiente;;2;0;0;3;12.576;41.8483;-1;1;Autovettura privata;In marcia / fermata / arresto;Conducente;M;Illeso;0;;Non accertato;Inesploso
5571964;10;02/09/2021 20:05:00;Strada Urbana;VIA TUSCOLANA;da specificare;;;;prossimit� intersezione con via Torre Spaccata;Tamponamento Multiplo;Rettilineo;Due carreggiate;Asciutto;Asfaltata;Verticale ed orizzontale;Sereno;Normale;Sufficiente;;2;0;0;3;12.576;41.8483;-1;2;Autovettura privata;In marcia / fermata / arresto;Conducente;F;Illeso;0;;Non accertato;Inesploso
5571964;10;02/09/2021 20:05:00;Strada Urbana;VIA TUSCOLANA;da specificare;;;;prossimit� intersezione con via Torre Spaccata;Tamponamento Multiplo;Rettilineo;Due carreggiate;Asciutto;Asfaltata;Verticale ed orizzontale;Sereno;Normale;Sufficiente;;2;0;0;3;12.576;41.8483;-1;2;Autovettura privata;In marcia / fermata / arresto;Passeggero;F;Ricoverato;0;NON DECEDUTO;Non accertato;Inesploso
5571964;10;02/09/2021 20:05:00;Strada Urbana;VIA TUSCOLANA;da specificare;;;;prossimit� intersezione con via Torre Spaccata;Tamponamento Multiplo;Rettilineo;Due carreggiate;Asciutto;Asfaltata;Verticale ed orizzontale;Sereno;Normale;Sufficiente;;2;0;0;3;12.576;41.8483;-1;2;Autovettura privata;In marcia / fermata / arresto;Passeggero;F;Rimandato;0;NON DECEDUTO;Non accertato;Inesploso
5571964;10;02/09/2021 20:05:00;Strada Urbana;VIA TUSCOLANA;da specificare;;;;prossimit� intersezione con via Torre Spaccata;Tamponamento Multiplo;Rettilineo;Due carreggiate;Asciutto;Asfaltata;Verticale ed orizzontale;Sereno;Normale;Sufficiente;;2;0;0;3;12.576;41.8483;-1;3;Autovettura privata;In marcia / fermata / arresto;Conducente;F;Illeso;0;;Non accertato;Inesploso
5571966;18;02/09/2021 21:00:00;Strada Urbana;VIA DI BOCCEA;da specificare;;;;rotatoria con via U.Hoepli;Scontro frontale/laterale DX fra veicoli in marcia;Rotatoria;Una carreggiata a senso unico di marcia;Asciutto;Asfaltata;Verticale ed orizzontale;Sereno;Normale;Buona;;0;0;0;3;12.3847;41.9149;-1;1;Autovettura privata;In marcia / fermata / arresto;Conducente;F;Illeso;0;;;
5571966;18;02/09/2021 21:00:00;Strada Urbana;VIA DI BOCCEA;da specificare;;;;rotatoria con via U.Hoepli;Scontro frontale/laterale DX fra veicoli in marcia;Rotatoria;Una carreggiata a senso unico di marcia;Asciutto;Asfaltata;Verticale ed orizzontale;Sereno;Normale;Buona;;0;0;0;3;12.3847;41.9149;-1;1;Autovettura privata;In marcia / fermata / arresto;Passeggero;M;Illeso;0;;;
5571966;18;02/09/2021 21:00:00;Strada Urbana;VIA DI BOCCEA;da specificare;;;;rotatoria con via U.Hoepli;Scontro frontale/laterale DX fra veicoli in marcia;Rotatoria;Una carreggiata a senso unico di marcia;Asciutto;Asfaltata;Verticale ed orizzontale;Sereno;Normale;Buona;;0;0;0;3;12.3847;41.9149;-1;2;Autovettura privata;In marcia / fermata / arresto;Conducente;F;Illeso;0;;;
5571970;20;02/09/2021 14:30:00;Strada Urbana;VIA DELLA GIUSTINIANA;da specificare;;;;prox palo ACEA 295;Veicolo in marcia contro ostacolo fisso;Curva senza visuale libera;Una carreggiata a doppio senso;Asciutto;Asfaltata;Orizzontale;Sereno;Scarso;Buona;;0;0;0;1;12.4552;41.9947;-1;1;Autovettura privata;In marcia / fermata / arresto;Conducente;M;Illeso;0;;;
5571973;12;02/09/2021 23:10:00;Strada Urbana;VIA MATTEO BARTOLI;all'intersezione con;VIA MARINO GHETALDI;VIA MARINO GHETALDI;;;Tamponamento Multiplo;Incrocio;Una carreggiata a doppio senso;Asciutto;Asfaltata;Verticale ed orizzontale;Sereno;Scarso;Buona;;0;0;0;3;12.4889;41.8184;-1;1;Autovettura privata;In marcia / fermata / arresto;Conducente;M;Illeso;0;;;
5571973;12;02/09/2021 23:10:00;Strada Urbana;VIA MATTEO BARTOLI;all'intersezione con;VIA MARINO GHETALDI;VIA MARINO GHETALDI;;;Tamponamento Multiplo;Incrocio;Una carreggiata a doppio senso;Asciutto;Asfaltata;Verticale ed orizzontale;Sereno;Scarso;Buona;;0;0;0;3;12.4889;41.8184;-1;2;Autovettura privata;In marcia / fermata / arresto;Conducente;M;Illeso;0;;;
5571973;12;02/09/2021 23:10:00;Strada Urbana;VIA MATTEO BARTOLI;all'intersezione con;VIA MARINO GHETALDI;VIA MARINO GHETALDI;;;Tamponamento Multiplo;Incrocio;Una carreggiata a doppio senso;Asciutto;Asfaltata;Verticale ed orizzontale;Sereno;Scarso;Buona;;0;0;0;3;12.4889;41.8184;-1;3;Autovettura privata;In marcia / fermata / arresto;Conducente;M;Illeso;0;;;
5571974;20;02/09/2021 11:00:00;Strada Urbana;VIALE DI TOR DI QUINTO;in prossimit�;;del civico n.;47;;Tamponamento Multiplo;Rettilineo;Una carreggiata a doppio senso;Asciutto;Asfaltata;Orizzontale;Sereno;Normale;Buona;;4;0;0;3;12.4747;41.9374;-1;1;Autovettura privata;In marcia / fermata / arresto;Conducente;F;Illeso;0;;Non accertato;Inesploso
5571974;20;02/09/2021 11:00:00;Strada Urbana;VIALE DI TOR DI QUINTO;in prossimit�;;del civico n.;47;;Tamponamento Multiplo;Rettilineo;Una carreggiata a doppio senso;Asciutto;Asfaltata;Orizzontale;Sereno;Normale;Buona;;4;0;0;3;12.4747;41.9374;-1;2;Autovettura privata;In marcia / fermata / arresto;Conducente;M;Rifiuta cure immediate;0;NON DECEDUTO;Non accertato;Inesploso
5571974;20;02/09/2021 11:00:00;Strada Urbana;VIALE DI TOR DI QUINTO;in prossimit�;;del civico n.;47;;Tamponamento Multiplo;Rettilineo;Una carreggiata a doppio senso;Asciutto;Asfaltata;Orizzontale;Sereno;Normale;Buona;;4;0;0;3;12.4747;41.9374;-1;2;Autovettura privata;In marcia / fermata / arresto;Passeggero;M;Rifiuta cure immediate;0;NON DECEDUTO;Non accertato;Inesploso
5571974;20;02/09/2021 11:00:00;Strada Urbana;VIALE DI TOR DI QUINTO;in prossimit�;;del civico n.;47;;Tamponamento Multiplo;Rettilineo;Una carreggiata a doppio senso;Asciutto;Asfaltata;Orizzontale;Sereno;Normale;Buona;;4;0;0;3;12.4747;41.9374;-1;2;Autovettura privata;In marcia / fermata / arresto;Passeggero;F;Rifiuta cure immediate;0;NON DECEDUTO;Non accertato;Inesploso
5571974;20;02/09/2021 11:00:00;Strada Urbana;VIALE DI TOR DI QUINTO;in prossimit�;;del civico n.;47;;Tamponamento Multiplo;Rettilineo;Una carreggiata a doppio senso;Asciutto;Asfaltata;Orizzontale;Sereno;Normale;Buona;;4;0;0;3;12.4747;41.9374;-1;2;Autovettura privata;In marcia / fermata / arresto;Passeggero;M;Illeso;0;;Non accertato;Inesploso
5571974;20;02/09/2021 11:00:00;Strada Urbana;VIALE DI TOR DI QUINTO;in prossimit�;;del civico n.;47;;Tamponamento Multiplo;Rettilineo;Una carreggiata a doppio senso;Asciutto;Asfaltata;Orizzontale;Sereno;Normale;Buona;;4;0;0;3;12.4747;41.9374;-1;3;Autovettura privata;In marcia / fermata / arresto;Conducente;M;Rifiuta cure immediate;0;NON DECEDUTO;Non accertato;Inesploso
5571974;20;02/09/2021 11:00:00;Strada Urbana;VIALE DI TOR DI QUINTO;in prossimit�;;del civico n.;47;;Tamponamento Multiplo;Rettilineo;Una carreggiata a doppio senso;Asciutto;Asfaltata;Orizzontale;Sereno;Normale;Buona;;4;0;0;3;12.4747;41.9374;-1;4;Autovettura privata;In marcia / fermata / arresto;Conducente;F;Illeso;0;;Non accertato;Esploso
5571975;12;02/09/2021 19:40:00;Strada Urbana;VIA CRISTOFORO COLOMBO;da specificare;;;;altezza Palo Acea 584 direzione GRA;Scontro laterale fra veicoli in marcia;Rettilineo;Una carreggiata a senso unico di marcia;Asciutto;Asfaltata;Verticale ed orizzontale;Sereno;Normale;Buona;;0;0;0;5;12.4645;41.8217;-1;1;Autovettura privata;In marcia / fermata / arresto;Conducente;M;Illeso;0;;;
5571975;12;02/09/2021 19:40:00;Strada Urbana;VIA CRISTOFORO COLOMBO;da specificare;;;;altezza Palo Acea 584 direzione GRA;Scontro laterale fra veicoli in marcia;Rettilineo;Una carreggiata a senso unico di marcia;Asciutto;Asfaltata;Verticale ed orizzontale;Sereno;Normale;Buona;;0;0;0;5;12.4645;41.8217;-1;1;Autovettura privata;In marcia / fermata / arresto;Passeggero;F;Illeso;0;;;
5571975;12;02/09/2021 19:40:00;Strada Urbana;VIA CRISTOFORO COLOMBO;da specificare;;;;altezza Palo Acea 584 direzione GRA;Scontro laterale fra veicoli in marcia;Rettilineo;Una carreggiata a senso unico di marcia;Asciutto;Asfaltata;Verticale ed orizzontale;Sereno;Normale;Buona;;0;0;0;5;12.4645;41.8217;-1;1;Autovettura privata;In marcia / fermata / arresto;Passeggero;F;Illeso;0;;;
5571975;12;02/09/2021 19:40:00;Strada Urbana;VIA CRISTOFORO COLOMBO;da specificare;;;;altezza Palo Acea 584 direzione GRA;Scontro laterale fra veicoli in marcia;Rettilineo;Una carreggiata a senso unico di marcia;Asciutto;Asfaltata;Verticale ed orizzontale;Sereno;Normale;Buona;;0;0;0;5;12.4645;41.8217;-1;1;Autovettura privata;In marcia / fermata / arresto;Passeggero;M;Illeso;0;;;
5571975;12;02/09/2021 19:40:00;Strada Urbana;VIA CRISTOFORO COLOMBO;da specificare;;;;altezza Palo Acea 584 direzione GRA;Scontro laterale fra veicoli in marcia;Rettilineo;Una carreggiata a senso unico di marcia;Asciutto;Asfaltata;Verticale ed orizzontale;Sereno;Normale;Buona;;0;0;0;5;12.4645;41.8217;-1;2;Autovettura privata;In marcia / fermata / arresto;Conducente;F;Illeso;0;;;
5571981;1;02/09/2021 20:20:00;Strada Urbana;VIA MARMORATA;all'intersezione semaforizzata con;LARGO MANLIO GELSOMINI;LARGO MANLIO GELSOMINI;;;Veicolo in marcia contro ostacolo accidentale;Intersezione semaforizzata;Una carreggiata a doppio senso;Sdrucciolevole (terriccio);In cubetti di porfido;Verticale ed orizzontale;Sereno;Scarso;Sufficiente;;0;0;0;1;12.4791;41.8787;-1;1;Motociclo a solo;In marcia / fermata / arresto;Conducente;M;Illeso;0;;Non accertato;
5571982;20;02/09/2021 19:40:00;Strada Urbana;VIA FLAMINIA;in corrispondenza;;del civico n.;732;;Scontro frontale/laterale SX fra veicoli in marcia;Rettilineo;Una carreggiata a doppio senso;Asciutto;Asfaltata;Orizzontale;Sereno;Scarso;Sufficiente;;0;0;0;2;12.4734;41.9457;-1;1;Autovettura privata;In marcia / fermata / arresto;Conducente;M;Illeso;0;;Non accertato;Inesploso
5571982;20;02/09/2021 19:40:00;Strada Urbana;VIA FLAMINIA;in corrispondenza;;del civico n.;732;;Scontro frontale/laterale SX fra veicoli in marcia;Rettilineo;Una carreggiata a doppio senso;Asciutto;Asfaltata;Orizzontale;Sereno;Scarso;Sufficiente;;0;0;0;2;12.4734;41.9457;-1;2;Motociclo a solo;In marcia / fermata / arresto;Conducente;M;Illeso;0;;Non accertato;
5571998;15;02/09/2021 19:20:00;Strada Urbana;VIA DI AFFOGALASINO;in corrispondenza;;del civico n.;157;;Scontro laterale fra veicoli in marcia;Rettilineo;Una carreggiata a doppio senso;Asciutto;Asfaltata;Orizzontale;Sereno;Normale;Buona;;1;0;0;1;12.4354;41.8524;-1;1;Autovettura privata;In marcia / fermata / arresto;Conducente;M;Illeso;0;;Non accertato;Inesploso
5571998;15;02/09/2021 19:20:00;Strada Urbana;VIA DI AFFOGALASINO;in corrispondenza;;del civico n.;157;;Scontro laterale fra veicoli in marcia;Rettilineo;Una carreggiata a doppio senso;Asciutto;Asfaltata;Orizzontale;Sereno;Normale;Buona;;1;0;0;1;12.4354;41.8524;-1;2;Motociclo a solo;In marcia / fermata / arresto;Conducente;F;Rimandato;0;NON DECEDUTO;;
5571999;20;02/09/2021 17:40:00;Regionale entro l'abitato;VIA FLAMINIA;all'intersezione con;VIA ROCCALVECCE;VIA ROCCALVECCE;;;Scontro laterale fra veicoli in marcia;Intersezione stradale segnalata;Una carreggiata a senso unico di marcia;Asciutto;Asfaltata;Verticale ed orizzontale;Sereno;Normale;Buona;;0;0;0;3;12.4852;41.9572;-1;1;Autovettura privata;In marcia / fermata / arresto;Conducente;M;Illeso;0;;;
5571999;20;02/09/2021 17:40:00;Regionale entro l'abitato;VIA FLAMINIA;all'intersezione con;VIA ROCCALVECCE;VIA ROCCALVECCE;;;Scontro laterale fra veicoli in marcia;Intersezione stradale segnalata;Una carreggiata a senso unico di marcia;Asciutto;Asfaltata;Verticale ed orizzontale;Sereno;Normale;Buona;;0;0;0;3;12.4852;41.9572;-1;1;Autovettura privata;In marcia / fermata / arresto;Passeggero;F;Illeso;0;;;
5571999;20;02/09/2021 17:40:00;Regionale entro l'abitato;VIA FLAMINIA;all'intersezione con;VIA ROCCALVECCE;VIA ROCCALVECCE;;;Scontro laterale fra veicoli in marcia;Intersezione stradale segnalata;Una carreggiata a senso unico di marcia;Asciutto;Asfaltata;Verticale ed orizzontale;Sereno;Normale;Buona;;0;0;0;3;12.4852;41.9572;-1;2;Autovettura privata;In marcia / fermata / arresto;Conducente;F;Illeso;0;;;
5572004;1;03/09/2021 00:15:00;Strada Urbana;VIA GARIBALDI;in prossimit�;;del palo luce n.;53;;Veicolo in marcia contro veicolo in sosta;Curva a visuale libera;Una carreggiata a doppio senso;Asciutto;Asfaltata;Verticale ed orizzontale;Sereno;Scarso;Buona;;1;0;0;0;12.4638;41.889;-1;1;Velocipede;In marcia / fermata / arresto;Conducente;M;Rimandato;0;NON DECEDUTO;Esente;
5572004;1;03/09/2021 00:15:00;Strada Urbana;VIA GARIBALDI;in prossimit�;;del palo luce n.;53;;Veicolo in marcia contro veicolo in sosta;Curva a visuale libera;Una carreggiata a doppio senso;Asciutto;Asfaltata;Verticale ed orizzontale;Sereno;Scarso;Buona;;1;0;0;0;12.4638;41.889;-1;2;Autovettura privata;Sosta;;;;;;;
5572008;15;02/09/2021 15:35:00;Strada Urbana;VIA PORTUENSE;all'intersezione con;VIA ALESSANDRO BRISSE;VIA ALESSANDRO BRISSE;;;Infortunio per caduta del veicolo;Intersezione stradale segnalata;Una carreggiata a doppio senso;Asciutto;Asfaltata;Verticale ed orizzontale;Sereno;Normale;Buona;;1;0;0;2;12.414;41.8469;-1;1;Autovettura privata;In marcia / fermata / arresto;Conducente;M;Illeso;0;;Non accertato;Inesploso
5572008;15;02/09/2021 15:35:00;Strada Urbana;VIA PORTUENSE;all'intersezione con;VIA ALESSANDRO BRISSE;VIA ALESSANDRO BRISSE;;;Infortunio per caduta del veicolo;Intersezione stradale segnalata;Una carreggiata a doppio senso;Asciutto;Asfaltata;Verticale ed orizzontale;Sereno;Normale;Buona;;1;0;0;2;12.414;41.8469;-1;1;Autovettura privata;In marcia / fermata / arresto;Passeggero;F;Illeso;0;;Non accertato;Inesploso
5572008;15;02/09/2021 15:35:00;Strada Urbana;VIA PORTUENSE;all'intersezione con;VIA ALESSANDRO BRISSE;VIA ALESSANDRO BRISSE;;;Infortunio per caduta del veicolo;Intersezione stradale segnalata;Una carreggiata a doppio senso;Asciutto;Asfaltata;Verticale ed orizzontale;Sereno;Normale;Buona;;1;0;0;2;12.414;41.8469;-1;2;Velocipede;In marcia / fermata / arresto;Conducente;F;Rimandato;0;NON DECEDUTO;Esente;
5572009;10;03/09/2021 04:00:00;Strada Urbana;VIA DI CIAMPINO;da specificare;;;;civ. 63 (altezza intersezione con via G. CIAMPINI);Scontro laterale fra veicoli in marcia;Rettilineo;Una carreggiata a doppio senso;Asciutto;Asfaltata;Orizzontale;Sereno;Scarso;Insufficiente;;0;1;0;2;12.5796;41.8098;-1;1;Motociclo a solo;In marcia / fermata / arresto;Conducente;M;Prognosi riservata;0;NON DECEDUTO;Non accertato;
5572009;10;03/09/2021 04:00:00;Strada Urbana;VIA DI CIAMPINO;da specificare;;;;civ. 63 (altezza intersezione con via G. CIAMPINI);Scontro laterale fra veicoli in marcia;Rettilineo;Una carreggiata a doppio senso;Asciutto;Asfaltata;Orizzontale;Sereno;Scarso;Insufficiente;;0;1;0;2;12.5796;41.8098;-1;2;Autovettura privata;In marcia / fermata / arresto;Conducente;M;Illeso;0;;Non accertato;Inesploso
5572009;10;03/09/2021 04:00:00;Strada Urbana;VIA DI CIAMPINO;da specificare;;;;civ. 63 (altezza intersezione con via G. CIAMPINI);Scontro laterale fra veicoli in marcia;Rettilineo;Una carreggiata a doppio senso;Asciutto;Asfaltata;Orizzontale;Sereno;Scarso;Insufficiente;;0;1;0;2;12.5796;41.8098;-1;2;Autovettura privata;In marcia / fermata / arresto;Passeggero;F;Illeso;0;;Non accertato;Inesploso
5572011;20;02/09/2021 17:20:00;Provinciale;VIA ANGUILLARESE;all'intersezione con;VIA LANFRANCO DI PAVIA;VIA LANFRANCO DI PAVIA;;;Scontro frontale/laterale DX fra veicoli in marcia;Incrocio;Una carreggiata a doppio senso;Asciutto;Asfaltata;Verticale ed orizzontale;Sereno;Normale;Buona;;2;0;0;0;12.2922;42.0626;-1;1;Autovettura privata;In marcia / fermata / arresto;Conducente;M;Rimandato;0;NON DECEDUTO;Non accertato;
5572011;20;02/09/2021 17:20:00;Provinciale;VIA ANGUILLARESE;all'intersezione con;VIA LANFRANCO DI PAVIA;VIA LANFRANCO DI PAVIA;;;Scontro frontale/laterale DX fra veicoli in marcia;Incrocio;Una carreggiata a doppio senso;Asciutto;Asfaltata;Verticale ed orizzontale;Sereno;Normale;Buona;;2;0;0;0;12.2922;42.0626;-1;2;Autovettura privata;In marcia / fermata / arresto;Conducente;M;Rimandato;0;NON DECEDUTO;Non accertato;
5572028;4;02/09/2021 08:40:00;Strada Urbana;VIA VIRGILIO TALLI;all'intersezione semaforizzata con;VIA PIAN DI SCO;VIA PIAN DI SCO;;;Investimento di pedone;Intersezione semaforizzata;Una carreggiata a doppio senso;Asciutto;Asfaltata;Verticale ed orizzontale;Sereno;Normale;Buona;;1;0;0;1;12.5231;41.9646;-1;;;;Pedone;F;Rimandato;0;NON DECEDUTO;;
5572028;4;02/09/2021 08:40:00;Strada Urbana;VIA VIRGILIO TALLI;all'intersezione semaforizzata con;VIA PIAN DI SCO;VIA PIAN DI SCO;;;Investimento di pedone;Intersezione semaforizzata;Una carreggiata a doppio senso;Asciutto;Asfaltata;Verticale ed orizzontale;Sereno;Normale;Buona;;1;0;0;1;12.5231;41.9646;-1;1;Autovettura privata;In marcia / fermata / arresto;Conducente;F;Illeso;0;;;
5572031;20;02/09/2021 17:00:00;Strada Urbana;VIA ANGUILLARESE;all'intersezione con;VIA QUERO;VIA QUERO;;;Scontro frontale/laterale DX fra veicoli in marcia;Intersezione non regolata/non segnalata;Una carreggiata a doppio senso;Asciutto;Asfaltata;Verticale ed orizzontale;Sereno;Normale;Buona;;0;0;0;2;12.292;42.0631;-1;1;Autovettura privata;In marcia / fermata / arresto;Conducente;M;Illeso;0;;;
5572031;20;02/09/2021 17:00:00;Strada Urbana;VIA ANGUILLARESE;all'intersezione con;VIA QUERO;VIA QUERO;;;Scontro frontale/laterale DX fra veicoli in marcia;Intersezione non regolata/non segnalata;Una carreggiata a doppio senso;Asciutto;Asfaltata;Verticale ed orizzontale;Sereno;Normale;Buona;;0;0;0;2;12.292;42.0631;-1;2;Autobus di linea;In marcia / fermata / arresto;Conducente;M;Illeso;0;;;
5572056;4;02/09/2021 11:35:00;Statale;VIA SALARIA;da specificare;;;;prossimit� fronte Via C. Fiorentino;Tamponamento;Curva a visuale libera;Due carreggiate;Asciutto;Asfaltata;Verticale ed orizzontale;Sereno;Normale;Buona;;1;0;0;1;12.5115;41.9873;-1;1;Autovettura privata;In marcia / fermata / arresto;Conducente;M;Rimandato;0;NON DECEDUTO;Non accertato;
5572056;4;02/09/2021 11:35:00;Statale;VIA SALARIA;da specificare;;;;prossimit� fronte Via C. Fiorentino;Tamponamento;Curva a visuale libera;Due carreggiate;Asciutto;Asfaltata;Verticale ed orizzontale;Sereno;Normale;Buona;;1;0;0;1;12.5115;41.9873;-1;2;Autovettura privata;In marcia / fermata / arresto;Conducente;M;Illeso;0;;;
5572059;1;03/09/2021 03:35:00;Strada Urbana;PIAZZA DI PONTE S. ANGELO;all'intersezione semaforizzata con;VIA DEL BANCO DI S. SPIRITO;VIA DEL BANCO DI S. SPIRITO;;;Veicolo in marcia contro veicolo in sosta;Intersezione semaforizzata;Una carreggiata a senso unico di marcia;Asciutto;Asfaltata;Verticale ed orizzontale;Sereno;Scarso;Buona;;0;0;0;0;12.4665;41.9012;-1;1;Autovettura privata;In marcia / fermata / arresto;;;;;;;
5572059;1;03/09/2021 03:35:00;Strada Urbana;PIAZZA DI PONTE S. ANGELO;all'intersezione semaforizzata con;VIA DEL BANCO DI S. SPIRITO;VIA DEL BANCO DI S. SPIRITO;;;Veicolo in marcia contro veicolo in sosta;Intersezione semaforizzata;Una carreggiata a senso unico di marcia;Asciutto;Asfaltata;Verticale ed orizzontale;Sereno;Scarso;Buona;;0;0;0;0;12.4665;41.9012;-1;2;Autovettura privata;Sosta;;;;;;;
5572083;1;03/09/2021 01:00:00;Strada Urbana;VIA DELLA NAVICELLA;in prossimit�;;del civico n.;41;;Veicolo in marcia contro ostacolo accidentale;Curva a visuale libera;Una carreggiata a doppio senso;Asciutto;Asfaltata;Verticale ed orizzontale;Sereno;Scarso;Insufficiente;;1;0;0;0;12.4978;41.8826;-1;1;Velocipede;In marcia / fermata / arresto;Conducente;M;Rimandato;0;NON DECEDUTO;Esente;
5572092;5;02/09/2021 12:30:00;Strada Urbana;VIA TIBURTINA;da specificare;;;;30 metri prima del civico 1292;Tamponamento Multiplo;Rettilineo;Due carreggiate;Asciutto;Asfaltata;Orizzontale;Sereno;Normale;Buona;;0;0;0;4;12.6111;41.9354;-1;1;Autovettura privata;In marcia / fermata / arresto;Conducente;F;Illeso;0;;Non accertato;
5572092;5;02/09/2021 12:30:00;Strada Urbana;VIA TIBURTINA;da specificare;;;;30 metri prima del civico 1292;Tamponamento Multiplo;Rettilineo;Due carreggiate;Asciutto;Asfaltata;Orizzontale;Sereno;Normale;Buona;;0;0;0;4;12.6111;41.9354;-1;2;Autovettura privata;In marcia / fermata / arresto;Conducente;M;Illeso;0;;Non accertato;
5572092;5;02/09/2021 12:30:00;Strada Urbana;VIA TIBURTINA;da specificare;;;;30 metri prima del civico 1292;Tamponamento Multiplo;Rettilineo;Due carreggiate;Asciutto;Asfaltata;Orizzontale;Sereno;Normale;Buona;;0;0;0;4;12.6111;41.9354;-1;3;Autocarro inferiore 35 q.;In marcia / fermata / arresto;Conducente;M;Illeso;0;;Non accertato;Esploso