Protocollo;Gruppo;DataOraIncidente;Localizzazione1;STRADA1;Localizzazione2;STRADA2;Strada02;Chilometrica;DaSpecificare;NaturaIncidente;particolaritastrade;TipoStrada;FondoStradale;Pavimentazione;Segnaletica;CondizioneAtmosferica;Traffico;Visibilita;Illuminazione;NUM_FERITI;NUM_RISERVATA;NUM_MORTI;NUM_ILLESI;Longitudine;Latitudine;Confermato;Progressivo;TipoVeicolo;StatoVeicolo;TipoPersona;Sesso;Tipolesione;Deceduto;DecedutoDopo;CinturaCascoUtilizzato;Airbag;
5572484;13;03/09/2021 09:20:00;Strada Urbana;LUNGOMARE AMERIGO VESPUCCI;in corrispondenza;;del civico n.;12;;Scontro frontale/laterale DX fra veicoli in marcia;Rettilineo;Una carreggiata a senso unico di marcia;Asciutto;Asfaltata;Verticale ed orizzontale;Nuvoloso;Normale;Buona;;1;0;0;1;12.3366;41.7063;-1;2;Velocipede;In marcia / fermata / arresto;Conducente;M;Rimandato;0;NON DECEDUTO;Esente;
5572490;17;03/09/2021 00:30:00;Strada Urbana;LUNGOTEVERE DELLA VITTORIA;da specificare;;;;fronte via F. Rismondi;Veicolo in marcia contro veicolo in sosta;Rettilineo;Una carreggiata a doppio senso;Asciutto;Asfaltata;Verticale ed orizzontale;Sereno;Scarso;Buona;;0;0;0;2;12.4619;41.9227;-1;1;Autovettura privata;In marcia / fermata / arresto;Conducente;M;Illeso;0;;;
5572490;17;03/09/2021 00:30:00;Strada Urbana;LUNGOTEVERE DELLA VITTORIA;da specificare;;;;fronte via F. Rismondi;Veicolo in marcia contro veicolo in sosta;Rettilineo;Una carreggiata a doppio senso;Asciutto;Asfaltata;Verticale ed orizzontale;Sereno;Scarso;Buona;;0;0;0;2;12.4619;41.9227;-1;1;Autovettura privata;In marcia / fermata / arresto;Passeggero;M;Illeso;0;;Non accertato;
5572490;17;03/09/2021 00:30:00;Strada Urbana;LUNGOTEVERE DELLA VITTORIA;da specificare;;;;fronte via F. Rismondi;Veicolo in marcia contro veicolo in sosta;Rettilineo;Una carreggiata a doppio senso;Asciutto;Asfaltata;Verticale ed orizzontale;Sereno;Scarso;Buona;;0;0;0;2;12.4619;41.9227;-1;2;Monopattino elettrico;Sosta;;;;;;;
5572490;17;03/09/2021 00:30:00;Strada Urbana;LUNGOTEVERE DELLA VITTORIA;da specificare;;;;fronte via F. Rismondi;Veicolo in marcia contro veicolo in sosta;Rettilineo;Una carreggiata a doppio senso;Asciutto;Asfaltata;Verticale ed orizzontale;Sereno;Scarso;Buona;;0;0;0;2;12.4619;41.9227;-1;4;Bicicletta elettrica;Sosta;;;;;;;
5572504;3;02/09/2021 09:30:00;Strada Urbana;CIRCONVALLAZIONE TIBURTINA;da specificare;;;;dir. San Giovanni altezza Sacrario Militare;Veicolo in marcia contro ostacolo accidentale;Rettilineo;Due carreggiate;Asciutto;Asfaltata;Verticale ed orizzontale;Sereno;Normale;Buona;;0;0;0;1;12.5281;41.8995;-1;1;Autovettura privata;In marcia / fermata / arresto;Conducente;M;Illeso;0;;;
5572510;3;02/09/2021 17:00:00;Strada Urbana;VIA DELLA LEGA LOMBARDA;all'intersezione semaforizzata con;VIA GIANO DELLA BELLA;VIA GIANO DELLA BELLA;;;Scontro laterale fra veicoli in marcia;Intersezione semaforizzata;Due carreggiate;Asciutto;Asfaltata;Verticale ed orizzontale;Sereno;Normale;Sufficiente;;0;0;0;2;12.5234;41.9089;-1;1;Autovettura privata;In marcia / fermata / arresto;Conducente;M;Illeso;0;;Non accertato;Inesploso
5572510;3;02/09/2021 17:00:00;Strada Urbana;VIA DELLA LEGA LOMBARDA;all'intersezione semaforizzata con;VIA GIANO DELLA BELLA;VIA GIANO DELLA BELLA;;;Scontro laterale fra veicoli in marcia;Intersezione semaforizzata;Due carreggiate;Asciutto;Asfaltata;Verticale ed orizzontale;Sereno;Normale;Sufficiente;;0;0;0;2;12.5234;41.9089;-1;2;Autovettura privata;In marcia / fermata / arresto;Conducente;F;Illeso;0;;Non accertato;Inesploso
5572540;3;02/09/2021 12:40:00;Strada Urbana;VIA NOMENTANA;all'intersezione semaforizzata con;VIA ALESSANDRO TORLONIA;VIA ALESSANDRO TORLONIA;;;Scontro laterale fra veicoli in marcia;Intersezione semaforizzata;Pi� di due carreggiate;Asciutto;Asfaltata;Verticale ed orizzontale;Sereno;Normale;Buona;;0;0;0;3;12.5116;41.9162;-1;1;Autoveicolo trasp.promisc.;In marcia / fermata / arresto;Conducente;M;Illeso;0;;Non accertato;Inesploso
5572540;3;02/09/2021 12:40:00;Strada Urbana;VIA NOMENTANA;all'intersezione semaforizzata con;VIA ALESSANDRO TORLONIA;VIA ALESSANDRO TORLONIA;;;Scontro laterale fra veicoli in marcia;Intersezione semaforizzata;Pi� di due carreggiate;Asciutto;Asfaltata;Verticale ed orizzontale;Sereno;Normale;Buona;;0;0;0;3;12.5116;41.9162;-1;2;Autovettura privata;In marcia / fermata / arresto;Conducente;M;Illeso;0;;Non accertato;Inesploso
5572540;3;02/09/2021 12:40:00;Strada Urbana;VIA NOMENTANA;all'intersezione semaforizzata con;VIA ALESSANDRO TORLONIA;VIA ALESSANDRO TORLONIA;;;Scontro laterale fra veicoli in marcia;Intersezione semaforizzata;Pi� di due carreggiate;Asciutto;Asfaltata;Verticale ed orizzontale;Sereno;Normale;Buona;;0;0;0;3;12.5116;41.9162;-1;3;Autovettura privata;In marcia / fermata / arresto;Conducente;F;Illeso;0;;Non accertato;Inesploso
5572541;15;03/09/2021 09:15:00;Strada Urbana;VIA DELL'IMBRECCIATO;da specificare;;;;fronte civico 242;Veicolo in marcia contro veicolo in sosta;Curva a visuale libera;Una carreggiata a doppio senso;Asciutto;Asfaltata;Verticale;Nuvoloso;Scarso;Buona;;0;0;0;1;12.4461;41.8487;-1;1;Autovettura privata;In marcia / fermata / arresto;Conducente;F;Illeso;0;;Non accertato;Inesploso
5572541;15;03/09/2021 09:15:00;Strada Urbana;VIA DELL'IMBRECCIATO;da specificare;;;;fronte civico 242;Veicolo in marcia contro veicolo in sosta;Curva a visuale libera;Una carreggiata a doppio senso;Asciutto;Asfaltata;Verticale;Nuvoloso;Scarso;Buona;;0;0;0;1;12.4461;41.8487;-1;2;Autovettura privata;Sosta;;;;;;;
5572635;1;03/09/2021 09:00:00;Strada Urbana;PIAZZA D'ARACOELI;in prossimit�;;del civico n.;3;;Infortunio per sola frenata improvvisa;Rotatoria;Una carreggiata a senso unico di marcia;Asciutto;In cubetti di porfido;Verticale ed orizzontale;Sereno;Normale;Buona;;1;0;0;2;12.4811;41.8948;-1;1;Macchina operatrice;In marcia / fermata / arresto;Conducente;M;Illeso;0;;;
5572635;1;03/09/2021 09:00:00;Strada Urbana;PIAZZA D'ARACOELI;in prossimit�;;del civico n.;3;;Infortunio per sola frenata improvvisa;Rotatoria;Una carreggiata a senso unico di marcia;Asciutto;In cubetti di porfido;Verticale ed orizzontale;Sereno;Normale;Buona;;1;0;0;2;12.4811;41.8948;-1;1;Macchina operatrice;In marcia / fermata / arresto;Passeggero;M;Illeso;0;;;
5572635;1;03/09/2021 09:00:00;Strada Urbana;PIAZZA D'ARACOELI;in prossimit�;;del civico n.;3;;Infortunio per sola frenata improvvisa;Rotatoria;Una carreggiata a senso unico di marcia;Asciutto;In cubetti di porfido;Verticale ed orizzontale;Sereno;Normale;Buona;;1;0;0;2;12.4811;41.8948;-1;2;Motociclo a solo;In marcia / fermata / arresto;Conducente;M;Rifiuta cure immediate;0;NON DECEDUTO;;
5572647;1;03/09/2021 08:45:00;Strada Urbana;PIAZZA VITTORIO EMANUELE II;all'intersezione con;VIA RICASOLI;VIA RICASOLI;;;Investimento di pedone;Incrocio;Due carreggiate;Asciutto;Asfaltata;Verticale ed orizzontale;Nuvoloso;Normale;Buona;;1;0;0;1;12.5054;41.8949;-1;;;;Pedone;M;Rifiuta cure immediate;0;NON DECEDUTO;;
5572647;1;03/09/2021 08:45:00;Strada Urbana;PIAZZA VITTORIO EMANUELE II;all'intersezione con;VIA RICASOLI;VIA RICASOLI;;;Investimento di pedone;Incrocio;Due carreggiate;Asciutto;Asfaltata;Verticale ed orizzontale;Nuvoloso;Normale;Buona;;1;0;0;1;12.5054;41.8949;-1;1;Autovettura pubblica;In marcia / fermata / arresto;Conducente;M;Illeso;0;;;
5572651;1;03/09/2021 10:20:00;Strada Urbana;PIAZZALE OSTIENSE;all'intersezione semaforizzata con;VIA RAFFAELE PERSICHETTI;VIA RAFFAELE PERSICHETTI;;;Scontro frontale/laterale DX fra veicoli in marcia;Intersezione semaforizzata;Due carreggiate;Asciutto;Asfaltata;Verticale ed orizzontale;Nuvoloso;Normale;Buona;;0;0;0;2;12.4818;41.8763;-1;1;Autovettura pubblica;In marcia / fermata / arresto;Conducente;M;Illeso;0;;Non accertato;Inesploso
5572651;1;03/09/2021 10:20:00;Strada Urbana;PIAZZALE OSTIENSE;all'intersezione semaforizzata con;VIA RAFFAELE PERSICHETTI;VIA RAFFAELE PERSICHETTI;;;Scontro frontale/laterale DX fra veicoli in marcia;Intersezione semaforizzata;Due carreggiate;Asciutto;Asfaltata;Verticale ed orizzontale;Nuvoloso;Normale;Buona;;0;0;0;2;12.4818;41.8763;-1;2;Autovettura di polizia;In marcia / fermata / arresto;Conducente;F;Illeso;0;;Non accertato;Inesploso
5572716;9;03/09/2021 12:00:00;;VIA TUSCOLANA;in prossimit�;;del civico n.;325;;Tamponamento;;;;;;;;;;0;0;0;2;12.5277;41.8758;0;1;Autovettura privata;In marcia / fermata / arresto;Conducente;M;Illeso;0;;Non accertato;Inesploso
5572716;9;03/09/2021 12:00:00;;VIA TUSCOLANA;in prossimit�;;del civico n.;325;;Tamponamento;;;;;;;;;;0;0;0;2;12.5277;41.8758;0;2;Autovettura privata;In marcia / fermata / arresto;Conducente;M;Illeso;0;;Non accertato;Inesploso
5572734;12;03/09/2021 07:55:00;Strada Urbana;VIALE BARTOLOMEO CAVACEPPI;da specificare;;;;dir. galleppini prox palo acea 13;Scontro laterale fra veicoli in marcia;Rettilineo;Due carreggiate;Asciutto;Asfaltata;Verticale ed orizzontale;Sereno;Normale;Buona;;1;0;0;0;12.4308;41.7971;-1;1;Motociclo a solo;In marcia / fermata / arresto;Conducente;F;Rimandato;0;NON DECEDUTO;Non accertato;
5572734;12;03/09/2021 07:55:00;Strada Urbana;VIALE BARTOLOMEO CAVACEPPI;da specificare;;;;dir. galleppini prox palo acea 13;Scontro laterale fra veicoli in marcia;Rettilineo;Due carreggiate;Asciutto;Asfaltata;Verticale ed orizzontale;Sereno;Normale;Buona;;1;0;0;0;12.4308;41.7971;-1;2;Autovettura privata;Allontanatosi;;;;;;;
5572735;2;03/09/2021 07:10:00;Strada Urbana;VIALE ERITREA;all'intersezione semaforizzata con;VIA LAGO DI LESINA;VIA LAGO DI LESINA;;;Scontro frontale/laterale DX fra veicoli in marcia;Intersezione semaforizzata;Due carreggiate;Asciutto;Asfaltata;Verticale ed orizzontale;Nuvoloso;Normale;Buona;;2;0;0;1;12.5157;41.9263;-1;1;Ciclomotore con passeggero;In marcia / fermata / arresto;Conducente;M;Rimandato;0;NON DECEDUTO;Non accertato;
5572735;2;03/09/2021 07:10:00;Strada Urbana;VIALE ERITREA;all'intersezione semaforizzata con;VIA LAGO DI LESINA;VIA LAGO DI LESINA;;;Scontro frontale/laterale DX fra veicoli in marcia;Intersezione semaforizzata;Due carreggiate;Asciutto;Asfaltata;Verticale ed orizzontale;Nuvoloso;Normale;Buona;;2;0;0;1;12.5157;41.9263;-1;1;Ciclomotore con passeggero;In marcia / fermata / arresto;Passeggero;F;Illeso;0;;Non accertato;
5572735;2;03/09/2021 07:10:00;Strada Urbana;VIALE ERITREA;all'intersezione semaforizzata con;VIA LAGO DI LESINA;VIA LAGO DI LESINA;;;Scontro frontale/laterale DX fra veicoli in marcia;Intersezione semaforizzata;Due carreggiate;Asciutto;Asfaltata;Verticale ed orizzontale;Nuvoloso;Normale;Buona;;2;0;0;1;12.5157;41.9263;-1;2;Monopattino elettrico;In marcia / fermata / arresto;Conducente;M;Ricoverato;0;NON DECEDUTO;Non accertato;
5572746;18;03/09/2021 11:30:00;Strada Urbana;VIA TROFARELLO;all'intersezione con;VIA ROCCABRUNA;VIA ROCCABRUNA;;;Scontro laterale fra veicoli in marcia;Incrocio;Una carreggiata a senso unico di marcia;Asciutto;Asfaltata;Verticale;Nuvoloso;Normale;Buona;;1;0;0;2;12.3667;41.9138;-1;1;Autocarro superiore 35 q.;In marcia / fermata / arresto;Conducente;M;Illeso;0;;Non accertato;Inesploso
5572746;18;03/09/2021 11:30:00;Strada Urbana;VIA TROFARELLO;all'intersezione con;VIA ROCCABRUNA;VIA ROCCABRUNA;;;Scontro laterale fra veicoli in marcia;Incrocio;Una carreggiata a senso unico di marcia;Asciutto;Asfaltata;Verticale;Nuvoloso;Normale;Buona;;1;0;0;2;12.3667;41.9138;-1;1;Autocarro superiore 35 q.;In marcia / fermata / arresto;Passeggero;M;Illeso;0;;Non accertato;Inesploso
5572746;18;03/09/2021 11:30:00;Strada Urbana;VIA TROFARELLO;all'intersezione con;VIA ROCCABRUNA;VIA ROCCABRUNA;;;Scontro laterale fra veicoli in marcia;Incrocio;Una carreggiata a senso unico di marcia;Asciutto;Asfaltata;Verticale;Nuvoloso;Normale;Buona;;1;0;0;2;12.3667;41.9138;-1;2;Autovettura privata;In marcia / fermata / arresto;Conducente;F;Rimandato;0;NON DECEDUTO;Non accertato;Inesploso
5572821;16;02/09/2021 15:25:00;;VIA DI DONNA OLIMPIA;in prossimit�;;del civico n.;270;;Tamponamento;;;;;;;;;;0;0;0;1;12.4568;41.8737;0;1;Autovettura privata;In marcia / fermata / arresto;Conducente;M;Illeso;0;;;
5572821;16;02/09/2021 15:25:00;;VIA DI DONNA OLIMPIA;in prossimit�;;del civico n.;270;;Tamponamento;;;;;;;;;;0;0;0;1;12.4568;41.8737;0;2;Autovettura pubblica;Sosta;;;;;;;
5572833;16;02/09/2021 17:45:00;Strada Urbana;CIRCONVALLAZIONE GIANICOLENSE;da specificare;;;;direz. p.za S. G. di Dio alt. capolinea 8;Tamponamento;Curva senza visuale libera;Una carreggiata a senso unico di marcia;Asciutto;Asfaltata;Verticale ed orizzontale;Sereno;Normale;Buona;;0;0;0;4;12.4496;41.8725;-1;1;Autovettura privata;In marcia / fermata / arresto;Conducente;M;Illeso;0;;Non accertato;Inesploso
5572833;16;02/09/2021 17:45:00;Strada Urbana;CIRCONVALLAZIONE GIANICOLENSE;da specificare;;;;direz. p.za S. G. di Dio alt. capolinea 8;Tamponamento;Curva senza visuale libera;Una carreggiata a senso unico di marcia;Asciutto;Asfaltata;Verticale ed orizzontale;Sereno;Normale;Buona;;0;0;0;4;12.4496;41.8725;-1;1;Autovettura privata;In marcia / fermata / arresto;Passeggero;F;Illeso;0;;Non accertato;Inesploso
5572833;16;02/09/2021 17:45:00;Strada Urbana;CIRCONVALLAZIONE GIANICOLENSE;da specificare;;;;direz. p.za S. G. di Dio alt. capolinea 8;Tamponamento;Curva senza visuale libera;Una carreggiata a senso unico di marcia;Asciutto;Asfaltata;Verticale ed orizzontale;Sereno;Normale;Buona;;0;0;0;4;12.4496;41.8725;-1;2;Autovettura privata;In marcia / fermata / arresto;Conducente;M;Illeso;0;;Non accertato;Inesploso
5572833;16;02/09/2021 17:45:00;Strada Urbana;CIRCONVALLAZIONE GIANICOLENSE;da specificare;;;;direz. p.za S. G. di Dio alt. capolinea 8;Tamponamento;Curva senza visuale libera;Una carreggiata a senso unico di marcia;Asciutto;Asfaltata;Verticale ed orizzontale;Sereno;Normale;Buona;;0;0;0;4;12.4496;41.8725;-1;2;Autovettura privata;In marcia / fermata / arresto;Passeggero;M;Illeso;0;;Non accertato;Inesploso
5572843;16;02/09/2021 18:20:00;Strada Urbana;VIA FRANCESCO DURANTE;all'intersezione con;VIA DI MONTE VERDE;VIA DI MONTE VERDE;;;Tamponamento;Intersezione stradale segnalata;Una carreggiata a doppio senso;Asciutto;Asfaltata;Verticale ed orizzontale;Sereno;Normale;Buona;;0;0;0;3;12.4415;41.8687;-1;1;Autovettura privata;In marcia / fermata / arresto;Conducente;M;Illeso;0;;Non accertato;Inesploso
5572843;16;02/09/2021 18:20:00;Strada Urbana;VIA FRANCESCO DURANTE;all'intersezione con;VIA DI MONTE VERDE;VIA DI MONTE VERDE;;;Tamponamento;Intersezione stradale segnalata;Una carreggiata a doppio senso;Asciutto;Asfaltata;Verticale ed orizzontale;Sereno;Normale;Buona;;0;0;0;3;12.4415;41.8687;-1;2;Autovettura privata;In marcia / fermata / arresto;Conducente;M;Illeso;0;;Non accertato;Inesploso
5572843;16;02/09/2021 18:20:00;Strada Urbana;VIA FRANCESCO DURANTE;all'intersezione con;VIA DI MONTE VERDE;VIA DI MONTE VERDE;;;Tamponamento;Intersezione stradale segnalata;Una carreggiata a doppio senso;Asciutto;Asfaltata;Verticale ed orizzontale;Sereno;Normale;Buona;;0;0;0;3;12.4415;41.8687;-1;2;Autovettura privata;In marcia / fermata / arresto;Passeggero;F;Illeso;0;;Non accertato;Inesploso
5572862;16;02/09/2021 20:40:00;Strada Urbana;VIA DI S. PANCRAZIO;in prossimit�;;del civico n.;15/A;;Infortunio per sola frenata improvvisa;Rettilineo;Una carreggiata a doppio senso;Asciutto;Asfaltata;Assente;Sereno;Normale;Sufficiente;;2;0;0;0;12.4581;41.8867;-1;1;Ciclomotore con passeggero;In marcia / fermata / arresto;Conducente;M;Rimandato;0;NON DECEDUTO;Non accertato;
5572862;16;02/09/2021 20:40:00;Strada Urbana;VIA DI S. PANCRAZIO;in prossimit�;;del civico n.;15/A;;Infortunio per sola frenata improvvisa;Rettilineo;Una carreggiata a doppio senso;Asciutto;Asfaltata;Assente;Sereno;Normale;Sufficiente;;2;0;0;0;12.4581;41.8867;-1;1;Ciclomotore con passeggero;In marcia / fermata / arresto;Passeggero;M;Rimandato;0;NON DECEDUTO;Non accertato;
5572879;10;03/09/2021 16:15:00;Strada Urbana;VIA CARLO FADDA;all'intersezione con;VIA FILIPPO SERAFINI;VIA FILIPPO SERAFINI;;;Scontro frontale/laterale DX fra veicoli in marcia;Intersezione stradale segnalata;Una carreggiata a senso unico di marcia;Asciutto;Asfaltata;Verticale ed orizzontale;Sereno;Normale;Buona;;0;0;0;3;12.5714;41.8613;-1;1;Autovettura privata;In marcia / fermata / arresto;Conducente;F;Illeso;0;;Non accertato;Esploso
5572879;10;03/09/2021 16:15:00;Strada Urbana;VIA CARLO FADDA;all'intersezione con;VIA FILIPPO SERAFINI;VIA FILIPPO SERAFINI;;;Scontro frontale/laterale DX fra veicoli in marcia;Intersezione stradale segnalata;Una carreggiata a senso unico di marcia;Asciutto;Asfaltata;Verticale ed orizzontale;Sereno;Normale;Buona;;0;0;0;3;12.5714;41.8613;-1;2;Autovettura di soccorso;In marcia / fermata / arresto;Conducente;M;Illeso;0;;Non accertato;Inesploso
5572879;10;03/09/2021 16:15:00;Strada Urbana;VIA CARLO FADDA;all'intersezione con;VIA FILIPPO SERAFINI;VIA FILIPPO SERAFINI;;;Scontro frontale/laterale DX fra veicoli in marcia;Intersezione stradale segnalata;Una carreggiata a senso unico di marcia;Asciutto;Asfaltata;Verticale ed orizzontale;Sereno;Normale;Buona;;0;0;0;3;12.5714;41.8613;-1;2;Autovettura di soccorso;In marcia / fermata / arresto;Passeggero;M;Illeso;0;;Non accertato;Inesploso
5572879;10;03/09/2021 16:15:00;Strada Urbana;VIA CARLO FADDA;all'intersezione con;VIA FILIPPO SERAFINI;VIA FILIPPO SERAFINI;;;Scontro frontale/laterale DX fra veicoli in marcia;Intersezione stradale segnalata;Una carreggiata a senso unico di marcia;Asciutto;Asfaltata;Verticale ed orizzontale;Sereno;Normale;Buona;;0;0;0;3;12.5714;41.8613;-1;3;Autovettura privata;Sosta;;;;;;;
5572926;6;03/09/2021 09:00:00;Strada Urbana;PIAZZA DEL PIGNETO;in corrispondenza;;del civico n.;1;;Veicolo in marcia contro veicolo in sosta;Rettilineo;Una carreggiata a senso unico di marcia;Asciutto;Asfaltata;Verticale ed orizzontale;Sereno;Normale;Buona;;0;0;0;1;12.5231;41.8899;-1;1;Autovettura privata;Sosta;;;;;;;
5572926;6;03/09/2021 09:00:00;Strada Urbana;PIAZZA DEL PIGNETO;in corrispondenza;;del civico n.;1;;Veicolo in marcia contro veicolo in sosta;Rettilineo;Una carreggiata a senso unico di marcia;Asciutto;Asfaltata;Verticale ed orizzontale;Sereno;Normale;Buona;;0;0;0;1;12.5231;41.8899;-1;2;Autovettura privata;In marcia / fermata / arresto;Conducente;F;Illeso;0;;Non accertato;Inesploso
5572964;6;03/09/2021 14:00:00;Strada Urbana;CIRCONVALLAZIONE CASILINA;in corrispondenza;;del civico n.;165;;Scontro laterale fra veicoli in marcia;Rettilineo;Una carreggiata a senso unico di marcia;Asciutto;Asfaltata;Orizzontale;Sereno;Scarso;Buona;;1;0;0;1;12.5278;41.8865;-1;1;Autovettura privata;In marcia / fermata / arresto;Conducente;M;Illeso;0;;Non accertato;Inesploso
5572964;6;03/09/2021 14:00:00;Strada Urbana;CIRCONVALLAZIONE CASILINA;in corrispondenza;;del civico n.;165;;Scontro laterale fra veicoli in marcia;Rettilineo;Una carreggiata a senso unico di marcia;Asciutto;Asfaltata;Orizzontale;Sereno;Scarso;Buona;;1;0;0;1;12.5278;41.8865;-1;2;Motociclo a solo;In marcia / fermata / arresto;Conducente;M;Rimandato;0;NON DECEDUTO;Non accertato;
5572992;12;03/09/2021 15:15:00;Strada Urbana;VIALE DELL'OCEANO INDIANO;da specificare;;;;fronte civico 112;Fuoriuscita dalla sede stradale;Rettilineo;Una carreggiata a doppio senso;Asciutto;Asfaltata;Verticale ed orizzontale;Sereno;Normale;Buona;;2;0;0;0;12.4462;41.8228;-1;1;Autovettura privata;In marcia / fermata / arresto;Conducente;M;Rimandato;0;NON DECEDUTO;Non accertato;Inesploso
5572992;12;03/09/2021 15:15:00;Strada Urbana;VIALE DELL'OCEANO INDIANO;da specificare;;;;fronte civico 112;Fuoriuscita dalla sede stradale;Rettilineo;Una carreggiata a doppio senso;Asciutto;Asfaltata;Verticale ed orizzontale;Sereno;Normale;Buona;;2;0;0;0;12.4462;41.8228;-1;1;Autovettura privata;In marcia / fermata / arresto;Passeggero;F;Rifiuta cure immediate;0;NON DECEDUTO;Non accertato;Inesploso
5573014;17;03/09/2021 14:00:00;Strada Urbana;VIA FRANCESCO CARACCIOLO;all'intersezione con;VIA RUGGERO DI LAURIA;VIA RUGGERO DI LAURIA;;;Scontro frontale/laterale SX fra veicoli in marcia;Incrocio;Una carreggiata a senso unico di marcia;Asciutto;Asfaltata;Verticale ed orizzontale;Sereno;Normale;Buona;;2;0;0;2;12.4505;41.9084;-1;1;Autovettura privata;In marcia / fermata / arresto;Conducente;M;Rimandato;0;NON DECEDUTO;Non accertato;Inesploso
5573014;17;03/09/2021 14:00:00;Strada Urbana;VIA FRANCESCO CARACCIOLO;all'intersezione con;VIA RUGGERO DI LAURIA;VIA RUGGERO DI LAURIA;;;Scontro frontale/laterale SX fra veicoli in marcia;Incrocio;Una carreggiata a senso unico di marcia;Asciutto;Asfaltata;Verticale ed orizzontale;Sereno;Normale;Buona;;2;0;0;2;12.4505;41.9084;-1;1;Autovettura privata;In marcia / fermata / arresto;Passeggero;M;Rimandato;0;NON DECEDUTO;Non accertato;Inesploso
5573014;17;03/09/2021 14:00:00;Strada Urbana;VIA FRANCESCO CARACCIOLO;all'intersezione con;VIA RUGGERO DI LAURIA;VIA RUGGERO DI LAURIA;;;Scontro frontale/laterale SX fra veicoli in marcia;Incrocio;Una carreggiata a senso unico di marcia;Asciutto;Asfaltata;Verticale ed orizzontale;Sereno;Normale;Buona;;2;0;0;2;12.4505;41.9084;-1;2;Autovettura privata;In marcia / fermata / arresto;Conducente;M;Illeso;0;;Non accertato;Inesploso
5573014;17;03/09/2021 14:00:00;Strada Urbana;VIA FRANCESCO CARACCIOLO;all'intersezione con;VIA RUGGERO DI LAURIA;VIA RUGGERO DI LAURIA;;;Scontro frontale/laterale SX fra veicoli in marcia;Incrocio;Una carreggiata a senso unico di marcia;Asciutto;Asfaltata;Verticale ed orizzontale;Sereno;Normale;Buona;;2;0;0;2;12.4505;41.9084;-1;2;Autovettura privata;In marcia / fermata / arresto;Passeggero;M;Illeso;0;;Non accertato;Inesploso
5573058;6;03/09/2021 18:30:00;Strada Urbana;VIA AVERSA;in corrispondenza;;del civico n.;51;;Veicolo in marcia contro veicolo in sosta;Rettilineo;Una carreggiata a doppio senso;Asciutto;Asfaltata;Verticale ed orizzontale;Sereno;Scarso;Buona;;0;0;0;1;12.544;41.8913;-1;1;Autovettura privata;In marcia / fermata / arresto;Conducente;F;Illeso;0;;Non accertato;Inesploso
5573058;6;03/09/2021 18:30:00;Strada Urbana;VIA AVERSA;in corrispondenza;;del civico n.;51;;Veicolo in marcia contro veicolo in sosta;Rettilineo;Una carreggiata a doppio senso;Asciutto;Asfaltata;Verticale ed orizzontale;Sereno;Scarso;Buona;;0;0;0;1;12.544;41.8913;-1;2;Autovettura privata;Sosta;;;;;;;
5573351;13;04/09/2021 01:00:00;Strada Urbana;LUNGOMARE PAOLO TOSCANELLI;da specificare;;;;fronte civico 104;Scontro laterale fra veicoli in marcia;Rettilineo;Una carreggiata a senso unico di marcia;Asciutto;Asfaltata;Verticale ed orizzontale;Sereno;Scarso;Sufficiente;;0;0;0;2;12.2749;41.7301;-1;1;Autovettura privata;In marcia / fermata / arresto;Conducente;M;Illeso;0;;Non accertato;Inesploso
5573351;13;04/09/2021 01:00:00;Strada Urbana;LUNGOMARE PAOLO TOSCANELLI;da specificare;;;;fronte civico 104;Scontro laterale fra veicoli in marcia;Rettilineo;Una carreggiata a senso unico di marcia;Asciutto;Asfaltata;Verticale ed orizzontale;Sereno;Scarso;Sufficiente;;0;0;0;2;12.2749;41.7301;-1;1;Autovettura privata;In marcia / fermata / arresto;Passeggero;M;Illeso;0;;Non accertato;Inesploso
5573351;13;04/09/2021 01:00:00;Strada Urbana;LUNGOMARE PAOLO TOSCANELLI;da specificare;;;;fronte civico 104;Scontro laterale fra veicoli in marcia;Rettilineo;Una carreggiata a senso unico di marcia;Asciutto;Asfaltata;Verticale ed orizzontale;Sereno;Scarso;Sufficiente;;0;0;0;2;12.2749;41.7301;-1;2;Autovettura privata;Allontanatosi;;;;;;;
5573405;11;03/09/2021 09:15:00;Strada Urbana;LARGO BEATO PLACIDO RICCARDI;all'intersezione con;VIA TESSALONICA;VIA TESSALONICA;;;Veicolo in marcia contro veicolo in sosta;Incrocio;Due carreggiate;Asciutto;Asfaltata;Verticale ed orizzontale;Nuvoloso;Scarso;Buona;;0;0;0;1;12.4765;41.8557;-1;1;Autocarro inferiore 35 q.;In marcia / fermata / arresto;Conducente;M;Illeso;0;;Non accertato;
5573405;11;03/09/2021 09:15:00;Strada Urbana;LARGO BEATO PLACIDO RICCARDI;all'intersezione con;VIA TESSALONICA;VIA TESSALONICA;;;Veicolo in marcia contro veicolo in sosta;Incrocio;Due carreggiate;Asciutto;Asfaltata;Verticale ed orizzontale;Nuvoloso;Scarso;Buona;;0;0;0;1;12.4765;41.8557;-1;2;Autovettura privata;Sosta;;;;;;;
5573417;11;03/09/2021 11:10:00;Strada Urbana;VIALE DEL TINTORETTO;in prossimit�;;del civico n.;360;;Scontro laterale fra veicoli in marcia;Rettilineo;Due carreggiate;Asciutto;Asfaltata;Verticale ed orizzontale;Sereno;Intenso;Buona;;0;0;0;2;12.4939;41.8334;-1;1;Autovettura privata;In marcia / fermata / arresto;Conducente;F;Illeso;0;;Non accertato;