Protocollo;Gruppo;DataOraIncidente;Localizzazione1;STRADA1;Localizzazione2;STRADA2;Strada02;Chilometrica;DaSpecificare;NaturaIncidente;particolaritastrade;TipoStrada;FondoStradale;Pavimentazione;Segnaletica;CondizioneAtmosferica;Traffico;Visibilita;Illuminazione;NUM_FERITI;NUM_RISERVATA;NUM_MORTI;NUM_ILLESI;Longitudine;Latitudine;Confermato;Progressivo;TipoVeicolo;StatoVeicolo;TipoPersona;Sesso;Tipolesione;Deceduto;DecedutoDopo;CinturaCascoUtilizzato;Airbag;
5573703;10;03/09/2021 16:00:00;Strada Urbana;CIRCONVALLAZIONE ORIENTALE;da specificare;;;;rampa uscita dal G.R.A. n. 21 dir. via CASILINA;Tamponamento Multiplo;Curva a visuale libera;Una carreggiata a senso unico di marcia;Asciutto;Asfaltata;Verticale ed orizzontale;Sereno;Normale;Buona;;1;0;0;2;12.5918;41.8403;-1;2;Autovettura privata;In marcia / fermata / arresto;Conducente;M;Illeso;0;;Non accertato;Inesploso
5573703;10;03/09/2021 16:00:00;Strada Urbana;CIRCONVALLAZIONE ORIENTALE;da specificare;;;;rampa uscita dal G.R.A. n. 21 dir. via CASILINA;Tamponamento Multiplo;Curva a visuale libera;Una carreggiata a senso unico di marcia;Asciutto;Asfaltata;Verticale ed orizzontale;Sereno;Normale;Buona;;1;0;0;2;12.5918;41.8403;-1;3;Autovettura privata;In marcia / fermata / arresto;Conducente;F;Rimandato;0;NON DECEDUTO;Non accertato;Inesploso
5573718;1;03/09/2021 15:45:00;Strada Urbana;VIA DEI BANCHI VECCHI;all'intersezione con;VICOLO DELLE PALLE;VICOLO DELLE PALLE;;;Infortunio per sola frenata improvvisa;Incrocio;Una carreggiata a senso unico di marcia;Asciutto;Asfaltata;Assente;Sereno;Scarso;Buona;;2;0;0;1;12.4666;41.8992;-1;1;Autovettura privata;In marcia / fermata / arresto;Conducente;M;Illeso;0;;Non accertato;Inesploso
5573718;1;03/09/2021 15:45:00;Strada Urbana;VIA DEI BANCHI VECCHI;all'intersezione con;VICOLO DELLE PALLE;VICOLO DELLE PALLE;;;Infortunio per sola frenata improvvisa;Incrocio;Una carreggiata a senso unico di marcia;Asciutto;Asfaltata;Assente;Sereno;Scarso;Buona;;2;0;0;1;12.4666;41.8992;-1;2;Motociclo con passeggero;In marcia / fermata / arresto;Conducente;M;Rimandato;0;NON DECEDUTO;Non accertato;
5573718;1;03/09/2021 15:45:00;Strada Urbana;VIA DEI BANCHI VECCHI;all'intersezione con;VICOLO DELLE PALLE;VICOLO DELLE PALLE;;;Infortunio per sola frenata improvvisa;Incrocio;Una carreggiata a senso unico di marcia;Asciutto;Asfaltata;Assente;Sereno;Scarso;Buona;;2;0;0;1;12.4666;41.8992;-1;2;Motociclo con passeggero;In marcia / fermata / arresto;Passeggero;F;Rimandato;0;NON DECEDUTO;Non accertato;
5573723;10;03/09/2021 16:35:00;Strada Urbana;VIA PIETRO MARCHISIO;all'intersezione con;VIA STEFANO OBERTO;VIA STEFANO OBERTO;;;Scontro frontale/laterale SX fra veicoli in marcia;Incrocio;Una carreggiata a doppio senso;Asciutto;Asfaltata;Verticale ed orizzontale;Sereno;Normale;Buona;;0;0;0;2;12.5866;41.8501;-1;1;Autovettura privata;In marcia / fermata / arresto;Conducente;M;Illeso;0;;Non accertato;Inesploso
5573723;10;03/09/2021 16:35:00;Strada Urbana;VIA PIETRO MARCHISIO;all'intersezione con;VIA STEFANO OBERTO;VIA STEFANO OBERTO;;;Scontro frontale/laterale SX fra veicoli in marcia;Incrocio;Una carreggiata a doppio senso;Asciutto;Asfaltata;Verticale ed orizzontale;Sereno;Normale;Buona;;0;0;0;2;12.5866;41.8501;-1;2;Autovettura privata;In marcia / fermata / arresto;Conducente;F;Illeso;0;;Non accertato;Esploso
5573738;1;04/09/2021 07:00:00;Strada Urbana;VIA PRINCIPE EUGENIO;all'intersezione con;VIA BIXIO;VIA BIXIO;;;Scontro frontale/laterale DX fra veicoli in marcia;Incrocio;Una carreggiata a doppio senso;Asciutto;Asfaltata;Assente;Sereno;Scarso;Buona;;1;0;0;1;12.508;41.8937;-1;1;Autovettura privata;In marcia / fermata / arresto;Conducente;M;Illeso;0;;;
5573738;1;04/09/2021 07:00:00;Strada Urbana;VIA PRINCIPE EUGENIO;all'intersezione con;VIA BIXIO;VIA BIXIO;;;Scontro frontale/laterale DX fra veicoli in marcia;Incrocio;Una carreggiata a doppio senso;Asciutto;Asfaltata;Assente;Sereno;Scarso;Buona;;1;0;0;1;12.508;41.8937;-1;2;Motociclo a solo;In marcia / fermata / arresto;Conducente;M;Rimandato;0;NON DECEDUTO;Non accertato;
5573739;10;04/09/2021 04:30:00;Strada Urbana;VIA TUSCOLANA;in corrispondenza;;del civico n.;522;;Veicolo in marcia contro veicoli in sosta;Rettilineo;Due carreggiate;Asciutto;Asfaltata;Verticale ed orizzontale;Sereno;Scarso;Sufficiente;;2;0;0;1;12.5361;41.8701;-1;1;Autovettura di polizia;In marcia / fermata / arresto;Conducente;M;Rimandato;0;NON DECEDUTO;Non accertato;Inesploso
5573739;10;04/09/2021 04:30:00;Strada Urbana;VIA TUSCOLANA;in corrispondenza;;del civico n.;522;;Veicolo in marcia contro veicoli in sosta;Rettilineo;Due carreggiate;Asciutto;Asfaltata;Verticale ed orizzontale;Sereno;Scarso;Sufficiente;;2;0;0;1;12.5361;41.8701;-1;1;Autovettura di polizia;In marcia / fermata / arresto;Passeggero;M;Rimandato;0;NON DECEDUTO;Non accertato;Inesploso
5573739;10;04/09/2021 04:30:00;Strada Urbana;VIA TUSCOLANA;in corrispondenza;;del civico n.;522;;Veicolo in marcia contro veicoli in sosta;Rettilineo;Due carreggiate;Asciutto;Asfaltata;Verticale ed orizzontale;Sereno;Scarso;Sufficiente;;2;0;0;1;12.5361;41.8701;-1;2;Autovettura privata;Sosta;;;;;;;
5573739;10;04/09/2021 04:30:00;Strada Urbana;VIA TUSCOLANA;in corrispondenza;;del civico n.;522;;Veicolo in marcia contro veicoli in sosta;Rettilineo;Due carreggiate;Asciutto;Asfaltata;Verticale ed orizzontale;Sereno;Scarso;Sufficiente;;2;0;0;1;12.5361;41.8701;-1;3;Autovettura privata;Sosta;;;;;;;
5573739;10;04/09/2021 04:30:00;Strada Urbana;VIA TUSCOLANA;in corrispondenza;;del civico n.;522;;Veicolo in marcia contro veicoli in sosta;Rettilineo;Due carreggiate;Asciutto;Asfaltata;Verticale ed orizzontale;Sereno;Scarso;Sufficiente;;2;0;0;1;12.5361;41.8701;-1;4;Autovettura privata;Sosta;;;;;;;
5573739;10;04/09/2021 04:30:00;Strada Urbana;VIA TUSCOLANA;in corrispondenza;;del civico n.;522;;Veicolo in marcia contro veicoli in sosta;Rettilineo;Due carreggiate;Asciutto;Asfaltata;Verticale ed orizzontale;Sereno;Scarso;Sufficiente;;2;0;0;1;12.5361;41.8701;-1;5;Autocarro inferiore 35 q.;Sosta;;;;;;;
5573739;10;04/09/2021 04:30:00;Strada Urbana;VIA TUSCOLANA;in corrispondenza;;del civico n.;522;;Veicolo in marcia contro veicoli in sosta;Rettilineo;Due carreggiate;Asciutto;Asfaltata;Verticale ed orizzontale;Sereno;Scarso;Sufficiente;;2;0;0;1;12.5361;41.8701;-1;6;Autovettura privata;In marcia / fermata / arresto;Conducente;F;Illeso;0;;Non accertato;Inesploso
5573780;1;03/09/2021 21:45:00;Strada Urbana;VIA DEL CORSO;all'intersezione con;VIA VITTORIA;VIA VITTORIA;;;Scontro frontale/laterale SX fra veicoli in marcia;Intersezione non regolata/non segnalata;Una carreggiata a senso unico di marcia;Asciutto;Asfaltata;Verticale ed orizzontale;Sereno;Normale;Buona;;1;0;0;2;;;0;1;Autovettura privata;In marcia / fermata / arresto;Conducente;M;Illeso;0;;;
5573780;1;03/09/2021 21:45:00;Strada Urbana;VIA DEL CORSO;all'intersezione con;VIA VITTORIA;VIA VITTORIA;;;Scontro frontale/laterale SX fra veicoli in marcia;Intersezione non regolata/non segnalata;Una carreggiata a senso unico di marcia;Asciutto;Asfaltata;Verticale ed orizzontale;Sereno;Normale;Buona;;1;0;0;2;;;0;1;Autovettura privata;In marcia / fermata / arresto;Passeggero;F;Illeso;0;;;
5573780;1;03/09/2021 21:45:00;Strada Urbana;VIA DEL CORSO;all'intersezione con;VIA VITTORIA;VIA VITTORIA;;;Scontro frontale/laterale SX fra veicoli in marcia;Intersezione non regolata/non segnalata;Una carreggiata a senso unico di marcia;Asciutto;Asfaltata;Verticale ed orizzontale;Sereno;Normale;Buona;;1;0;0;2;;;0;2;Monopattino elettrico;In marcia / fermata / arresto;Conducente;M;Rimandato;0;NON DECEDUTO;Esente;Inesistente
5573784;10;04/09/2021 01:35:00;Strada Urbana;VIA APPIA NUOVA;da specificare;;;;altezza via G. CAPPONI direzione G.R.A.;Scontro laterale fra veicoli in marcia;Rettilineo;Pi� di due carreggiate;Asciutto;Asfaltata;Verticale ed orizzontale;Sereno;Normale;Sufficiente;;0;0;0;2;12.5207;41.8764;-1;1;Autocarro superiore 35 q.;In marcia / fermata / arresto;Conducente;M;Illeso;0;;Non accertato;Inesploso
5573784;10;04/09/2021 01:35:00;Strada Urbana;VIA APPIA NUOVA;da specificare;;;;altezza via G. CAPPONI direzione G.R.A.;Scontro laterale fra veicoli in marcia;Rettilineo;Pi� di due carreggiate;Asciutto;Asfaltata;Verticale ed orizzontale;Sereno;Normale;Sufficiente;;0;0;0;2;12.5207;41.8764;-1;2;Autovettura privata;In marcia / fermata / arresto;Conducente;M;Illeso;0;;Non accertato;Inesploso
5573825;18;03/09/2021 22:20:00;Strada Urbana;VIA DELLA PINETA SACCHETTI;in prossimit�;;del civico n.;53;;Tamponamento;Rettilineo;Una carreggiata a doppio senso;Asciutto;Asfaltata;Verticale ed orizzontale;Sereno;Scarso;Sufficiente;;0;0;0;2;12.4236;41.9107;-1;1;Autovettura privata;In marcia / fermata / arresto;Conducente;F;Illeso;0;;Non accertato;Inesploso
5573825;18;03/09/2021 22:20:00;Strada Urbana;VIA DELLA PINETA SACCHETTI;in prossimit�;;del civico n.;53;;Tamponamento;Rettilineo;Una carreggiata a doppio senso;Asciutto;Asfaltata;Verticale ed orizzontale;Sereno;Scarso;Sufficiente;;0;0;0;2;12.4236;41.9107;-1;2;Autovettura privata;In marcia / fermata / arresto;Conducente;M;Illeso;0;;Non accertato;Inesploso
5573863;2;04/09/2021 03:15:00;Strada Urbana;PIAZZA GONDAR;all'intersezione con;VIALE LIBIA;VIALE LIBIA;;;Scontro frontale/laterale SX fra veicoli in marcia;Intersezione semaforizzata;Una carreggiata a doppio senso;Asciutto;Asfaltata;Verticale ed orizzontale;Sereno;Scarso;Buona;;1;0;0;4;12.5209;41.9333;-1;1;Autovettura privata;In marcia / fermata / arresto;Conducente;M;Illeso;0;;;
5573863;2;04/09/2021 03:15:00;Strada Urbana;PIAZZA GONDAR;all'intersezione con;VIALE LIBIA;VIALE LIBIA;;;Scontro frontale/laterale SX fra veicoli in marcia;Intersezione semaforizzata;Una carreggiata a doppio senso;Asciutto;Asfaltata;Verticale ed orizzontale;Sereno;Scarso;Buona;;1;0;0;4;12.5209;41.9333;-1;1;Autovettura privata;In marcia / fermata / arresto;Passeggero;M;Illeso;0;;;
5573863;2;04/09/2021 03:15:00;Strada Urbana;PIAZZA GONDAR;all'intersezione con;VIALE LIBIA;VIALE LIBIA;;;Scontro frontale/laterale SX fra veicoli in marcia;Intersezione semaforizzata;Una carreggiata a doppio senso;Asciutto;Asfaltata;Verticale ed orizzontale;Sereno;Scarso;Buona;;1;0;0;4;12.5209;41.9333;-1;1;Autovettura privata;In marcia / fermata / arresto;Passeggero;M;Illeso;0;;;
5573863;2;04/09/2021 03:15:00;Strada Urbana;PIAZZA GONDAR;all'intersezione con;VIALE LIBIA;VIALE LIBIA;;;Scontro frontale/laterale SX fra veicoli in marcia;Intersezione semaforizzata;Una carreggiata a doppio senso;Asciutto;Asfaltata;Verticale ed orizzontale;Sereno;Scarso;Buona;;1;0;0;4;12.5209;41.9333;-1;1;Autovettura privata;In marcia / fermata / arresto;Passeggero;M;Illeso;0;;;
5573863;2;04/09/2021 03:15:00;Strada Urbana;PIAZZA GONDAR;all'intersezione con;VIALE LIBIA;VIALE LIBIA;;;Scontro frontale/laterale SX fra veicoli in marcia;Intersezione semaforizzata;Una carreggiata a doppio senso;Asciutto;Asfaltata;Verticale ed orizzontale;Sereno;Scarso;Buona;;1;0;0;4;12.5209;41.9333;-1;2;Autovettura pubblica;In marcia / fermata / arresto;Conducente;M;Ricoverato;0;NON DECEDUTO;;
5573908;10;04/09/2021 13:45:00;Strada Urbana;VIA LUCREZIA ROMANA;all'intersezione con;VIA MARIO BROGLIO;VIA MARIO BROGLIO;;;Scontro frontale/laterale DX fra veicoli in marcia;Intersezione stradale segnalata;Una carreggiata a doppio senso;Asciutto;Asfaltata;Verticale ed orizzontale;Sereno;Normale;Buona;;1;0;0;1;12.5784;41.8322;-1;1;Autovettura privata;In marcia / fermata / arresto;Conducente;M;Illeso;0;;Non accertato;Inesploso
5573908;10;04/09/2021 13:45:00;Strada Urbana;VIA LUCREZIA ROMANA;all'intersezione con;VIA MARIO BROGLIO;VIA MARIO BROGLIO;;;Scontro frontale/laterale DX fra veicoli in marcia;Intersezione stradale segnalata;Una carreggiata a doppio senso;Asciutto;Asfaltata;Verticale ed orizzontale;Sereno;Normale;Buona;;1;0;0;1;12.5784;41.8322;-1;2;Autovettura privata;In marcia / fermata / arresto;Conducente;F;Rifiuta cure immediate;0;NON DECEDUTO;Non accertato;Inesploso
5573940;1;04/09/2021 10:40:00;Strada Urbana;VIA EMANUELE FILIBERTO;in prossimit�;;del civico n.;219;;Veicolo in marcia contro veicolo in sosta;Rettilineo;Pi� di due carreggiate;Asciutto;Asfaltata;Verticale ed orizzontale;Sereno;Intenso;Buona;;0;0;0;0;;;0;1;Autovettura privata;Sosta;;;;;;;
5573940;1;04/09/2021 10:40:00;Strada Urbana;VIA EMANUELE FILIBERTO;in prossimit�;;del civico n.;219;;Veicolo in marcia contro veicolo in sosta;Rettilineo;Pi� di due carreggiate;Asciutto;Asfaltata;Verticale ed orizzontale;Sereno;Intenso;Buona;;0;0;0;0;;;0;2;Autovettura privata;In marcia / fermata / arresto;;;;;;;
5574016;7;04/09/2021 13:00:00;Strada Urbana;VIA DEI LIMONI;da specificare;;;;fronte civ. 3;Veicolo in marcia contro veicolo in sosta;Rettilineo;Una carreggiata a senso unico di marcia;Asciutto;Asfaltata;Orizzontale;Sereno;Scarso;Buona;;0;0;0;1;12.579;41.8852;-1;1;Autovettura privata;In marcia / fermata / arresto;Conducente;M;Illeso;0;;Non accertato;Inesploso
5574016;7;04/09/2021 13:00:00;Strada Urbana;VIA DEI LIMONI;da specificare;;;;fronte civ. 3;Veicolo in marcia contro veicolo in sosta;Rettilineo;Una carreggiata a senso unico di marcia;Asciutto;Asfaltata;Orizzontale;Sereno;Scarso;Buona;;0;0;0;1;12.579;41.8852;-1;2;Autovettura privata;Sosta;;;;;;;
5574028;1;04/09/2021 13:15:00;Strada Urbana;VIA DEL CIRCO MASSIMO;all'intersezione con;VIALE AVENTINO;VIALE AVENTINO;;;Infortunio per caduta del veicolo;Intersezione semaforizzata;Una carreggiata a senso unico di marcia;Asciutto;Asfaltata;Verticale ed orizzontale;Sereno;Normale;Buona;;1;0;0;0;;;0;1;Velocipede;In marcia / fermata / arresto;Conducente;F;Rimandato;0;NON DECEDUTO;Esente;
5574211;7;04/09/2021 20:10:00;Strada Urbana;VIA PRENESTINA;all'intersezione con;VIALE PALMIRO TOGLIATTI;VIALE PALMIRO TOGLIATTI;;;Tamponamento Multiplo;Intersezione semaforizzata;Una carreggiata a doppio senso;Asciutto;Asfaltata;Verticale ed orizzontale;Sereno;Normale;Buona;;0;0;0;7;12.5748;41.8949;-1;1;Autovettura privata;In marcia / fermata / arresto;Conducente;M;Illeso;0;;Non accertato;Inesploso
5574211;7;04/09/2021 20:10:00;Strada Urbana;VIA PRENESTINA;all'intersezione con;VIALE PALMIRO TOGLIATTI;VIALE PALMIRO TOGLIATTI;;;Tamponamento Multiplo;Intersezione semaforizzata;Una carreggiata a doppio senso;Asciutto;Asfaltata;Verticale ed orizzontale;Sereno;Normale;Buona;;0;0;0;7;12.5748;41.8949;-1;2;Autovettura privata;In marcia / fermata / arresto;Conducente;M;Illeso;0;;Non accertato;Inesploso
5574211;7;04/09/2021 20:10:00;Strada Urbana;VIA PRENESTINA;all'intersezione con;VIALE PALMIRO TOGLIATTI;VIALE PALMIRO TOGLIATTI;;;Tamponamento Multiplo;Intersezione semaforizzata;Una carreggiata a doppio senso;Asciutto;Asfaltata;Verticale ed orizzontale;Sereno;Normale;Buona;;0;0;0;7;12.5748;41.8949;-1;3;Autovettura privata;In marcia / fermata / arresto;Conducente;M;Illeso;0;;Non accertato;Inesploso
5574211;7;04/09/2021 20:10:00;Strada Urbana;VIA PRENESTINA;all'intersezione con;VIALE PALMIRO TOGLIATTI;VIALE PALMIRO TOGLIATTI;;;Tamponamento Multiplo;Intersezione semaforizzata;Una carreggiata a doppio senso;Asciutto;Asfaltata;Verticale ed orizzontale;Sereno;Normale;Buona;;0;0;0;7;12.5748;41.8949;-1;3;Autovettura privata;In marcia / fermata / arresto;Passeggero;F;Illeso;0;;Non accertato;Inesploso
5574211;7;04/09/2021 20:10:00;Strada Urbana;VIA PRENESTINA;all'intersezione con;VIALE PALMIRO TOGLIATTI;VIALE PALMIRO TOGLIATTI;;;Tamponamento Multiplo;Intersezione semaforizzata;Una carreggiata a doppio senso;Asciutto;Asfaltata;Verticale ed orizzontale;Sereno;Normale;Buona;;0;0;0;7;12.5748;41.8949;-1;3;Autovettura privata;In marcia / fermata / arresto;Passeggero;F;Illeso;0;;Non accertato;Inesploso
5574211;7;04/09/2021 20:10:00;Strada Urbana;VIA PRENESTINA;all'intersezione con;VIALE PALMIRO TOGLIATTI;VIALE PALMIRO TOGLIATTI;;;Tamponamento Multiplo;Intersezione semaforizzata;Una carreggiata a doppio senso;Asciutto;Asfaltata;Verticale ed orizzontale;Sereno;Normale;Buona;;0;0;0;7;12.5748;41.8949;-1;4;Autovettura privata;In marcia / fermata / arresto;Conducente;M;Illeso;0;;Non accertato;Inesploso
5574211;7;04/09/2021 20:10:00;Strada Urbana;VIA PRENESTINA;all'intersezione con;VIALE PALMIRO TOGLIATTI;VIALE PALMIRO TOGLIATTI;;;Tamponamento Multiplo;Intersezione semaforizzata;Una carreggiata a doppio senso;Asciutto;Asfaltata;Verticale ed orizzontale;Sereno;Normale;Buona;;0;0;0;7;12.5748;41.8949;-1;4;Autovettura privata;In marcia / fermata / arresto;Passeggero;M;Illeso;0;;Non accertato;Inesploso
5574614;1;05/09/2021 01:45:00;Strada Urbana;LUNGOTEVERE DELLA FARNESINA;in prossimit�;;del civico n.;0;;Investimento di pedone;Rettilineo;Una carreggiata a senso unico di marcia;Asciutto;Asfaltata;Verticale ed orizzontale;Sereno;Normale;Sufficiente;;1;0;0;2;12.4698;41.8921;-1;;;;Pedone;M;Ricoverato;0;NON DECEDUTO;;
5574614;1;05/09/2021 01:45:00;Strada Urbana;LUNGOTEVERE DELLA FARNESINA;in prossimit�;;del civico n.;0;;Investimento di pedone;Rettilineo;Una carreggiata a senso unico di marcia;Asciutto;Asfaltata;Verticale ed orizzontale;Sereno;Normale;Sufficiente;;1;0;0;2;12.4698;41.8921;-1;1;Motociclo con passeggero;In marcia / fermata / arresto;Conducente;M;Illeso;0;;Non accertato;
5574614;1;05/09/2021 01:45:00;Strada Urbana;LUNGOTEVERE DELLA FARNESINA;in prossimit�;;del civico n.;0;;Investimento di pedone;Rettilineo;Una carreggiata a senso unico di marcia;Asciutto;Asfaltata;Verticale ed orizzontale;Sereno;Normale;Sufficiente;;1;0;0;2;12.4698;41.8921;-1;1;Motociclo con passeggero;In marcia / fermata / arresto;Passeggero;M;Illeso;0;;Non accertato;
5574617;18;04/09/2021 20:45:00;Strada Urbana;PIAZZA DEI GIURECONSULTI;da specificare;;;;fronte civico 35;Scontro laterale fra veicoli in marcia;Rettilineo;Due carreggiate;Asciutto;Asfaltata;Verticale ed orizzontale;Sereno;Normale;Sufficiente;;0;0;0;4;12.4257;41.9019;-1;1;Autovettura privata;In marcia / fermata / arresto;Conducente;M;Illeso;0;;Non accertato;Inesploso
5574617;18;04/09/2021 20:45:00;Strada Urbana;PIAZZA DEI GIURECONSULTI;da specificare;;;;fronte civico 35;Scontro laterale fra veicoli in marcia;Rettilineo;Due carreggiate;Asciutto;Asfaltata;Verticale ed orizzontale;Sereno;Normale;Sufficiente;;0;0;0;4;12.4257;41.9019;-1;1;Autovettura privata;In marcia / fermata / arresto;Passeggero;F;Illeso;0;;Non accertato;Inesploso
5574617;18;04/09/2021 20:45:00;Strada Urbana;PIAZZA DEI GIURECONSULTI;da specificare;;;;fronte civico 35;Scontro laterale fra veicoli in marcia;Rettilineo;Due carreggiate;Asciutto;Asfaltata;Verticale ed orizzontale;Sereno;Normale;Sufficiente;;0;0;0;4;12.4257;41.9019;-1;2;Autovettura privata;In marcia / fermata / arresto;Conducente;M;Illeso;0;;Non accertato;Inesploso
5574617;18;04/09/2021 20:45:00;Strada Urbana;PIAZZA DEI GIURECONSULTI;da specificare;;;;fronte civico 35;Scontro laterale fra veicoli in marcia;Rettilineo;Due carreggiate;Asciutto;Asfaltata;Verticale ed orizzontale;Sereno;Normale;Sufficiente;;0;0;0;4;12.4257;41.9019;-1;2;Autovettura privata;In marcia / fermata / arresto;Passeggero;F;Illeso;0;;Non accertato;Inesploso
5574624;9;05/09/2021 02:00:00;;VIA DELLA STAZIONE DI CIAMPINO;in prossimit�;;del civico n.;165;;Veicolo in marcia contro ostacolo fisso;;;;;;;;;;0;0;0;1;12.6115;41.8091;0;1;Autovettura privata;In marcia / fermata / arresto;Conducente;;Illeso;0;;;
5574633;1;05/09/2021 02:00:00;Strada Urbana;VIA MARMORATA;in prossimit�;;del civico n.;19;;Investimento di pedone;Rettilineo;Una carreggiata a doppio senso;Asciutto;Asfaltata;Verticale ed orizzontale;Sereno;Scarso;Sufficiente;;2;0;0;1;12.4793;41.8785;-1;;;;Pedone;M;Rimandato;0;NON DECEDUTO;;
5574633;1;05/09/2021 02:00:00;Strada Urbana;VIA MARMORATA;in prossimit�;;del civico n.;19;;Investimento di pedone;Rettilineo;Una carreggiata a doppio senso;Asciutto;Asfaltata;Verticale ed orizzontale;Sereno;Scarso;Sufficiente;;2;0;0;1;12.4793;41.8785;-1;1;Motociclo con passeggero;In marcia / fermata / arresto;Conducente;M;Illeso;0;;Non accertato;
5574633;1;05/09/2021 02:00:00;Strada Urbana;VIA MARMORATA;in prossimit�;;del civico n.;19;;Investimento di pedone;Rettilineo;Una carreggiata a doppio senso;Asciutto;Asfaltata;Verticale ed orizzontale;Sereno;Scarso;Sufficiente;;2;0;0;1;12.4793;41.8785;-1;1;Motociclo con passeggero;In marcia / fermata / arresto;Passeggero;F;Ricoverato;0;NON DECEDUTO;Non accertato;
5574651;1;04/09/2021 23:45:00;Strada Urbana;VIA GIUSEPPE ROMITA;all'intersezione con;VIA CERNAIA;VIA CERNAIA;;;Scontro frontale fra veicoli in marcia;Incrocio;Una carreggiata a senso unico di marcia;Asciutto;Acciotolata;Verticale ed orizzontale;Sereno;Scarso;Sufficiente;;0;0;0;3;;;0;1;Autovettura privata;In marcia / fermata / arresto;Conducente;;Illeso;0;;;
5574651;1;04/09/2021 23:45:00;Strada Urbana;VIA GIUSEPPE ROMITA;all'intersezione con;VIA CERNAIA;VIA CERNAIA;;;Scontro frontale fra veicoli in marcia;Incrocio;Una carreggiata a senso unico di marcia;Asciutto;Acciotolata;Verticale ed orizzontale;Sereno;Scarso;Sufficiente;;0;0;0;3;;;0;1;Autovettura privata;In marcia / fermata / arresto;Passeggero;F;Illeso;0;;;
5574651;1;04/09/2021 23:45:00;Strada Urbana;VIA GIUSEPPE ROMITA;all'intersezione con;VIA CERNAIA;VIA CERNAIA;;;Scontro frontale fra veicoli in marcia;Incrocio;Una carreggiata a senso unico di marcia;Asciutto;Acciotolata;Verticale ed orizzontale;Sereno;Scarso;Sufficiente;;0;0;0;3;;;0;2;Monopattino elettrico;In marcia / fermata / arresto;Conducente;M;Illeso;0;;;
5574688;1;04/09/2021 19:05:00;Strada Urbana;VIA DEI SERPENTI;in prossimit�;;del civico n.;72;;Infortunio per sola frenata improvvisa;Rettilineo;Una carreggiata a senso unico di marcia;Asciutto;Asfaltata;Verticale ed orizzontale;Sereno;Normale;Buona;;0;0;0;3;12.4897;41.8978;-1;1;Quadriciclo leggero;In marcia / fermata / arresto;Conducente;M;Illeso;0;;;
5574688;1;04/09/2021 19:05:00;Strada Urbana;VIA DEI SERPENTI;in prossimit�;;del civico n.;72;;Infortunio per sola frenata improvvisa;Rettilineo;Una carreggiata a senso unico di marcia;Asciutto;Asfaltata;Verticale ed orizzontale;Sereno;Normale;Buona;;0;0;0;3;12.4897;41.8978;-1;1;Quadriciclo leggero;In marcia / fermata / arresto;Passeggero;M;Illeso;0;;;
5574688;1;04/09/2021 19:05:00;Strada Urbana;VIA DEI SERPENTI;in prossimit�;;del civico n.;72;;Infortunio per sola frenata improvvisa;Rettilineo;Una carreggiata a senso unico di marcia;Asciutto;Asfaltata;Verticale ed orizzontale;Sereno;Normale;Buona;;0;0;0;3;12.4897;41.8978;-1;2;Motociclo a solo;In marcia / fermata / arresto;Conducente;M;Illeso;0;;;
5574704;1;04/09/2021 16:00:00;Strada Urbana;PASSEGGIATA DEL GIANICOLO;in corrispondenza;;del civico n.;10;;Veicolo in marcia contro veicolo in sosta;Curva a visuale libera;Una carreggiata a doppio senso;Asciutto;Asfaltata;Verticale ed orizzontale;Sereno;Scarso;Buona;;1;0;0;0;12.4607;41.8931;-1;1;Autovettura privata;In marcia / fermata / arresto;Conducente;M;Rimandato;0;NON DECEDUTO;;
5574704;1;04/09/2021 16:00:00;Strada Urbana;PASSEGGIATA DEL GIANICOLO;in corrispondenza;;del civico n.;10;;Veicolo in marcia contro veicolo in sosta;Curva a visuale libera;Una carreggiata a doppio senso;Asciutto;Asfaltata;Verticale ed orizzontale;Sereno;Scarso;Buona;;1;0;0;0;12.4607;41.8931;-1;2;Autovettura privata;Sosta;;;;;;;
5574731;2;04/09/2021 14:55:00;Strada Urbana;VIA MONTE DELLE GIOIE;da specificare;;;;altezza Poggio Moiano;Veicolo in marcia contro veicolo in sosta;Rettilineo;Una carreggiata a senso unico di marcia;Asciutto;Asfaltata;Verticale ed orizzontale;Sereno;Scarso;Buona;;0;0;0;1;12.5111;41.9325;-1;1;Autovettura privata;Sosta;;;;;;;
5574731;2;04/09/2021 14:55:00;Strada Urbana;VIA MONTE DELLE GIOIE;da specificare;;;;altezza Poggio Moiano;Veicolo in marcia contro veicolo in sosta;Rettilineo;Una carreggiata a senso unico di marcia;Asciutto;Asfaltata;Verticale ed orizzontale;Sereno;Scarso;Buona;;0;0;0;1;12.5111;41.9325;-1;2;Altro;In marcia / fermata / arresto;Conducente;M;Illeso;0;;Non accertato;
5574733;2;03/09/2021 10:40:00;Strada Urbana;VIALE DEL MURO TORTO;da specificare;;;;altezza palo luce 17;Infortunio per caduta del veicolo;Curva senza visuale libera;Due carreggiate;Asciutto;Asfaltata;Orizzontale;Nuvoloso;Normale;Buona;;2;0;0;0;12.4817;41.9107;-1;1;Motociclo con passeggero;In marcia / fermata / arresto;Conducente;M;Rimandato;0;NON DECEDUTO;;