Protocollo;Gruppo;DataOraIncidente;Localizzazione1;STRADA1;Localizzazione2;STRADA2;Strada02;Chilometrica;DaSpecificare;NaturaIncidente;particolaritastrade;TipoStrada;FondoStradale;Pavimentazione;Segnaletica;CondizioneAtmosferica;Traffico;Visibilita;Illuminazione;NUM_FERITI;NUM_RISERVATA;NUM_MORTI;NUM_ILLESI;Longitudine;Latitudine;Confermato;Progressivo;TipoVeicolo;StatoVeicolo;TipoPersona;Sesso;Tipolesione;Deceduto;DecedutoDopo;CinturaCascoUtilizzato;Airbag;
5577678;1;06/09/2021 14:20:00;Strada Urbana;PIAZZA DI PORTA S. GIOVANNI;all'intersezione semaforizzata con;VIA EMANUELE FILIBERTO;VIA EMANUELE FILIBERTO;;;Tamponamento;Intersezione semaforizzata;Una carreggiata a doppio senso;Asciutto;Asfaltata;Verticale ed orizzontale;Sereno;Normale;Buona;;0;0;0;3;12.5086;41.8866;-1;1;Autovettura privata;In marcia / fermata / arresto;Conducente;F;Illeso;0;;Non accertato;Inesploso
5577678;1;06/09/2021 14:20:00;Strada Urbana;PIAZZA DI PORTA S. GIOVANNI;all'intersezione semaforizzata con;VIA EMANUELE FILIBERTO;VIA EMANUELE FILIBERTO;;;Tamponamento;Intersezione semaforizzata;Una carreggiata a doppio senso;Asciutto;Asfaltata;Verticale ed orizzontale;Sereno;Normale;Buona;;0;0;0;3;12.5086;41.8866;-1;1;Autovettura privata;In marcia / fermata / arresto;Passeggero;M;Illeso;0;;Non accertato;Inesploso
5577678;1;06/09/2021 14:20:00;Strada Urbana;PIAZZA DI PORTA S. GIOVANNI;all'intersezione semaforizzata con;VIA EMANUELE FILIBERTO;VIA EMANUELE FILIBERTO;;;Tamponamento;Intersezione semaforizzata;Una carreggiata a doppio senso;Asciutto;Asfaltata;Verticale ed orizzontale;Sereno;Normale;Buona;;0;0;0;3;12.5086;41.8866;-1;2;Autovettura privata;In marcia / fermata / arresto;Conducente;M;Illeso;0;;Non accertato;Inesploso
5577681;17;06/09/2021 20:10:00;Strada Urbana;VIALE DELLE MEDAGLIE D'ORO;all'intersezione con;LARGO GIUSEPPE DI MONTEZEMOLO;LARGO GIUSEPPE DI MONTEZEMOLO;;;Scontro laterale fra veicoli in marcia;Incrocio;Una carreggiata a senso unico di marcia;Asciutto;Asfaltata;Verticale ed orizzontale;Sereno;Normale;Buona;;1;0;0;1;12.4463;41.9103;-1;1;Autovettura privata;In marcia / fermata / arresto;Conducente;M;Illeso;0;;;
5577681;17;06/09/2021 20:10:00;Strada Urbana;VIALE DELLE MEDAGLIE D'ORO;all'intersezione con;LARGO GIUSEPPE DI MONTEZEMOLO;LARGO GIUSEPPE DI MONTEZEMOLO;;;Scontro laterale fra veicoli in marcia;Incrocio;Una carreggiata a senso unico di marcia;Asciutto;Asfaltata;Verticale ed orizzontale;Sereno;Normale;Buona;;1;0;0;1;12.4463;41.9103;-1;2;Motociclo a solo;In marcia / fermata / arresto;Conducente;M;Rimandato;0;NON DECEDUTO;;
5577692;3;06/09/2021 07:00:00;Strada Urbana;VIA FORLI';in corrispondenza;;del civico n.;8;;Veicolo in marcia contro veicoli in sosta;Rettilineo;Una carreggiata a senso unico di marcia;Asciutto;Asfaltata;Verticale ed orizzontale;Sereno;Normale;Buona;;0;0;0;0;12.5154;41.9104;-1;1;Autovettura privata;Sosta;;;;;;;
5577692;3;06/09/2021 07:00:00;Strada Urbana;VIA FORLI';in corrispondenza;;del civico n.;8;;Veicolo in marcia contro veicoli in sosta;Rettilineo;Una carreggiata a senso unico di marcia;Asciutto;Asfaltata;Verticale ed orizzontale;Sereno;Normale;Buona;;0;0;0;0;12.5154;41.9104;-1;2;Autovettura privata;Sosta;;;;;;;
5577703;6;06/09/2021 18:00:00;Strada Urbana;VIA CASILINA;in prossimit�;;del civico n.;575;;Veicolo in marcia contro veicolo in sosta;Rettilineo;Pi� di due carreggiate;Asciutto;Asfaltata;Verticale ed orizzontale;Sereno;Normale;Buona;;0;0;0;1;12.5457;41.8789;-1;1;Autovettura privata;In marcia / fermata / arresto;Conducente;F;Illeso;0;;Non accertato;Inesploso
5577703;6;06/09/2021 18:00:00;Strada Urbana;VIA CASILINA;in prossimit�;;del civico n.;575;;Veicolo in marcia contro veicolo in sosta;Rettilineo;Pi� di due carreggiate;Asciutto;Asfaltata;Verticale ed orizzontale;Sereno;Normale;Buona;;0;0;0;1;12.5457;41.8789;-1;2;Autovettura privata;Sosta;;;;;;;
5577713;3;06/09/2021 11:20:00;Strada Urbana;PIAZZA SALERNO;da specificare;;;;fronte Via Imperia;Tamponamento;Rotatoria;Una carreggiata a senso unico di marcia;Asciutto;Asfaltata;Verticale ed orizzontale;Sereno;Intenso;Buona;;1;0;0;1;12.513;41.9105;-1;1;Motociclo a solo;In marcia / fermata / arresto;Conducente;M;Ricoverato;0;NON DECEDUTO;;
5577713;3;06/09/2021 11:20:00;Strada Urbana;PIAZZA SALERNO;da specificare;;;;fronte Via Imperia;Tamponamento;Rotatoria;Una carreggiata a senso unico di marcia;Asciutto;Asfaltata;Verticale ed orizzontale;Sereno;Intenso;Buona;;1;0;0;1;12.513;41.9105;-1;2;Autocarro inferiore 35 q.;In marcia / fermata / arresto;Conducente;M;Illeso;0;;;
5577714;1;06/09/2021 19:25:00;Strada Urbana;PIAZZA DI S. SILVESTRO;in corrispondenza;;del civico n.;37;;Veicolo in marcia contro ostacolo accidentale;Rettilineo;Una carreggiata a senso unico di marcia;Asciutto;Lastricata;Verticale ed orizzontale;Sereno;Normale;Buona;;1;0;0;1;12.4816;41.9023;-1;1;Ciclomotore con passeggero;In marcia / fermata / arresto;Conducente;M;Illeso;0;;Non accertato;
5577714;1;06/09/2021 19:25:00;Strada Urbana;PIAZZA DI S. SILVESTRO;in corrispondenza;;del civico n.;37;;Veicolo in marcia contro ostacolo accidentale;Rettilineo;Una carreggiata a senso unico di marcia;Asciutto;Lastricata;Verticale ed orizzontale;Sereno;Normale;Buona;;1;0;0;1;12.4816;41.9023;-1;1;Ciclomotore con passeggero;In marcia / fermata / arresto;Passeggero;M;Rifiuta cure immediate;0;NON DECEDUTO;Non accertato;
5577743;23;05/09/2021 20:40:00;Strada Urbana;VIA GIOVANNI MARANGONI;all'intersezione con;VIA ADOLFO VENTURI;VIA ADOLFO VENTURI;;;Scontro frontale/laterale SX fra veicoli in marcia;Incrocio;Una carreggiata a doppio senso;Asciutto;Asfaltata;Verticale ed orizzontale;Sereno;Normale;Sufficiente;;1;0;0;1;12.5248;41.9187;-1;1;Autovettura privata;In marcia / fermata / arresto;Conducente;M;Illeso;0;;Non accertato;Inesploso
5577743;23;05/09/2021 20:40:00;Strada Urbana;VIA GIOVANNI MARANGONI;all'intersezione con;VIA ADOLFO VENTURI;VIA ADOLFO VENTURI;;;Scontro frontale/laterale SX fra veicoli in marcia;Incrocio;Una carreggiata a doppio senso;Asciutto;Asfaltata;Verticale ed orizzontale;Sereno;Normale;Sufficiente;;1;0;0;1;12.5248;41.9187;-1;2;Autovettura privata;In marcia / fermata / arresto;Conducente;M;Rimandato;0;NON DECEDUTO;;
5577748;3;06/09/2021 10:30:00;Strada Urbana;VIALE DEL POLICLINICO;da specificare;;;;pross.t� fronte civ. 137;Scontro laterale fra veicoli in marcia;Rettilineo;Due carreggiate;Asciutto;Asfaltata;Verticale ed orizzontale;Sereno;Normale;Buona;;1;0;0;2;;;0;1;Autovettura privata;In marcia / fermata / arresto;Conducente;M;Illeso;0;;;
5577748;3;06/09/2021 10:30:00;Strada Urbana;VIALE DEL POLICLINICO;da specificare;;;;pross.t� fronte civ. 137;Scontro laterale fra veicoli in marcia;Rettilineo;Due carreggiate;Asciutto;Asfaltata;Verticale ed orizzontale;Sereno;Normale;Buona;;1;0;0;2;;;0;2;Autocarro inferiore 35 q.;In marcia / fermata / arresto;Conducente;M;Illeso;0;;;
5577748;3;06/09/2021 10:30:00;Strada Urbana;VIALE DEL POLICLINICO;da specificare;;;;pross.t� fronte civ. 137;Scontro laterale fra veicoli in marcia;Rettilineo;Due carreggiate;Asciutto;Asfaltata;Verticale ed orizzontale;Sereno;Normale;Buona;;1;0;0;2;;;0;3;Motociclo a solo;In marcia / fermata / arresto;Conducente;M;Rimandato;0;NON DECEDUTO;;
5577753;1;06/09/2021 19:25:00;;PIAZZA DI S. SILVESTRO;in prossimit�;;del civico n.;37;;Veicolo in marcia contro ostacolo accidentale;;;;;;;;;;0;0;0;1;12.4809;41.9028;0;1;Monopattino elettrico;In marcia / fermata / arresto;Conducente;M;Illeso;0;;Non accertato;Inesistente
5577765;10;07/09/2021 10:05:00;Strada Urbana;VIA DEI SETTE METRI;in corrispondenza;;del civico n.;78G;;Scontro frontale/laterale SX fra veicoli in marcia;Rettilineo;Due carreggiate;Asciutto;Asfaltata;Orizzontale;Sereno;Normale;Buona;;1;0;0;2;12.6044;41.8135;-1;1;Autovettura privata;In marcia / fermata / arresto;Conducente;M;Illeso;0;;Non accertato;Inesploso
5577765;10;07/09/2021 10:05:00;Strada Urbana;VIA DEI SETTE METRI;in corrispondenza;;del civico n.;78G;;Scontro frontale/laterale SX fra veicoli in marcia;Rettilineo;Due carreggiate;Asciutto;Asfaltata;Orizzontale;Sereno;Normale;Buona;;1;0;0;2;12.6044;41.8135;-1;1;Autovettura privata;In marcia / fermata / arresto;Passeggero;F;Illeso;0;;Non accertato;Inesploso
5577765;10;07/09/2021 10:05:00;Strada Urbana;VIA DEI SETTE METRI;in corrispondenza;;del civico n.;78G;;Scontro frontale/laterale SX fra veicoli in marcia;Rettilineo;Due carreggiate;Asciutto;Asfaltata;Orizzontale;Sereno;Normale;Buona;;1;0;0;2;12.6044;41.8135;-1;2;Motociclo a solo;In marcia / fermata / arresto;Conducente;M;Rimandato;0;NON DECEDUTO;Non accertato;
5577773;20;04/09/2021 06:50:00;Strada Urbana;LUNGOTEVERE MARESCIALLO DIAZ;all'intersezione con;VIALE ANTONINO DI SAN GIULIANO;VIALE ANTONINO DI SAN GIULIANO;;;Veicolo in marcia contro ostacolo fisso;Intersezione semaforizzata;Due carreggiate;Asciutto;Asfaltata;Verticale ed orizzontale;Sereno;Normale;Sufficiente;;0;0;0;0;12.462;41.9339;-1;1;Autovettura privata;Allontanatosi;;;;;;;
5577776;1;06/09/2021 07:30:00;Strada Urbana;VIALE GIOTTO;in corrispondenza;;del civico n.;3C;;Scontro laterale fra veicoli in marcia;Rettilineo;Una carreggiata a doppio senso;Asciutto;Asfaltata;Verticale ed orizzontale;Sereno;Normale;Buona;;0;0;0;2;12.4834;41.8766;-1;1;Autocarro inferiore 35 q.;In marcia / fermata / arresto;Conducente;M;Illeso;0;;Non accertato;Inesploso
5577776;1;06/09/2021 07:30:00;Strada Urbana;VIALE GIOTTO;in corrispondenza;;del civico n.;3C;;Scontro laterale fra veicoli in marcia;Rettilineo;Una carreggiata a doppio senso;Asciutto;Asfaltata;Verticale ed orizzontale;Sereno;Normale;Buona;;0;0;0;2;12.4834;41.8766;-1;2;Autovettura privata;In marcia / fermata / arresto;Conducente;M;Illeso;0;;Non accertato;Inesploso
5577822;1;06/09/2021 01:30:00;Strada Urbana;VIA DEL TRITONE;all'intersezione semaforizzata con;VIA DEI DUE MACELLI;VIA DEI DUE MACELLI;;;Scontro laterale fra veicoli in marcia;Intersezione semaforizzata;Una carreggiata a senso unico di marcia;Asciutto;Asfaltata;Verticale ed orizzontale;Sereno;Scarso;Sufficiente;;0;0;0;2;12.4856;41.9029;0;1;Ciclomotore;In marcia / fermata / arresto;Conducente;M;Illeso;0;;Non accertato;
5577822;1;06/09/2021 01:30:00;Strada Urbana;VIA DEL TRITONE;all'intersezione semaforizzata con;VIA DEI DUE MACELLI;VIA DEI DUE MACELLI;;;Scontro laterale fra veicoli in marcia;Intersezione semaforizzata;Una carreggiata a senso unico di marcia;Asciutto;Asfaltata;Verticale ed orizzontale;Sereno;Scarso;Sufficiente;;0;0;0;2;12.4856;41.9029;0;2;Autovettura pubblica;In marcia / fermata / arresto;Conducente;M;Illeso;0;;Non accertato;Inesploso
5577844;1;06/09/2021 08:40:00;Strada Urbana;VIA DI PARIONE;in prossimit�;;del civico n.;1;;Veicolo in marcia contro ostacolo accidentale;Rettilineo;Una carreggiata a senso unico di marcia;Viscido da liquidi oleosi;In cubetti di porfido;Verticale;Sereno;Normale;Buona;;1;0;0;1;12.4711;41.899;-1;1;Motociclo a solo;In marcia / fermata / arresto;Conducente;M;Rifiuta cure immediate;0;NON DECEDUTO;Non accertato;
5577844;1;06/09/2021 08:40:00;Strada Urbana;VIA DI PARIONE;in prossimit�;;del civico n.;1;;Veicolo in marcia contro ostacolo accidentale;Rettilineo;Una carreggiata a senso unico di marcia;Viscido da liquidi oleosi;In cubetti di porfido;Verticale;Sereno;Normale;Buona;;1;0;0;1;12.4711;41.899;-1;2;Macchina operatrice;In marcia / fermata / arresto;Conducente;M;Illeso;0;;Non accertato;Inesploso
5577877;9;07/09/2021 08:00:00;Strada Urbana;PIAZZA LODI;in corrispondenza;;del civico n.;1;;Scontro laterale fra veicoli in marcia;Rotatoria;Una carreggiata a senso unico di marcia;Asciutto;Asfaltata;Verticale ed orizzontale;Sereno;Intenso;Buona;;0;0;0;2;12.5216;41.8872;-1;1;Autocarro inferiore 35 q.;In marcia / fermata / arresto;Conducente;M;Illeso;0;;Non accertato;Inesploso
5577877;9;07/09/2021 08:00:00;Strada Urbana;PIAZZA LODI;in corrispondenza;;del civico n.;1;;Scontro laterale fra veicoli in marcia;Rotatoria;Una carreggiata a senso unico di marcia;Asciutto;Asfaltata;Verticale ed orizzontale;Sereno;Intenso;Buona;;0;0;0;2;12.5216;41.8872;-1;2;Autovettura privata;In marcia / fermata / arresto;Conducente;M;Illeso;0;;Non accertato;Inesploso
5577893;1;06/09/2021 08:40:00;Strada Urbana;VIA DI PARIONE;all'intersezione con;VIA DELLA PACE;VIA DELLA PACE;;;Veicolo in marcia contro ostacolo accidentale;Incrocio;Una carreggiata a doppio senso;Viscido da liquidi oleosi;In cubetti di porfido;Verticale;Sereno;Normale;Buona;;0;0;0;2;12.471;41.899;0;1;Motociclo a solo;In marcia / fermata / arresto;Conducente;M;Illeso;0;;Non accertato;
5577893;1;06/09/2021 08:40:00;Strada Urbana;VIA DI PARIONE;all'intersezione con;VIA DELLA PACE;VIA DELLA PACE;;;Veicolo in marcia contro ostacolo accidentale;Incrocio;Una carreggiata a doppio senso;Viscido da liquidi oleosi;In cubetti di porfido;Verticale;Sereno;Normale;Buona;;0;0;0;2;12.471;41.899;0;2;Macchina operatrice;In marcia / fermata / arresto;Conducente;M;Illeso;0;;Non accertato;Inesploso
5577911;13;07/09/2021 08:30:00;Strada Urbana;VIA OSTIENSE;all'intersezione con;VIA FIUMALBO;VIA FIUMALBO;;;Scontro frontale/laterale SX fra veicoli in marcia;Incrocio;Una carreggiata a doppio senso;Asciutto;Asfaltata;Verticale ed orizzontale;Sereno;Normale;Buona;;1;0;0;1;12.3943;41.7939;-1;1;Autovettura privata;In marcia / fermata / arresto;Conducente;M;Illeso;0;;Utilizzato;
5577911;13;07/09/2021 08:30:00;Strada Urbana;VIA OSTIENSE;all'intersezione con;VIA FIUMALBO;VIA FIUMALBO;;;Scontro frontale/laterale SX fra veicoli in marcia;Incrocio;Una carreggiata a doppio senso;Asciutto;Asfaltata;Verticale ed orizzontale;Sereno;Normale;Buona;;1;0;0;1;12.3943;41.7939;-1;2;Autovettura privata;In marcia / fermata / arresto;Conducente;F;Rimandato;0;NON DECEDUTO;Utilizzato;Inesploso
5577928;1;06/09/2021 08:41:00;Strada Urbana;VIA DI PARIONE;in prossimit�;;del civico n.;1;;Veicolo in marcia contro ostacolo accidentale;Rettilineo;Una carreggiata a senso unico di marcia;Viscido da liquidi oleosi;Asfaltata;Verticale ed orizzontale;Sereno;Normale;Buona;;0;0;0;2;12.4712;41.8992;-1;1;Motociclo a solo;In marcia / fermata / arresto;Conducente;M;Illeso;0;;Non accertato;
5577928;1;06/09/2021 08:41:00;Strada Urbana;VIA DI PARIONE;in prossimit�;;del civico n.;1;;Veicolo in marcia contro ostacolo accidentale;Rettilineo;Una carreggiata a senso unico di marcia;Viscido da liquidi oleosi;Asfaltata;Verticale ed orizzontale;Sereno;Normale;Buona;;0;0;0;2;12.4712;41.8992;-1;2;Macchina operatrice;In marcia / fermata / arresto;Conducente;M;Illeso;0;;Non accertato;Inesploso
5577938;6;07/09/2021 12:00:00;Strada Urbana;VIA SAMPIERO DI BASTELICA;all'intersezione con;VIA NICOLO' FORTEGUERRI;VIA NICOLO' FORTEGUERRI;;;Veicolo in marcia contro veicolo arresto;Incrocio;Una carreggiata a senso unico di marcia;Asciutto;Asfaltata;Verticale ed orizzontale;Sereno;Normale;Buona;;0;0;0;3;12.541;41.891;-1;1;Autovettura privata;In marcia / fermata / arresto;Conducente;M;Illeso;0;;Non accertato;Inesploso
5577938;6;07/09/2021 12:00:00;Strada Urbana;VIA SAMPIERO DI BASTELICA;all'intersezione con;VIA NICOLO' FORTEGUERRI;VIA NICOLO' FORTEGUERRI;;;Veicolo in marcia contro veicolo arresto;Incrocio;Una carreggiata a senso unico di marcia;Asciutto;Asfaltata;Verticale ed orizzontale;Sereno;Normale;Buona;;0;0;0;3;12.541;41.891;-1;1;Autovettura privata;In marcia / fermata / arresto;Passeggero;F;Illeso;0;;Non accertato;Inesploso
5577938;6;07/09/2021 12:00:00;Strada Urbana;VIA SAMPIERO DI BASTELICA;all'intersezione con;VIA NICOLO' FORTEGUERRI;VIA NICOLO' FORTEGUERRI;;;Veicolo in marcia contro veicolo arresto;Incrocio;Una carreggiata a senso unico di marcia;Asciutto;Asfaltata;Verticale ed orizzontale;Sereno;Normale;Buona;;0;0;0;3;12.541;41.891;-1;2;Autocarro inferiore 35 q.;In marcia / fermata / arresto;Conducente;M;Illeso;0;;Non accertato;Inesploso
5577978;1;06/09/2021 15:30:00;Strada Urbana;VIA GIOVANNI GIOLITTI;all'intersezione semaforizzata con;VIA DI S. BIBIANA;VIA DI S. BIBIANA;;;Scontro laterale fra veicoli in marcia;Intersezione semaforizzata;Una carreggiata a senso unico di marcia;Asciutto;Asfaltata;Verticale ed orizzontale;Sereno;Normale;Buona;;0;0;0;2;12.5114;41.8939;0;1;Autovettura di polizia;In marcia / fermata / arresto;Conducente;M;Illeso;0;;Non accertato;Inesploso
5577978;1;06/09/2021 15:30:00;Strada Urbana;VIA GIOVANNI GIOLITTI;all'intersezione semaforizzata con;VIA DI S. BIBIANA;VIA DI S. BIBIANA;;;Scontro laterale fra veicoli in marcia;Intersezione semaforizzata;Una carreggiata a senso unico di marcia;Asciutto;Asfaltata;Verticale ed orizzontale;Sereno;Normale;Buona;;0;0;0;2;12.5114;41.8939;0;2;Autovettura privata;In marcia / fermata / arresto;Conducente;M;Illeso;0;;Non accertato;Inesploso
5578005;20;06/09/2021 04:40:00;Strada Urbana;VICOLO DI PRATO CORAZZA;da specificare;;;;altezza muro Caserma Militare;Veicolo in marcia contro ostacolo fisso;Curva a visuale libera;Una carreggiata a doppio senso;Asciutto;Asfaltata;Assente;Sereno;Scarso;Insufficiente;;2;0;0;2;12.3309;42.0821;-1;1;Autovettura privata;In marcia / fermata / arresto;Conducente;M;Illeso;0;;Non accertato;Inesistente
5578005;20;06/09/2021 04:40:00;Strada Urbana;VICOLO DI PRATO CORAZZA;da specificare;;;;altezza muro Caserma Militare;Veicolo in marcia contro ostacolo fisso;Curva a visuale libera;Una carreggiata a doppio senso;Asciutto;Asfaltata;Assente;Sereno;Scarso;Insufficiente;;2;0;0;2;12.3309;42.0821;-1;1;Autovettura privata;In marcia / fermata / arresto;Passeggero;M;Illeso;0;;Non accertato;Inesistente
5578005;20;06/09/2021 04:40:00;Strada Urbana;VICOLO DI PRATO CORAZZA;da specificare;;;;altezza muro Caserma Militare;Veicolo in marcia contro ostacolo fisso;Curva a visuale libera;Una carreggiata a doppio senso;Asciutto;Asfaltata;Assente;Sereno;Scarso;Insufficiente;;2;0;0;2;12.3309;42.0821;-1;1;Autovettura privata;In marcia / fermata / arresto;Passeggero;F;Rimandato;0;NON DECEDUTO;Non accertato;Inesploso
5578005;20;06/09/2021 04:40:00;Strada Urbana;VICOLO DI PRATO CORAZZA;da specificare;;;;altezza muro Caserma Militare;Veicolo in marcia contro ostacolo fisso;Curva a visuale libera;Una carreggiata a doppio senso;Asciutto;Asfaltata;Assente;Sereno;Scarso;Insufficiente;;2;0;0;2;12.3309;42.0821;-1;1;Autovettura privata;In marcia / fermata / arresto;Passeggero;F;Rimandato;0;NON DECEDUTO;Non accertato;Inesploso
5578013;1;07/09/2021 08:45:00;Strada Urbana;VIALE CASTRO PRETORIO;in prossimit�;;del civico n.;57;;Tamponamento;Rettilineo;Una carreggiata a doppio senso;Asciutto;Asfaltata;Verticale ed orizzontale;Sereno;Normale;Buona;;0;0;0;2;12.5065;41.9044;0;1;Autovettura privata;In marcia / fermata / arresto;Conducente;M;Illeso;0;;Non accertato;Inesploso
5578013;1;07/09/2021 08:45:00;Strada Urbana;VIALE CASTRO PRETORIO;in prossimit�;;del civico n.;57;;Tamponamento;Rettilineo;Una carreggiata a doppio senso;Asciutto;Asfaltata;Verticale ed orizzontale;Sereno;Normale;Buona;;0;0;0;2;12.5065;41.9044;0;2;Autocarro inferiore 35 q.;In marcia / fermata / arresto;Conducente;M;Illeso;0;;Non accertato;Inesploso
5578015;10;07/09/2021 12:30:00;Strada Urbana;VIA DI TORRE MORENA;all'intersezione con;VIA DEI SETTE METRI;VIA DEI SETTE METRI;;;Scontro laterale fra veicoli in marcia;Intersezione stradale segnalata;Due carreggiate;Asciutto;Asfaltata;Verticale ed orizzontale;Sereno;Normale;Buona;;0;0;0;2;12.6069;41.8154;-1;1;Autovettura privata;In marcia / fermata / arresto;Conducente;F;Illeso;0;;Non accertato;Inesploso
5578015;10;07/09/2021 12:30:00;Strada Urbana;VIA DI TORRE MORENA;all'intersezione con;VIA DEI SETTE METRI;VIA DEI SETTE METRI;;;Scontro laterale fra veicoli in marcia;Intersezione stradale segnalata;Due carreggiate;Asciutto;Asfaltata;Verticale ed orizzontale;Sereno;Normale;Buona;;0;0;0;2;12.6069;41.8154;-1;2;Motociclo con passeggero;In marcia / fermata / arresto;Conducente;M;Illeso;0;;Non accertato;
5578045;1;07/09/2021 10:10:00;Strada Urbana;PIAZZA DI S. SILVESTRO;in prossimit�;;del civico n.;5;;Scontro laterale fra veicoli in marcia;Rettilineo;Una carreggiata a senso unico alternato;Asciutto;Asfaltata;Verticale;Sereno;Normale;Buona;;0;0;0;3;12.481;41.9022;0;1;Autocarro inferiore 35 q.;In marcia / fermata / arresto;Conducente;F;Illeso;0;;Non accertato;Inesploso
5578045;1;07/09/2021 10:10:00;Strada Urbana;PIAZZA DI S. SILVESTRO;in prossimit�;;del civico n.;5;;Scontro laterale fra veicoli in marcia;Rettilineo;Una carreggiata a senso unico alternato;Asciutto;Asfaltata;Verticale;Sereno;Normale;Buona;;0;0;0;3;12.481;41.9022;0;1;Autocarro inferiore 35 q.;In marcia / fermata / arresto;Passeggero;F;Illeso;0;;Non accertato;Inesploso
5578045;1;07/09/2021 10:10:00;Strada Urbana;PIAZZA DI S. SILVESTRO;in prossimit�;;del civico n.;5;;Scontro laterale fra veicoli in marcia;Rettilineo;Una carreggiata a senso unico alternato;Asciutto;Asfaltata;Verticale;Sereno;Normale;Buona;;0;0;0;3;12.481;41.9022;0;2;Veicolo a trazione animale;In marcia / fermata / arresto;Conducente;M;Illeso;0;;Non accertato;Inesistente
5578091;1;06/09/2021 17:45:00;Strada Urbana;LUNGOTEVERE IN AUGUSTA;all'intersezione con;VIA DELL'ARA PACIS;VIA DELL'ARA PACIS;;;Veicolo in marcia che urta buche nella carreggiata;;;;;;;;;;0;0;0;1;12.4748;41.9076;0;1;Autovettura privata;In marcia / fermata / arresto;Conducente;M;Illeso;0;;Non accertato;Inesploso
5578125;15;07/09/2021 08:20:00;Strada Urbana;VIA DELLA MAGLIANA;all'intersezione con;VIA LUIGI CROCCO;VIA LUIGI CROCCO;;;Scontro frontale/laterale SX fra veicoli in marcia;Incrocio;Una carreggiata a doppio senso;Asciutto;Asfaltata;Verticale ed orizzontale;Sereno;Normale;Buona;;1;0;0;2;12.4196;41.8317;-1;1;Autovettura privata;In marcia / fermata / arresto;Conducente;M;Illeso;0;;Non accertato;Inesploso
5578125;15;07/09/2021 08:20:00;Strada Urbana;VIA DELLA MAGLIANA;all'intersezione con;VIA LUIGI CROCCO;VIA LUIGI CROCCO;;;Scontro frontale/laterale SX fra veicoli in marcia;Incrocio;Una carreggiata a doppio senso;Asciutto;Asfaltata;Verticale ed orizzontale;Sereno;Normale;Buona;;1;0;0;2;12.4196;41.8317;-1;1;Autovettura privata;In marcia / fermata / arresto;Passeggero;F;Illeso;0;;Non accertato;Inesploso
5578125;15;07/09/2021 08:20:00;Strada Urbana;VIA DELLA MAGLIANA;all'intersezione con;VIA LUIGI CROCCO;VIA LUIGI CROCCO;;;Scontro frontale/laterale SX fra veicoli in marcia;Incrocio;Una carreggiata a doppio senso;Asciutto;Asfaltata;Verticale ed orizzontale;Sereno;Normale;Buona;;1;0;0;2;12.4196;41.8317;-1;2;Velocipede;In marcia / fermata / arresto;Conducente;M;Rimandato;0;NON DECEDUTO;Esente;
5578168;17;07/09/2021 09:55:00;Strada Urbana;PIAZZALE DEGLI EROI;all'intersezione semaforizzata con;CIRCONVALLAZIONE TRIONFALE;CIRCONVALLAZIONE TRIONFALE;;;Scontro frontale/laterale DX fra veicoli in marcia;Incrocio;Due carreggiate;Asciutto;Asfaltata;Verticale ed orizzontale;Sereno;Normale;Buona;;1;0;0;1;12.4485;41.9091;-1;1;Autovettura privata;In marcia / fermata / arresto;Conducente;M;Illeso;0;;Non accertato;Inesploso
5578168;17;07/09/2021 09:55:00;Strada Urbana;PIAZZALE DEGLI EROI;all'intersezione semaforizzata con;CIRCONVALLAZIONE TRIONFALE;CIRCONVALLAZIONE TRIONFALE;;;Scontro frontale/laterale DX fra veicoli in marcia;Incrocio;Due carreggiate;Asciutto;Asfaltata;Verticale ed orizzontale;Sereno;Normale;Buona;;1;0;0;1;12.4485;41.9091;-1;2;Motociclo a solo;In marcia / fermata / arresto;Conducente;F;Rifiuta cure immediate;0;NON DECEDUTO;Non accertato;
5578170;23;07/09/2021 03:30:00;Strada Urbana;VIA ERMANNO WOLF FERRARI;all'intersezione con;VIA FRANCESCO CILEA;VIA FRANCESCO CILEA;;;Veicolo in marcia contro ostacolo fisso;Intersezione stradale segnalata;Una carreggiata a doppio senso;Asciutto;Asfaltata;Verticale;Sereno;Scarso;Insufficiente;;0;0;0;3;12.3745;41.7514;-1;1;Autovettura privata;In marcia / fermata / arresto;Conducente;M;Illeso;0;;Non accertato;Inesploso
5578170;23;07/09/2021 03:30:00;Strada Urbana;VIA ERMANNO WOLF FERRARI;all'intersezione con;VIA FRANCESCO CILEA;VIA FRANCESCO CILEA;;;Veicolo in marcia contro ostacolo fisso;Intersezione stradale segnalata;Una carreggiata a doppio senso;Asciutto;Asfaltata;Verticale;Sereno;Scarso;Insufficiente;;0;0;0;3;12.3745;41.7514;-1;1;Autovettura privata;In marcia / fermata / arresto;Passeggero;M;Illeso;0;;Non accertato;Inesploso