Protocollo;Gruppo;DataOraIncidente;Localizzazione1;STRADA1;Localizzazione2;STRADA2;Strada02;Chilometrica;DaSpecificare;NaturaIncidente;particolaritastrade;TipoStrada;FondoStradale;Pavimentazione;Segnaletica;CondizioneAtmosferica;Traffico;Visibilita;Illuminazione;NUM_FERITI;NUM_RISERVATA;NUM_MORTI;NUM_ILLESI;Longitudine;Latitudine;Confermato;Progressivo;TipoVeicolo;StatoVeicolo;TipoPersona;Sesso;Tipolesione;Deceduto;DecedutoDopo;CinturaCascoUtilizzato;Airbag;
5579748;12;08/09/2021 07:40:00;Provinciale;VIA LAURENTINA;in prossimit�;;della chilometrica;17.1;;Ribaltamento senza urto contro ostacolo fisso;Curva senza visuale libera;Una carreggiata a doppio senso;Asciutto;Asfaltata;Verticale ed orizzontale;Sereno;Normale;Buona;;1;0;0;0;12.505;41.7356;-1;1;Autovettura privata;In marcia / fermata / arresto;Conducente;M;Rimandato;0;NON DECEDUTO;Non accertato;Inesploso
5579758;1;08/09/2021 09:35:00;Strada Urbana;LUNGOTEVERE DEI VALLATI;all'intersezione semaforizzata con;PONTE GARIBALDI;PONTE GARIBALDI;;;Scontro laterale fra veicoli in marcia;Incrocio;Una carreggiata a senso unico di marcia;Asciutto;Asfaltata;Verticale ed orizzontale;Sereno;Intenso;Buona;;1;0;0;1;12.4727;41.8919;-1;1;Motociclo a solo;In marcia / fermata / arresto;Conducente;M;Rimandato;0;NON DECEDUTO;;
5579758;1;08/09/2021 09:35:00;Strada Urbana;LUNGOTEVERE DEI VALLATI;all'intersezione semaforizzata con;PONTE GARIBALDI;PONTE GARIBALDI;;;Scontro laterale fra veicoli in marcia;Incrocio;Una carreggiata a senso unico di marcia;Asciutto;Asfaltata;Verticale ed orizzontale;Sereno;Intenso;Buona;;1;0;0;1;12.4727;41.8919;-1;2;Autovettura privata;In marcia / fermata / arresto;Conducente;M;Illeso;0;;;
5579769;18;08/09/2021 08:30:00;Strada Urbana;VIA PAOLO V;in corrispondenza;;del civico n.;34;;Veicolo in marcia contro veicoli in sosta;Curva a visuale libera;Una carreggiata a senso unico di marcia;Asciutto;Asfaltata;Verticale ed orizzontale;Sereno;Normale;Buona;;0;0;0;0;12.4205;41.9127;-1;1;Autovettura privata;Allontanatosi;;;;;;;
5579769;18;08/09/2021 08:30:00;Strada Urbana;VIA PAOLO V;in corrispondenza;;del civico n.;34;;Veicolo in marcia contro veicoli in sosta;Curva a visuale libera;Una carreggiata a senso unico di marcia;Asciutto;Asfaltata;Verticale ed orizzontale;Sereno;Normale;Buona;;0;0;0;0;12.4205;41.9127;-1;2;Motociclo a solo;Sosta;;;;;;;
5579769;18;08/09/2021 08:30:00;Strada Urbana;VIA PAOLO V;in corrispondenza;;del civico n.;34;;Veicolo in marcia contro veicoli in sosta;Curva a visuale libera;Una carreggiata a senso unico di marcia;Asciutto;Asfaltata;Verticale ed orizzontale;Sereno;Normale;Buona;;0;0;0;0;12.4205;41.9127;-1;3;Autovettura privata;Sosta;;;;;;;
5579790;18;07/09/2021 20:00:00;;VIA DI PORTA CAVALLEGGERI;da specificare;;;;all'altezza di VIA BONIFACIO VIII;Tamponamento;;;;;;;;;;0;0;0;2;12.457;41.9002;0;1;Autovettura privata;In marcia / fermata / arresto;Conducente;F;Illeso;0;;;
5579790;18;07/09/2021 20:00:00;;VIA DI PORTA CAVALLEGGERI;da specificare;;;;all'altezza di VIA BONIFACIO VIII;Tamponamento;;;;;;;;;;0;0;0;2;12.457;41.9002;0;2;Motociclo a solo;In marcia / fermata / arresto;Conducente;F;Illeso;0;;;
5579811;10;08/09/2021 11:30:00;Strada Urbana;VIA BERNARDINO ALIMENA;in corrispondenza;;del civico n.;30A;;Scontro laterale fra veicoli in marcia;Rettilineo;Due carreggiate;Asciutto;Asfaltata;Verticale ed orizzontale;Sereno;Normale;Buona;;1;0;0;3;12.6009;41.8473;-1;1;Autovettura privata;In marcia / fermata / arresto;Conducente;F;Rimandato;0;NON DECEDUTO;Non accertato;Inesploso
5579811;10;08/09/2021 11:30:00;Strada Urbana;VIA BERNARDINO ALIMENA;in corrispondenza;;del civico n.;30A;;Scontro laterale fra veicoli in marcia;Rettilineo;Due carreggiate;Asciutto;Asfaltata;Verticale ed orizzontale;Sereno;Normale;Buona;;1;0;0;3;12.6009;41.8473;-1;2;Autovettura privata;In marcia / fermata / arresto;Conducente;M;Illeso;0;;Non accertato;Inesploso
5579811;10;08/09/2021 11:30:00;Strada Urbana;VIA BERNARDINO ALIMENA;in corrispondenza;;del civico n.;30A;;Scontro laterale fra veicoli in marcia;Rettilineo;Due carreggiate;Asciutto;Asfaltata;Verticale ed orizzontale;Sereno;Normale;Buona;;1;0;0;3;12.6009;41.8473;-1;2;Autovettura privata;In marcia / fermata / arresto;Passeggero;F;Illeso;0;;Non accertato;Inesploso
5579811;10;08/09/2021 11:30:00;Strada Urbana;VIA BERNARDINO ALIMENA;in corrispondenza;;del civico n.;30A;;Scontro laterale fra veicoli in marcia;Rettilineo;Due carreggiate;Asciutto;Asfaltata;Verticale ed orizzontale;Sereno;Normale;Buona;;1;0;0;3;12.6009;41.8473;-1;2;Autovettura privata;In marcia / fermata / arresto;Passeggero;M;Illeso;0;;Non accertato;Inesploso
5579835;17;07/09/2021 18:25:00;Strada Urbana;VIA COLA DI RIENZO;all'intersezione con;VIA LUCREZIO CARO;VIA LUCREZIO CARO;;;Veicolo in marcia contro veicolo fermo;Incrocio;Una carreggiata a doppio senso;Asciutto;Asfaltata;Verticale ed orizzontale;Sereno;Normale;Buona;;0;0;0;3;12.4652;41.908;-1;1;Autovettura privata;In marcia / fermata / arresto;Conducente;M;Illeso;0;;;
5579835;17;07/09/2021 18:25:00;Strada Urbana;VIA COLA DI RIENZO;all'intersezione con;VIA LUCREZIO CARO;VIA LUCREZIO CARO;;;Veicolo in marcia contro veicolo fermo;Incrocio;Una carreggiata a doppio senso;Asciutto;Asfaltata;Verticale ed orizzontale;Sereno;Normale;Buona;;0;0;0;3;12.4652;41.908;-1;1;Autovettura privata;In marcia / fermata / arresto;Passeggero;M;Illeso;0;;;
5579835;17;07/09/2021 18:25:00;Strada Urbana;VIA COLA DI RIENZO;all'intersezione con;VIA LUCREZIO CARO;VIA LUCREZIO CARO;;;Veicolo in marcia contro veicolo fermo;Incrocio;Una carreggiata a doppio senso;Asciutto;Asfaltata;Verticale ed orizzontale;Sereno;Normale;Buona;;0;0;0;3;12.4652;41.908;-1;2;Autoveicolo trasp.promisc.;In marcia / fermata / arresto;Conducente;F;Illeso;0;;;
5579917;19;07/09/2021 10:00:00;Strada Urbana;VIA DELLA CAMILLUCCIA;in corrispondenza;;del civico n.;178;;Scontro laterale fra veicoli in marcia;Rettilineo;Una carreggiata a doppio senso;Asciutto;Asfaltata;Orizzontale;Sereno;Normale;Buona;;0;0;0;3;12.4435;41.9358;-1;1;Autovettura privata;In marcia / fermata / arresto;Conducente;M;Illeso;0;;Non accertato;
5579917;19;07/09/2021 10:00:00;Strada Urbana;VIA DELLA CAMILLUCCIA;in corrispondenza;;del civico n.;178;;Scontro laterale fra veicoli in marcia;Rettilineo;Una carreggiata a doppio senso;Asciutto;Asfaltata;Orizzontale;Sereno;Normale;Buona;;0;0;0;3;12.4435;41.9358;-1;2;Autovettura privata;In marcia / fermata / arresto;Conducente;F;Illeso;0;;Non accertato;
5579917;19;07/09/2021 10:00:00;Strada Urbana;VIA DELLA CAMILLUCCIA;in corrispondenza;;del civico n.;178;;Scontro laterale fra veicoli in marcia;Rettilineo;Una carreggiata a doppio senso;Asciutto;Asfaltata;Orizzontale;Sereno;Normale;Buona;;0;0;0;3;12.4435;41.9358;-1;2;Autovettura privata;In marcia / fermata / arresto;Passeggero;M;Illeso;0;;Non accertato;
5579919;19;08/09/2021 11:30:00;Strada Urbana;VIA DI TORREVECCHIA;all'intersezione con;VIA SIMONE MOSCA;VIA SIMONE MOSCA;;;Scontro frontale/laterale SX fra veicoli in marcia;Incrocio;Una carreggiata a doppio senso;Asciutto;Asfaltata;Verticale ed orizzontale;Sereno;Normale;Buona;;0;0;0;2;12.4192;41.9282;-1;1;Autovettura privata;In marcia / fermata / arresto;Conducente;M;Illeso;0;;;
5579919;19;08/09/2021 11:30:00;Strada Urbana;VIA DI TORREVECCHIA;all'intersezione con;VIA SIMONE MOSCA;VIA SIMONE MOSCA;;;Scontro frontale/laterale SX fra veicoli in marcia;Incrocio;Una carreggiata a doppio senso;Asciutto;Asfaltata;Verticale ed orizzontale;Sereno;Normale;Buona;;0;0;0;2;12.4192;41.9282;-1;2;Motociclo a solo;In marcia / fermata / arresto;Conducente;M;Illeso;0;;;
5579957;16;07/09/2021 11:10:00;Strada Urbana;VIA AURELIA ANTICA;in prossimit�;;del civico n.;1275;;Tamponamento Multiplo;Rettilineo;Una carreggiata a doppio senso;Asciutto;Asfaltata;Orizzontale;Sereno;Normale;Buona;;0;0;0;3;12.4267;41.8908;-1;1;Autovettura privata;In marcia / fermata / arresto;Conducente;M;Illeso;0;;Non accertato;Inesploso
5579957;16;07/09/2021 11:10:00;Strada Urbana;VIA AURELIA ANTICA;in prossimit�;;del civico n.;1275;;Tamponamento Multiplo;Rettilineo;Una carreggiata a doppio senso;Asciutto;Asfaltata;Orizzontale;Sereno;Normale;Buona;;0;0;0;3;12.4267;41.8908;-1;2;Autovettura privata;In marcia / fermata / arresto;Conducente;F;Illeso;0;;Non accertato;Inesploso
5579957;16;07/09/2021 11:10:00;Strada Urbana;VIA AURELIA ANTICA;in prossimit�;;del civico n.;1275;;Tamponamento Multiplo;Rettilineo;Una carreggiata a doppio senso;Asciutto;Asfaltata;Orizzontale;Sereno;Normale;Buona;;0;0;0;3;12.4267;41.8908;-1;3;Autovettura privata;In marcia / fermata / arresto;Conducente;M;Illeso;0;;Non accertato;Inesploso
5579975;10;08/09/2021 12:07:00;Strada Urbana;VIA SALVATORE BARZILAI;in prossimit�;;del civico n.;130;;Veicolo in marcia contro veicoli in sosta;Rettilineo;Una carreggiata a doppio senso;Asciutto;Asfaltata;Verticale ed orizzontale;Sereno;Scarso;Sufficiente;;0;0;0;1;12.5983;41.8408;-1;1;Autocarro inferiore 35 q.;In marcia / fermata / arresto;Conducente;F;Illeso;0;;;
5579975;10;08/09/2021 12:07:00;Strada Urbana;VIA SALVATORE BARZILAI;in prossimit�;;del civico n.;130;;Veicolo in marcia contro veicoli in sosta;Rettilineo;Una carreggiata a doppio senso;Asciutto;Asfaltata;Verticale ed orizzontale;Sereno;Scarso;Sufficiente;;0;0;0;1;12.5983;41.8408;-1;2;Autovettura privata;Sosta;;;;;;;
5580057;19;07/09/2021 11:30:00;Strada Urbana;VIA DEL FORTE BRASCHI;in prossimit�;;del civico n.;101;;Veicolo in marcia contro veicolo fermo;Rettilineo;Una carreggiata a doppio senso;Asciutto;Asfaltata;Verticale ed orizzontale;Sereno;Normale;Buona;;0;0;0;2;12.4172;41.9123;-1;1;Autovettura privata;In marcia / fermata / arresto;Conducente;M;Illeso;0;;Non accertato;
5580057;19;07/09/2021 11:30:00;Strada Urbana;VIA DEL FORTE BRASCHI;in prossimit�;;del civico n.;101;;Veicolo in marcia contro veicolo fermo;Rettilineo;Una carreggiata a doppio senso;Asciutto;Asfaltata;Verticale ed orizzontale;Sereno;Normale;Buona;;0;0;0;2;12.4172;41.9123;-1;2;Autovettura privata;In marcia / fermata / arresto;Conducente;F;Illeso;0;;Non accertato;
5580071;12;08/09/2021 12:50:00;Strada Urbana;VIALE AMERICA;in prossimit�;;del civico n.;95;;Scontro frontale/laterale SX fra veicoli in marcia;Rettilineo;Una carreggiata a senso unico di marcia;Asciutto;Asfaltata;Verticale ed orizzontale;Sereno;Normale;Buona;;1;0;0;1;12.4641;41.8317;-1;1;Autovettura privata;In marcia / fermata / arresto;Conducente;M;Illeso;0;;Non accertato;Inesploso
5580071;12;08/09/2021 12:50:00;Strada Urbana;VIALE AMERICA;in prossimit�;;del civico n.;95;;Scontro frontale/laterale SX fra veicoli in marcia;Rettilineo;Una carreggiata a senso unico di marcia;Asciutto;Asfaltata;Verticale ed orizzontale;Sereno;Normale;Buona;;1;0;0;1;12.4641;41.8317;-1;2;Velocipede;In marcia / fermata / arresto;Conducente;M;Rimandato;0;NON DECEDUTO;Esente;
5580098;16;07/09/2021 15:15:00;Strada Urbana;VIALE DI TRASTEVERE;all'intersezione con;LARGO BERNARDINO DA FELTRE;LARGO BERNARDINO DA FELTRE;;;Scontro laterale fra veicoli in marcia;Intersezione stradale segnalata;Pi� di due carreggiate;Asciutto;Asfaltata;Verticale ed orizzontale;Sereno;Normale;Buona;;1;0;0;3;12.4679;41.8817;-1;1;Autovettura privata;In marcia / fermata / arresto;Conducente;M;Illeso;0;;Non accertato;Inesploso
5580098;16;07/09/2021 15:15:00;Strada Urbana;VIALE DI TRASTEVERE;all'intersezione con;LARGO BERNARDINO DA FELTRE;LARGO BERNARDINO DA FELTRE;;;Scontro laterale fra veicoli in marcia;Intersezione stradale segnalata;Pi� di due carreggiate;Asciutto;Asfaltata;Verticale ed orizzontale;Sereno;Normale;Buona;;1;0;0;3;12.4679;41.8817;-1;1;Autovettura privata;In marcia / fermata / arresto;Passeggero;F;Illeso;0;;Non accertato;Inesploso
5580098;16;07/09/2021 15:15:00;Strada Urbana;VIALE DI TRASTEVERE;all'intersezione con;LARGO BERNARDINO DA FELTRE;LARGO BERNARDINO DA FELTRE;;;Scontro laterale fra veicoli in marcia;Intersezione stradale segnalata;Pi� di due carreggiate;Asciutto;Asfaltata;Verticale ed orizzontale;Sereno;Normale;Buona;;1;0;0;3;12.4679;41.8817;-1;2;Motociclo a solo;In marcia / fermata / arresto;Conducente;M;Rimandato;0;NON DECEDUTO;Non accertato;
5580098;16;07/09/2021 15:15:00;Strada Urbana;VIALE DI TRASTEVERE;all'intersezione con;LARGO BERNARDINO DA FELTRE;LARGO BERNARDINO DA FELTRE;;;Scontro laterale fra veicoli in marcia;Intersezione stradale segnalata;Pi� di due carreggiate;Asciutto;Asfaltata;Verticale ed orizzontale;Sereno;Normale;Buona;;1;0;0;3;12.4679;41.8817;-1;3;Autovettura privata;In marcia / fermata / arresto;Conducente;M;Illeso;0;;Non accertato;Inesploso
5580140;16;07/09/2021 15:30:00;Strada Urbana;VIA S. CALEPODIO;in prossimit�;;del civico n.;5;;Scontro frontale/laterale DX fra veicoli in marcia;Rettilineo;Una carreggiata a senso unico di marcia;Asciutto;Asfaltata;Assente;Sereno;Normale;Buona;;0;0;0;2;12.4577;41.879;-1;1;Autovettura privata;In marcia / fermata / arresto;Conducente;F;Illeso;0;;Non accertato;
5580140;16;07/09/2021 15:30:00;Strada Urbana;VIA S. CALEPODIO;in prossimit�;;del civico n.;5;;Scontro frontale/laterale DX fra veicoli in marcia;Rettilineo;Una carreggiata a senso unico di marcia;Asciutto;Asfaltata;Assente;Sereno;Normale;Buona;;0;0;0;2;12.4577;41.879;-1;2;Autovettura privata;In marcia / fermata / arresto;Conducente;F;Illeso;0;;Non accertato;
5580144;18;08/09/2021 12:20:00;Strada Urbana;VIA DI BOCCEA;in prossimit�;;del civico n.;500;;Scontro frontale/laterale SX fra veicoli in marcia;Rettilineo;Una carreggiata a senso unico di marcia;Asciutto;Asfaltata;Verticale ed orizzontale;Sereno;Normale;Buona;;1;0;0;1;12.3842;41.915;-1;1;Autovettura privata;In marcia / fermata / arresto;Conducente;M;Illeso;0;;Non accertato;Inesploso
5580144;18;08/09/2021 12:20:00;Strada Urbana;VIA DI BOCCEA;in prossimit�;;del civico n.;500;;Scontro frontale/laterale SX fra veicoli in marcia;Rettilineo;Una carreggiata a senso unico di marcia;Asciutto;Asfaltata;Verticale ed orizzontale;Sereno;Normale;Buona;;1;0;0;1;12.3842;41.915;-1;2;Motociclo a solo;In marcia / fermata / arresto;Conducente;M;Rimandato;0;NON DECEDUTO;;
5580148;19;07/09/2021 11:40:00;Strada Urbana;VIA UGO DE CAROLIS;in corrispondenza;;del civico n.;98;;Veicolo in marcia contro veicoli in sosta;Rettilineo;Una carreggiata a doppio senso;Asciutto;Asfaltata;Orizzontale;Sereno;Normale;Buona;;0;0;0;2;12.4392;41.9175;-1;1;Autovettura privata;In marcia / fermata / arresto;Conducente;M;Illeso;0;;Non accertato;
5580148;19;07/09/2021 11:40:00;Strada Urbana;VIA UGO DE CAROLIS;in corrispondenza;;del civico n.;98;;Veicolo in marcia contro veicoli in sosta;Rettilineo;Una carreggiata a doppio senso;Asciutto;Asfaltata;Orizzontale;Sereno;Normale;Buona;;0;0;0;2;12.4392;41.9175;-1;2;Autovettura privata;Sosta;Passeggero;F;Illeso;0;;Non accertato;
5580158;16;07/09/2021 19:20:00;Strada Urbana;VIA DEGLI STRADIVARI;da specificare;;;;fronte civico 3;Investimento di pedone;Rettilineo;Una carreggiata a doppio senso;Asciutto;Asfaltata;Verticale ed orizzontale;Sereno;Normale;Sufficiente;;1;0;0;1;12.4684;41.8744;-1;;;;Pedone;M;Rimandato;0;NON DECEDUTO;;
5580158;16;07/09/2021 19:20:00;Strada Urbana;VIA DEGLI STRADIVARI;da specificare;;;;fronte civico 3;Investimento di pedone;Rettilineo;Una carreggiata a doppio senso;Asciutto;Asfaltata;Verticale ed orizzontale;Sereno;Normale;Sufficiente;;1;0;0;1;12.4684;41.8744;-1;1;Autovettura privata;In marcia / fermata / arresto;Conducente;M;Illeso;0;;Non accertato;Inesploso
5580182;19;08/09/2021 08:45:00;Strada Urbana;VIA ENRICO PESTALOZZI;in corrispondenza;;del civico n.;13;;Scontro laterale fra veicoli in marcia;Rettilineo;Una carreggiata a senso unico di marcia;Asciutto;Asfaltata;Verticale ed orizzontale;Sereno;Normale;Buona;;0;0;0;2;12.4261;41.9355;-1;1;Autovettura privata;In marcia / fermata / arresto;Conducente;F;Illeso;0;;Non accertato;
5580182;19;08/09/2021 08:45:00;Strada Urbana;VIA ENRICO PESTALOZZI;in corrispondenza;;del civico n.;13;;Scontro laterale fra veicoli in marcia;Rettilineo;Una carreggiata a senso unico di marcia;Asciutto;Asfaltata;Verticale ed orizzontale;Sereno;Normale;Buona;;0;0;0;2;12.4261;41.9355;-1;2;Autocarro inferiore 35 q.;In marcia / fermata / arresto;Conducente;M;Illeso;0;;Non accertato;
5580202;19;07/09/2021 16:35:00;Strada Urbana;VIA ROMEO RODRIGUEZ PEREIRA;all'intersezione con;LARGO GIORGIO MACCAGNO;LARGO GIORGIO MACCAGNO;;;Scontro frontale/laterale DX fra veicoli in marcia;Incrocio;Una carreggiata a doppio senso;Asciutto;Asfaltata;Verticale ed orizzontale;Sereno;Normale;Buona;;0;0;0;3;12.4386;41.9161;-1;1;Autovettura privata;In marcia / fermata / arresto;Conducente;M;Illeso;0;;Non accertato;Inesploso
5580202;19;07/09/2021 16:35:00;Strada Urbana;VIA ROMEO RODRIGUEZ PEREIRA;all'intersezione con;LARGO GIORGIO MACCAGNO;LARGO GIORGIO MACCAGNO;;;Scontro frontale/laterale DX fra veicoli in marcia;Incrocio;Una carreggiata a doppio senso;Asciutto;Asfaltata;Verticale ed orizzontale;Sereno;Normale;Buona;;0;0;0;3;12.4386;41.9161;-1;1;Autovettura privata;In marcia / fermata / arresto;Passeggero;M;Illeso;0;;;
5580202;19;07/09/2021 16:35:00;Strada Urbana;VIA ROMEO RODRIGUEZ PEREIRA;all'intersezione con;LARGO GIORGIO MACCAGNO;LARGO GIORGIO MACCAGNO;;;Scontro frontale/laterale DX fra veicoli in marcia;Incrocio;Una carreggiata a doppio senso;Asciutto;Asfaltata;Verticale ed orizzontale;Sereno;Normale;Buona;;0;0;0;3;12.4386;41.9161;-1;2;Autovettura privata;In marcia / fermata / arresto;Conducente;M;Illeso;0;;Non accertato;Inesploso
5580216;18;08/09/2021 08:50:00;Strada Urbana;VIA DELLA PINETA SACCHETTI;da specificare;;;;in prossimit� di via Luigi Arbib Pascucci;Tamponamento;Rettilineo;Due carreggiate;Asciutto;Asfaltata;Verticale ed orizzontale;Sereno;Normale;Buona;;1;0;0;2;12.4267;41.9267;-1;1;Autovettura privata;In marcia / fermata / arresto;Conducente;M;Illeso;0;;Non accertato;Inesploso
5580216;18;08/09/2021 08:50:00;Strada Urbana;VIA DELLA PINETA SACCHETTI;da specificare;;;;in prossimit� di via Luigi Arbib Pascucci;Tamponamento;Rettilineo;Due carreggiate;Asciutto;Asfaltata;Verticale ed orizzontale;Sereno;Normale;Buona;;1;0;0;2;12.4267;41.9267;-1;2;Autovettura di polizia;In marcia / fermata / arresto;Conducente;F;Rimandato;0;NON DECEDUTO;Non accertato;Inesploso
5580216;18;08/09/2021 08:50:00;Strada Urbana;VIA DELLA PINETA SACCHETTI;da specificare;;;;in prossimit� di via Luigi Arbib Pascucci;Tamponamento;Rettilineo;Due carreggiate;Asciutto;Asfaltata;Verticale ed orizzontale;Sereno;Normale;Buona;;1;0;0;2;12.4267;41.9267;-1;2;Autovettura di polizia;In marcia / fermata / arresto;Passeggero;M;Illeso;0;;Non accertato;Inesploso
5580220;16;08/09/2021 11:10:00;Strada Urbana;VIA PASQUALE REVOLTELLA;all'intersezione semaforizzata con;VIA DI DONNA OLIMPIA;VIA DI DONNA OLIMPIA;;;Investimento di pedone;Intersezione semaforizzata;Due carreggiate;Asciutto;Asfaltata;Verticale ed orizzontale;Sereno;Normale;Buona;;1;0;0;2;12.4529;41.8738;-1;;;;Pedone;M;Ricoverato;0;NON DECEDUTO;;
5580220;16;08/09/2021 11:10:00;Strada Urbana;VIA PASQUALE REVOLTELLA;all'intersezione semaforizzata con;VIA DI DONNA OLIMPIA;VIA DI DONNA OLIMPIA;;;Investimento di pedone;Intersezione semaforizzata;Due carreggiate;Asciutto;Asfaltata;Verticale ed orizzontale;Sereno;Normale;Buona;;1;0;0;2;12.4529;41.8738;-1;1;Autovettura privata;In marcia / fermata / arresto;Conducente;M;Illeso;0;;Non accertato;
5580220;16;08/09/2021 11:10:00;Strada Urbana;VIA PASQUALE REVOLTELLA;all'intersezione semaforizzata con;VIA DI DONNA OLIMPIA;VIA DI DONNA OLIMPIA;;;Investimento di pedone;Intersezione semaforizzata;Due carreggiate;Asciutto;Asfaltata;Verticale ed orizzontale;Sereno;Normale;Buona;;1;0;0;2;12.4529;41.8738;-1;1;Autovettura privata;In marcia / fermata / arresto;Passeggero;M;Illeso;0;;Non accertato;
5580237;19;07/09/2021 16:55:00;Strada Urbana;GALLERIA GIOVANNI XXIII;da specificare;;;;presso Km. 1,100;Tamponamento;Rettilineo;Una carreggiata a senso unico di marcia;Asciutto;Asfaltata;Verticale ed orizzontale;Nuvoloso;Normale;Sufficiente;;0;0;0;2;12.4331;41.9376;-1;1;Autovettura privata;In marcia / fermata / arresto;Conducente;F;Illeso;0;;Non accertato;
5580237;19;07/09/2021 16:55:00;Strada Urbana;GALLERIA GIOVANNI XXIII;da specificare;;;;presso Km. 1,100;Tamponamento;Rettilineo;Una carreggiata a senso unico di marcia;Asciutto;Asfaltata;Verticale ed orizzontale;Nuvoloso;Normale;Sufficiente;;0;0;0;2;12.4331;41.9376;-1;2;Autovettura privata;In marcia / fermata / arresto;Conducente;M;Illeso;0;;Non accertato;
5580244;12;08/09/2021 11:50:00;Strada Urbana;VIALE DEI PRIMATI SPORTIVI;all'intersezione con;VIALE DELL'OCEANO PACIFICO;VIALE DELL'OCEANO PACIFICO;;;Scontro laterale fra veicoli in marcia;Intersezione stradale segnalata;Una carreggiata a doppio senso;Asciutto;Asfaltata;Verticale ed orizzontale;Sereno;Normale;Buona;;0;0;0;3;12.4548;41.8269;-1;1;Autovettura privata;In marcia / fermata / arresto;Conducente;M;Illeso;0;;Non accertato;Inesploso
5580244;12;08/09/2021 11:50:00;Strada Urbana;VIALE DEI PRIMATI SPORTIVI;all'intersezione con;VIALE DELL'OCEANO PACIFICO;VIALE DELL'OCEANO PACIFICO;;;Scontro laterale fra veicoli in marcia;Intersezione stradale segnalata;Una carreggiata a doppio senso;Asciutto;Asfaltata;Verticale ed orizzontale;Sereno;Normale;Buona;;0;0;0;3;12.4548;41.8269;-1;1;Autovettura privata;In marcia / fermata / arresto;Passeggero;F;Illeso;0;;Non accertato;Inesploso
5580244;12;08/09/2021 11:50:00;Strada Urbana;VIALE DEI PRIMATI SPORTIVI;all'intersezione con;VIALE DELL'OCEANO PACIFICO;VIALE DELL'OCEANO PACIFICO;;;Scontro laterale fra veicoli in marcia;Intersezione stradale segnalata;Una carreggiata a doppio senso;Asciutto;Asfaltata;Verticale ed orizzontale;Sereno;Normale;Buona;;0;0;0;3;12.4548;41.8269;-1;2;Autovettura privata;In marcia / fermata / arresto;Conducente;M;Illeso;0;;Non accertato;Inesploso
5580251;18;08/09/2021 09:25:00;;VIA CARDINALE MASSIMI;da specificare;;;;in prossimit� fronte civico 8 ;Investimento di pedone;;;;;;;;;;1;0;0;1;;;0;;;;Pedone;F;Rifiuta cure immediate;0;NON DECEDUTO;;
5580251;18;08/09/2021 09:25:00;;VIA CARDINALE MASSIMI;da specificare;;;;in prossimit� fronte civico 8 ;Investimento di pedone;;;;;;;;;;1;0;0;1;;;0;1;Motociclo a solo;In marcia / fermata / arresto;Conducente;M;Illeso;0;;;
5580283;1;06/09/2021 07:55:00;Strada Urbana;PIAZZALE OSTIENSE;in prossimit�;;del civico n.;9;;Investimento di pedone;Rettilineo;Una carreggiata a doppio senso;Asciutto;Asfaltata;Verticale ed orizzontale;Sereno;Normale;Buona;;0;0;0;2;12.4823;41.8759;-1;;;;Pedone;M;Illeso;0;;;
5580283;1;06/09/2021 07:55:00;Strada Urbana;PIAZZALE OSTIENSE;in prossimit�;;del civico n.;9;;Investimento di pedone;Rettilineo;Una carreggiata a doppio senso;Asciutto;Asfaltata;Verticale ed orizzontale;Sereno;Normale;Buona;;0;0;0;2;12.4823;41.8759;-1;1;Autovettura privata;In marcia / fermata / arresto;Conducente;M;Illeso;0;;Non accertato;Inesploso
5580287;10;08/09/2021 15:40:00;Strada Urbana;VIA TARQUINIO COLLATINO;in prossimit�;;del civico n.;58;;Veicolo in marcia contro veicolo fermo;Rettilineo;Due carreggiate;Asciutto;Asfaltata;Verticale ed orizzontale;Sereno;Normale;Buona;;0;0;0;2;12.5635;41.8614;-1;1;Autovettura privata;In marcia / fermata / arresto;Conducente;F;Illeso;0;;Esente;Inesploso
5580287;10;08/09/2021 15:40:00;Strada Urbana;VIA TARQUINIO COLLATINO;in prossimit�;;del civico n.;58;;Veicolo in marcia contro veicolo fermo;Rettilineo;Due carreggiate;Asciutto;Asfaltata;Verticale ed orizzontale;Sereno;Normale;Buona;;0;0;0;2;12.5635;41.8614;-1;2;Autovettura privata;In marcia / fermata / arresto;Conducente;M;Illeso;0;;Non accertato;Inesploso
5580289;18;08/09/2021 12:30:00;Strada Urbana;VIA GREGORIO VII;in corrispondenza;;del civico n.;255;;Veicolo in marcia contro veicoli in sosta;Pendenza;Pi� di due carreggiate;Asciutto;Asfaltata;Orizzontale;Sereno;Normale;Buona;;0;0;0;0;12.4444;41.8959;-1;1;Autovettura privata;In marcia / fermata / arresto;;;;;;;
5580289;18;08/09/2021 12:30:00;Strada Urbana;VIA GREGORIO VII;in corrispondenza;;del civico n.;255;;Veicolo in marcia contro veicoli in sosta;Pendenza;Pi� di due carreggiate;Asciutto;Asfaltata;Orizzontale;Sereno;Normale;Buona;;0;0;0;0;12.4444;41.8959;-1;2;Motociclo a solo;Sosta;;;;;;;
5580289;18;08/09/2021 12:30:00;Strada Urbana;VIA GREGORIO VII;in corrispondenza;;del civico n.;255;;Veicolo in marcia contro veicoli in sosta;Pendenza;Pi� di due carreggiate;Asciutto;Asfaltata;Orizzontale;Sereno;Normale;Buona;;0;0;0;0;12.4444;41.8959;-1;3;Motociclo a solo;Sosta;;;;;;;