Protocollo;Gruppo;DataOraIncidente;Localizzazione1;STRADA1;Localizzazione2;STRADA2;Strada02;Chilometrica;DaSpecificare;NaturaIncidente;particolaritastrade;TipoStrada;FondoStradale;Pavimentazione;Segnaletica;CondizioneAtmosferica;Traffico;Visibilita;Illuminazione;NUM_FERITI;NUM_RISERVATA;NUM_MORTI;NUM_ILLESI;Longitudine;Latitudine;Confermato;Progressivo;TipoVeicolo;StatoVeicolo;TipoPersona;Sesso;Tipolesione;Deceduto;DecedutoDopo;CinturaCascoUtilizzato;Airbag;
5586080;2;11/09/2021 18:40:00;Strada Urbana;VIA DI TRASONE;all'intersezione con;VIA DEI GIORDANI;VIA DEI GIORDANI;;;Scontro frontale/laterale DX fra veicoli in marcia;Incrocio;Una carreggiata a senso unico di marcia;Bagnato (umidit� in atto);Asfaltata;Verticale ed orizzontale;Nuvoloso;Scarso;Buona;;0;0;0;4;12.5115;41.9297;-1;2;Autovettura privata;In marcia / fermata / arresto;Conducente;M;Illeso;0;;;
5586080;2;11/09/2021 18:40:00;Strada Urbana;VIA DI TRASONE;all'intersezione con;VIA DEI GIORDANI;VIA DEI GIORDANI;;;Scontro frontale/laterale DX fra veicoli in marcia;Incrocio;Una carreggiata a senso unico di marcia;Bagnato (umidit� in atto);Asfaltata;Verticale ed orizzontale;Nuvoloso;Scarso;Buona;;0;0;0;4;12.5115;41.9297;-1;2;Autovettura privata;In marcia / fermata / arresto;Passeggero;F;Illeso;0;;;
5586090;2;12/09/2021 01:45:00;Strada Urbana;CORSO D'ITALIA;da specificare;;;;uscita sottovia alt. NH Hotel (Via Campania);Scontro laterale fra veicoli in marcia;Rettilineo;Una carreggiata a senso unico di marcia;Asciutto;Asfaltata;Verticale ed orizzontale;Sereno;Scarso;Sufficiente;;0;0;0;7;12.4671;41.876;-1;1;Autovettura privata;In marcia / fermata / arresto;Conducente;M;Illeso;0;;Non accertato;Inesploso
5586090;2;12/09/2021 01:45:00;Strada Urbana;CORSO D'ITALIA;da specificare;;;;uscita sottovia alt. NH Hotel (Via Campania);Scontro laterale fra veicoli in marcia;Rettilineo;Una carreggiata a senso unico di marcia;Asciutto;Asfaltata;Verticale ed orizzontale;Sereno;Scarso;Sufficiente;;0;0;0;7;12.4671;41.876;-1;1;Autovettura privata;In marcia / fermata / arresto;Passeggero;M;Illeso;0;;Non accertato;Inesploso
5586090;2;12/09/2021 01:45:00;Strada Urbana;CORSO D'ITALIA;da specificare;;;;uscita sottovia alt. NH Hotel (Via Campania);Scontro laterale fra veicoli in marcia;Rettilineo;Una carreggiata a senso unico di marcia;Asciutto;Asfaltata;Verticale ed orizzontale;Sereno;Scarso;Sufficiente;;0;0;0;7;12.4671;41.876;-1;1;Autovettura privata;In marcia / fermata / arresto;Passeggero;F;Illeso;0;;Non accertato;Inesploso
5586090;2;12/09/2021 01:45:00;Strada Urbana;CORSO D'ITALIA;da specificare;;;;uscita sottovia alt. NH Hotel (Via Campania);Scontro laterale fra veicoli in marcia;Rettilineo;Una carreggiata a senso unico di marcia;Asciutto;Asfaltata;Verticale ed orizzontale;Sereno;Scarso;Sufficiente;;0;0;0;7;12.4671;41.876;-1;1;Autovettura privata;In marcia / fermata / arresto;Passeggero;F;Illeso;0;;Non accertato;Inesploso
5586090;2;12/09/2021 01:45:00;Strada Urbana;CORSO D'ITALIA;da specificare;;;;uscita sottovia alt. NH Hotel (Via Campania);Scontro laterale fra veicoli in marcia;Rettilineo;Una carreggiata a senso unico di marcia;Asciutto;Asfaltata;Verticale ed orizzontale;Sereno;Scarso;Sufficiente;;0;0;0;7;12.4671;41.876;-1;2;Autovettura privata;In marcia / fermata / arresto;Conducente;M;Illeso;0;;Non accertato;Inesploso
5586090;2;12/09/2021 01:45:00;Strada Urbana;CORSO D'ITALIA;da specificare;;;;uscita sottovia alt. NH Hotel (Via Campania);Scontro laterale fra veicoli in marcia;Rettilineo;Una carreggiata a senso unico di marcia;Asciutto;Asfaltata;Verticale ed orizzontale;Sereno;Scarso;Sufficiente;;0;0;0;7;12.4671;41.876;-1;2;Autovettura privata;In marcia / fermata / arresto;Passeggero;F;Illeso;0;;Non accertato;Inesploso
5586090;2;12/09/2021 01:45:00;Strada Urbana;CORSO D'ITALIA;da specificare;;;;uscita sottovia alt. NH Hotel (Via Campania);Scontro laterale fra veicoli in marcia;Rettilineo;Una carreggiata a senso unico di marcia;Asciutto;Asfaltata;Verticale ed orizzontale;Sereno;Scarso;Sufficiente;;0;0;0;7;12.4671;41.876;-1;2;Autovettura privata;In marcia / fermata / arresto;Passeggero;F;Illeso;0;;Non accertato;Inesploso
5586136;6;12/09/2021 12:25:00;Provinciale entro l'abitato;VIA PRENESTINA;all'intersezione semaforizzata con;VIA TOR DE' SCHIAVI;VIA TOR DE' SCHIAVI;;;Scontro laterale fra veicoli in marcia;Intersezione semaforizzata;Pi� di due carreggiate;Asciutto;Asfaltata;Verticale ed orizzontale;Sereno;Normale;Buona;;1;0;0;1;12.5591;41.8947;-1;1;Autocarro inferiore 35 q.;In marcia / fermata / arresto;Conducente;M;Illeso;0;;Non accertato;Inesploso
5586136;6;12/09/2021 12:25:00;Provinciale entro l'abitato;VIA PRENESTINA;all'intersezione semaforizzata con;VIA TOR DE' SCHIAVI;VIA TOR DE' SCHIAVI;;;Scontro laterale fra veicoli in marcia;Intersezione semaforizzata;Pi� di due carreggiate;Asciutto;Asfaltata;Verticale ed orizzontale;Sereno;Normale;Buona;;1;0;0;1;12.5591;41.8947;-1;2;Velocipede;In marcia / fermata / arresto;Conducente;M;Rimandato;0;NON DECEDUTO;Esente;
5586194;10;12/09/2021 12:15:00;Strada Urbana;VIA DELLE CAPANNELLE;in corrispondenza;;del civico n.;215;;Veicolo in marcia contro ostacolo fisso;Rettilineo;Una carreggiata a doppio senso;Asciutto;Asfaltata;Verticale ed orizzontale;Sereno;Normale;Buona;;2;1;0;0;12.5749;41.8448;-1;1;Autovettura privata;In marcia / fermata / arresto;Conducente;M;Rimandato;0;NON DECEDUTO;Non accertato;Esploso
5586194;10;12/09/2021 12:15:00;Strada Urbana;VIA DELLE CAPANNELLE;in corrispondenza;;del civico n.;215;;Veicolo in marcia contro ostacolo fisso;Rettilineo;Una carreggiata a doppio senso;Asciutto;Asfaltata;Verticale ed orizzontale;Sereno;Normale;Buona;;2;1;0;0;12.5749;41.8448;-1;1;Autovettura privata;In marcia / fermata / arresto;Passeggero;M;Rimandato;0;NON DECEDUTO;Non accertato;Esploso
5586194;10;12/09/2021 12:15:00;Strada Urbana;VIA DELLE CAPANNELLE;in corrispondenza;;del civico n.;215;;Veicolo in marcia contro ostacolo fisso;Rettilineo;Una carreggiata a doppio senso;Asciutto;Asfaltata;Verticale ed orizzontale;Sereno;Normale;Buona;;2;1;0;0;12.5749;41.8448;-1;1;Autovettura privata;In marcia / fermata / arresto;Passeggero;F;Prognosi riservata;0;NON DECEDUTO;Non accertato;Inesploso
5586244;12;10/09/2021 13:45:00;Strada Urbana;VIALE DEI CADUTI PER LA RESISTENZA;all'intersezione con;VIA UMBERTO GRANI;VIA UMBERTO GRANI;;;Veicolo in marcia contro ostacolo fisso;Incrocio;Una carreggiata a senso unico di marcia;Asciutto;Asfaltata;Verticale ed orizzontale;Sereno;Normale;Buona;;0;0;0;1;12.4414;41.7825;-1;1;Autovettura privata;In marcia / fermata / arresto;Conducente;M;Illeso;0;;Utilizzato;Inesploso
5586254;20;12/09/2021 13:00:00;Strada Urbana;VIA FLAMINIA;in prossimit�;;del civico n.;1851;;Tamponamento;Rettilineo;Una carreggiata a doppio senso;Asciutto;Asfaltata;Orizzontale;Sereno;Normale;Buona;;1;0;0;3;12.4857;42.0406;-1;1;Autovettura privata;In marcia / fermata / arresto;Conducente;F;Illeso;0;;Non accertato;Inesploso
5586254;20;12/09/2021 13:00:00;Strada Urbana;VIA FLAMINIA;in prossimit�;;del civico n.;1851;;Tamponamento;Rettilineo;Una carreggiata a doppio senso;Asciutto;Asfaltata;Orizzontale;Sereno;Normale;Buona;;1;0;0;3;12.4857;42.0406;-1;1;Autovettura privata;In marcia / fermata / arresto;Passeggero;F;Illeso;0;;Non accertato;Inesploso
5586254;20;12/09/2021 13:00:00;Strada Urbana;VIA FLAMINIA;in prossimit�;;del civico n.;1851;;Tamponamento;Rettilineo;Una carreggiata a doppio senso;Asciutto;Asfaltata;Orizzontale;Sereno;Normale;Buona;;1;0;0;3;12.4857;42.0406;-1;1;Autovettura privata;In marcia / fermata / arresto;Passeggero;F;Illeso;0;;Non accertato;Inesploso
5586254;20;12/09/2021 13:00:00;Strada Urbana;VIA FLAMINIA;in prossimit�;;del civico n.;1851;;Tamponamento;Rettilineo;Una carreggiata a doppio senso;Asciutto;Asfaltata;Orizzontale;Sereno;Normale;Buona;;1;0;0;3;12.4857;42.0406;-1;2;Autovettura privata;In marcia / fermata / arresto;Conducente;M;Rimandato;0;NON DECEDUTO;Non accertato;Inesistente
5586273;12;11/09/2021 11:30:00;Strada Urbana;LARGO GIUSEPPE MONTANARI;in prossimit�;;del civico n.;11;;Scontro laterale fra veicoli in marcia;Rettilineo;Una carreggiata a doppio senso;Asciutto;Asfaltata;Verticale ed orizzontale;Sereno;Scarso;Buona;;0;0;0;3;12.5192;41.7876;-1;1;Autovettura privata;In marcia / fermata / arresto;Conducente;M;Illeso;0;;Utilizzato;Inesploso
5586273;12;11/09/2021 11:30:00;Strada Urbana;LARGO GIUSEPPE MONTANARI;in prossimit�;;del civico n.;11;;Scontro laterale fra veicoli in marcia;Rettilineo;Una carreggiata a doppio senso;Asciutto;Asfaltata;Verticale ed orizzontale;Sereno;Scarso;Buona;;0;0;0;3;12.5192;41.7876;-1;1;Autovettura privata;In marcia / fermata / arresto;Passeggero;M;Illeso;0;;Utilizzato;Inesploso
5586273;12;11/09/2021 11:30:00;Strada Urbana;LARGO GIUSEPPE MONTANARI;in prossimit�;;del civico n.;11;;Scontro laterale fra veicoli in marcia;Rettilineo;Una carreggiata a doppio senso;Asciutto;Asfaltata;Verticale ed orizzontale;Sereno;Scarso;Buona;;0;0;0;3;12.5192;41.7876;-1;2;Autovettura privata;In marcia / fermata / arresto;Conducente;M;Illeso;0;;Utilizzato;Inesploso
5586275;12;11/09/2021 13:45:00;Strada Urbana;VIALE DELL'OCEANO ATLANTICO;all'intersezione con;VIA LAURENTINA;VIA LAURENTINA;;;Scontro laterale fra veicoli in marcia;Intersezione semaforizzata;Due carreggiate;Asciutto;Asfaltata;Verticale ed orizzontale;Sereno;Normale;Buona;;1;0;0;2;12.4651;41.8175;-1;1;Autovettura privata;In marcia / fermata / arresto;Conducente;M;Illeso;0;;Utilizzato;Inesploso
5586275;12;11/09/2021 13:45:00;Strada Urbana;VIALE DELL'OCEANO ATLANTICO;all'intersezione con;VIA LAURENTINA;VIA LAURENTINA;;;Scontro laterale fra veicoli in marcia;Intersezione semaforizzata;Due carreggiate;Asciutto;Asfaltata;Verticale ed orizzontale;Sereno;Normale;Buona;;1;0;0;2;12.4651;41.8175;-1;2;Ciclomotore;In marcia / fermata / arresto;Conducente;M;Rimandato;0;NON DECEDUTO;Utilizzato;
5586275;12;11/09/2021 13:45:00;Strada Urbana;VIALE DELL'OCEANO ATLANTICO;all'intersezione con;VIA LAURENTINA;VIA LAURENTINA;;;Scontro laterale fra veicoli in marcia;Intersezione semaforizzata;Due carreggiate;Asciutto;Asfaltata;Verticale ed orizzontale;Sereno;Normale;Buona;;1;0;0;2;12.4651;41.8175;-1;2;Ciclomotore;In marcia / fermata / arresto;Passeggero;M;Illeso;0;;Utilizzato;
5586278;12;11/09/2021 18:30:00;Strada Urbana;PIAZZALE FERRUCCIO PARRI;da specificare;;;;altezza VIALE ROMOLO MURRI;Scontro frontale/laterale SX fra veicoli in marcia;Rettilineo;Una carreggiata a doppio senso;Asciutto;Asfaltata;Verticale ed orizzontale;Sereno;Normale;Buona;;1;0;0;1;12.4633;41.8373;-1;1;Autovettura privata;In marcia / fermata / arresto;Conducente;F;Illeso;0;;Non accertato;Inesploso
5586278;12;11/09/2021 18:30:00;Strada Urbana;PIAZZALE FERRUCCIO PARRI;da specificare;;;;altezza VIALE ROMOLO MURRI;Scontro frontale/laterale SX fra veicoli in marcia;Rettilineo;Una carreggiata a doppio senso;Asciutto;Asfaltata;Verticale ed orizzontale;Sereno;Normale;Buona;;1;0;0;1;12.4633;41.8373;-1;2;Motociclo con passeggero;In marcia / fermata / arresto;Conducente;M;Rimandato;0;NON DECEDUTO;Non accertato;
5586279;12;11/09/2021 14:45:00;Strada Urbana;VIALE CRISTOFORO COLOMBO;da specificare;;;;ALT. CIVICO 680 (DISTRIBUTORE ESSO);Veicolo in marcia contro veicolo fermo;Rettilineo;Due carreggiate;Asciutto;Lastricata;Assente;Sereno;Normale;Buona;;0;0;0;3;12.4536;41.8089;-1;1;Autovettura privata;In marcia / fermata / arresto;Conducente;M;Illeso;0;;Utilizzato;Inesploso
5586279;12;11/09/2021 14:45:00;Strada Urbana;VIALE CRISTOFORO COLOMBO;da specificare;;;;ALT. CIVICO 680 (DISTRIBUTORE ESSO);Veicolo in marcia contro veicolo fermo;Rettilineo;Due carreggiate;Asciutto;Lastricata;Assente;Sereno;Normale;Buona;;0;0;0;3;12.4536;41.8089;-1;2;Autovettura privata;In marcia / fermata / arresto;Conducente;M;Illeso;0;;Utilizzato;Inesploso
5586279;12;11/09/2021 14:45:00;Strada Urbana;VIALE CRISTOFORO COLOMBO;da specificare;;;;ALT. CIVICO 680 (DISTRIBUTORE ESSO);Veicolo in marcia contro veicolo fermo;Rettilineo;Due carreggiate;Asciutto;Lastricata;Assente;Sereno;Normale;Buona;;0;0;0;3;12.4536;41.8089;-1;2;Autovettura privata;In marcia / fermata / arresto;Passeggero;F;Illeso;0;;Utilizzato;Inesploso
5586370;10;11/09/2021 20:30:00;Strada Urbana;VIA TUSCOLANA;in corrispondenza;;del civico n.;985/B;;Veicolo in marcia contro veicolo in sosta;Rettilineo;Una carreggiata a senso unico di marcia;Asciutto;Asfaltata;Verticale ed orizzontale;Sereno;Normale;Sufficiente;;0;0;0;1;12.5662;41.8548;-1;1;Autovettura privata;In marcia / fermata / arresto;Conducente;F;Illeso;0;;Non accertato;Inesploso
5586370;10;11/09/2021 20:30:00;Strada Urbana;VIA TUSCOLANA;in corrispondenza;;del civico n.;985/B;;Veicolo in marcia contro veicolo in sosta;Rettilineo;Una carreggiata a senso unico di marcia;Asciutto;Asfaltata;Verticale ed orizzontale;Sereno;Normale;Sufficiente;;0;0;0;1;12.5662;41.8548;-1;2;Autovettura privata;Sosta;;;;;;;
5586380;13;12/09/2021 13:45:00;Strada Urbana;VIA GIULIANO DA SANGALLO;da specificare;;;;area Parcheggio prox Namaziano;Scontro laterale fra veicoli in marcia;Rettilineo;Due carreggiate;Asciutto;Asfaltata;Verticale ed orizzontale;Sereno;Scarso;Buona;;0;0;0;5;12.273;41.7314;-1;1;Autovettura privata;In marcia / fermata / arresto;Conducente;F;Illeso;0;;Non accertato;Inesploso
5586380;13;12/09/2021 13:45:00;Strada Urbana;VIA GIULIANO DA SANGALLO;da specificare;;;;area Parcheggio prox Namaziano;Scontro laterale fra veicoli in marcia;Rettilineo;Due carreggiate;Asciutto;Asfaltata;Verticale ed orizzontale;Sereno;Scarso;Buona;;0;0;0;5;12.273;41.7314;-1;1;Autovettura privata;In marcia / fermata / arresto;Passeggero;F;Illeso;0;;Non accertato;Inesploso
5586380;13;12/09/2021 13:45:00;Strada Urbana;VIA GIULIANO DA SANGALLO;da specificare;;;;area Parcheggio prox Namaziano;Scontro laterale fra veicoli in marcia;Rettilineo;Due carreggiate;Asciutto;Asfaltata;Verticale ed orizzontale;Sereno;Scarso;Buona;;0;0;0;5;12.273;41.7314;-1;2;Autovettura privata;In marcia / fermata / arresto;Conducente;M;Illeso;0;;Non accertato;Inesploso
5586380;13;12/09/2021 13:45:00;Strada Urbana;VIA GIULIANO DA SANGALLO;da specificare;;;;area Parcheggio prox Namaziano;Scontro laterale fra veicoli in marcia;Rettilineo;Due carreggiate;Asciutto;Asfaltata;Verticale ed orizzontale;Sereno;Scarso;Buona;;0;0;0;5;12.273;41.7314;-1;2;Autovettura privata;In marcia / fermata / arresto;Passeggero;F;Illeso;0;;Non accertato;Inesploso
5586380;13;12/09/2021 13:45:00;Strada Urbana;VIA GIULIANO DA SANGALLO;da specificare;;;;area Parcheggio prox Namaziano;Scontro laterale fra veicoli in marcia;Rettilineo;Due carreggiate;Asciutto;Asfaltata;Verticale ed orizzontale;Sereno;Scarso;Buona;;0;0;0;5;12.273;41.7314;-1;2;Autovettura privata;In marcia / fermata / arresto;Passeggero;F;Illeso;0;;Non accertato;Inesploso
5586380;13;12/09/2021 13:45:00;Strada Urbana;VIA GIULIANO DA SANGALLO;da specificare;;;;area Parcheggio prox Namaziano;Scontro laterale fra veicoli in marcia;Rettilineo;Due carreggiate;Asciutto;Asfaltata;Verticale ed orizzontale;Sereno;Scarso;Buona;;0;0;0;5;12.273;41.7314;-1;3;Autovettura privata;Sosta;;;;;;;
5586441;10;12/09/2021 08:00:00;Strada Urbana;VIA ANAGNINA;in prossimit�;;del civico n.;658;;Veicolo in marcia contro ostacolo fisso;Rettilineo;Una carreggiata a senso unico di marcia;Asciutto;Asfaltata;Verticale ed orizzontale;Sereno;Normale;Buona;;0;0;0;1;12.642;41.801;-1;1;Autovettura privata;In marcia / fermata / arresto;Conducente;F;Illeso;0;;Non accertato;Inesploso
5586453;15;10/09/2021 18:30:00;Strada Urbana;VIA FRESONARA;in corrispondenza;;del civico n.;2;;Veicolo in marcia contro veicolo in sosta;Rettilineo;Una carreggiata a doppio senso;Asciutto;Asfaltata;Verticale ed orizzontale;Sereno;Intenso;Buona;;1;0;0;0;12.3029;41.8248;-1;1;Autovettura privata;In marcia / fermata / arresto;Conducente;F;Rimandato;0;NON DECEDUTO;Non accertato;Inesploso
5586453;15;10/09/2021 18:30:00;Strada Urbana;VIA FRESONARA;in corrispondenza;;del civico n.;2;;Veicolo in marcia contro veicolo in sosta;Rettilineo;Una carreggiata a doppio senso;Asciutto;Asfaltata;Verticale ed orizzontale;Sereno;Intenso;Buona;;1;0;0;0;12.3029;41.8248;-1;2;Autovettura privata;Sosta;;;;;;;
5586465;10;12/09/2021 10:30:00;Strada Urbana;VIA RANUCCIO BIANCHI BANDINELLI;in prossimit�;;del civico n.;19;;Scontro laterale fra veicoli in marcia;Rettilineo;Una carreggiata a doppio senso;Asciutto;Asfaltata;Verticale ed orizzontale;Sereno;Normale;Buona;;0;0;0;2;12.5831;41.8206;-1;1;Autovettura privata;In marcia / fermata / arresto;Conducente;M;Illeso;0;;Non accertato;Inesploso
5586465;10;12/09/2021 10:30:00;Strada Urbana;VIA RANUCCIO BIANCHI BANDINELLI;in prossimit�;;del civico n.;19;;Scontro laterale fra veicoli in marcia;Rettilineo;Una carreggiata a doppio senso;Asciutto;Asfaltata;Verticale ed orizzontale;Sereno;Normale;Buona;;0;0;0;2;12.5831;41.8206;-1;2;Autovettura privata;In marcia / fermata / arresto;Conducente;M;Illeso;0;;Non accertato;Inesploso
5586495;15;10/09/2021 23:50:00;Strada Urbana;VIA TEMISTOCLE CALZECCHI ONESTI;all'intersezione semaforizzata con;VIALE GUGLIELMO MARCONI;VIALE GUGLIELMO MARCONI;;;Scontro laterale fra veicoli in marcia;Intersezione semaforizzata;Due carreggiate;Asciutto;Asfaltata;Verticale ed orizzontale;Sereno;Scarso;Sufficiente;;0;0;0;3;12.4725;41.8572;-1;1;Autovettura privata;In marcia / fermata / arresto;Conducente;F;Illeso;0;;Non accertato;Inesploso
5586495;15;10/09/2021 23:50:00;Strada Urbana;VIA TEMISTOCLE CALZECCHI ONESTI;all'intersezione semaforizzata con;VIALE GUGLIELMO MARCONI;VIALE GUGLIELMO MARCONI;;;Scontro laterale fra veicoli in marcia;Intersezione semaforizzata;Due carreggiate;Asciutto;Asfaltata;Verticale ed orizzontale;Sereno;Scarso;Sufficiente;;0;0;0;3;12.4725;41.8572;-1;1;Autovettura privata;In marcia / fermata / arresto;Passeggero;F;Illeso;0;;Non accertato;Inesploso
5586495;15;10/09/2021 23:50:00;Strada Urbana;VIA TEMISTOCLE CALZECCHI ONESTI;all'intersezione semaforizzata con;VIALE GUGLIELMO MARCONI;VIALE GUGLIELMO MARCONI;;;Scontro laterale fra veicoli in marcia;Intersezione semaforizzata;Due carreggiate;Asciutto;Asfaltata;Verticale ed orizzontale;Sereno;Scarso;Sufficiente;;0;0;0;3;12.4725;41.8572;-1;2;Autovettura privata;In marcia / fermata / arresto;Conducente;F;Illeso;0;;Non accertato;Inesploso
5586527;15;12/09/2021 11:15:00;Strada Urbana;VIALE GUGLIELMO MARCONI;in corrispondenza;;del civico n.;214;;Scontro frontale fra veicoli in marcia;Rettilineo;Due carreggiate;Asciutto;Asfaltata;Verticale ed orizzontale;Sereno;Normale;Sufficiente;;1;0;0;1;12.4688;41.8651;-1;1;Motociclo a solo;In marcia / fermata / arresto;Conducente;M;Rimandato;0;NON DECEDUTO;Non accertato;
5586527;15;12/09/2021 11:15:00;Strada Urbana;VIALE GUGLIELMO MARCONI;in corrispondenza;;del civico n.;214;;Scontro frontale fra veicoli in marcia;Rettilineo;Due carreggiate;Asciutto;Asfaltata;Verticale ed orizzontale;Sereno;Normale;Sufficiente;;1;0;0;1;12.4688;41.8651;-1;2;Autovettura privata;In marcia / fermata / arresto;Conducente;M;Illeso;0;;Non accertato;Inesploso
5586527;15;12/09/2021 11:15:00;Strada Urbana;VIALE GUGLIELMO MARCONI;in corrispondenza;;del civico n.;214;;Scontro frontale fra veicoli in marcia;Rettilineo;Due carreggiate;Asciutto;Asfaltata;Verticale ed orizzontale;Sereno;Normale;Sufficiente;;1;0;0;1;12.4688;41.8651;-1;3;Autovettura privata;Allontanatosi;;;;;;;
5586637;15;11/09/2021 17:45:00;Strada Urbana;VIA DELL'IMPRUNETA;all'intersezione con;VIA PIEVE FOSCIANA;VIA PIEVE FOSCIANA;;;Veicolo in marcia contro veicolo in sosta;Intersezione stradale segnalata;Due carreggiate;Asciutto;Asfaltata;Verticale ed orizzontale;Sereno;Normale;Buona;;2;0;0;0;12.4584;41.8471;0;1;Autovettura privata;In marcia / fermata / arresto;Conducente;M;Rifiuta cure immediate;0;NON DECEDUTO;Non accertato;Esploso
5586637;15;11/09/2021 17:45:00;Strada Urbana;VIA DELL'IMPRUNETA;all'intersezione con;VIA PIEVE FOSCIANA;VIA PIEVE FOSCIANA;;;Veicolo in marcia contro veicolo in sosta;Intersezione stradale segnalata;Due carreggiate;Asciutto;Asfaltata;Verticale ed orizzontale;Sereno;Normale;Buona;;2;0;0;0;12.4584;41.8471;0;1;Autovettura privata;In marcia / fermata / arresto;Passeggero;M;Rimandato;0;NON DECEDUTO;Non accertato;Esploso
5586637;15;11/09/2021 17:45:00;Strada Urbana;VIA DELL'IMPRUNETA;all'intersezione con;VIA PIEVE FOSCIANA;VIA PIEVE FOSCIANA;;;Veicolo in marcia contro veicolo in sosta;Intersezione stradale segnalata;Due carreggiate;Asciutto;Asfaltata;Verticale ed orizzontale;Sereno;Normale;Buona;;2;0;0;0;12.4584;41.8471;0;2;Autovettura privata;In marcia / fermata / arresto;;;;;;;
5586637;15;11/09/2021 17:45:00;Strada Urbana;VIA DELL'IMPRUNETA;all'intersezione con;VIA PIEVE FOSCIANA;VIA PIEVE FOSCIANA;;;Veicolo in marcia contro veicolo in sosta;Intersezione stradale segnalata;Due carreggiate;Asciutto;Asfaltata;Verticale ed orizzontale;Sereno;Normale;Buona;;2;0;0;0;12.4584;41.8471;0;3;Autovettura privata;Sosta;;;;;;;
5586891;8;12/09/2021 15:47:00;Strada Urbana;VIA VINCENZO BONIFATI;da specificare;;;;prossimit� via G. GRAPPELLI;Tamponamento Multiplo;Rettilineo;Due carreggiate;Asciutto;Asfaltata;Verticale ed orizzontale;Sereno;Intenso;Buona;;3;0;0;4;12.6604;41.9164;-1;1;Autovettura privata;In marcia / fermata / arresto;Conducente;F;Illeso;0;;Non accertato;Inesploso
5586891;8;12/09/2021 15:47:00;Strada Urbana;VIA VINCENZO BONIFATI;da specificare;;;;prossimit� via G. GRAPPELLI;Tamponamento Multiplo;Rettilineo;Due carreggiate;Asciutto;Asfaltata;Verticale ed orizzontale;Sereno;Intenso;Buona;;3;0;0;4;12.6604;41.9164;-1;1;Autovettura privata;In marcia / fermata / arresto;Passeggero;F;Rifiuta cure immediate;0;NON DECEDUTO;Non accertato;Inesploso
5586891;8;12/09/2021 15:47:00;Strada Urbana;VIA VINCENZO BONIFATI;da specificare;;;;prossimit� via G. GRAPPELLI;Tamponamento Multiplo;Rettilineo;Due carreggiate;Asciutto;Asfaltata;Verticale ed orizzontale;Sereno;Intenso;Buona;;3;0;0;4;12.6604;41.9164;-1;2;Autovettura privata;In marcia / fermata / arresto;Conducente;F;Illeso;0;;Non accertato;Inesploso
5586891;8;12/09/2021 15:47:00;Strada Urbana;VIA VINCENZO BONIFATI;da specificare;;;;prossimit� via G. GRAPPELLI;Tamponamento Multiplo;Rettilineo;Due carreggiate;Asciutto;Asfaltata;Verticale ed orizzontale;Sereno;Intenso;Buona;;3;0;0;4;12.6604;41.9164;-1;2;Autovettura privata;In marcia / fermata / arresto;Passeggero;F;Rifiuta cure immediate;0;NON DECEDUTO;Non accertato;Inesploso
5586891;8;12/09/2021 15:47:00;Strada Urbana;VIA VINCENZO BONIFATI;da specificare;;;;prossimit� via G. GRAPPELLI;Tamponamento Multiplo;Rettilineo;Due carreggiate;Asciutto;Asfaltata;Verticale ed orizzontale;Sereno;Intenso;Buona;;3;0;0;4;12.6604;41.9164;-1;2;Autovettura privata;In marcia / fermata / arresto;Passeggero;F;Rifiuta cure immediate;0;NON DECEDUTO;Non accertato;Inesploso
5586891;8;12/09/2021 15:47:00;Strada Urbana;VIA VINCENZO BONIFATI;da specificare;;;;prossimit� via G. GRAPPELLI;Tamponamento Multiplo;Rettilineo;Due carreggiate;Asciutto;Asfaltata;Verticale ed orizzontale;Sereno;Intenso;Buona;;3;0;0;4;12.6604;41.9164;-1;3;Autovettura privata;In marcia / fermata / arresto;Conducente;M;Illeso;0;;Non accertato;Inesploso
5586891;8;12/09/2021 15:47:00;Strada Urbana;VIA VINCENZO BONIFATI;da specificare;;;;prossimit� via G. GRAPPELLI;Tamponamento Multiplo;Rettilineo;Due carreggiate;Asciutto;Asfaltata;Verticale ed orizzontale;Sereno;Intenso;Buona;;3;0;0;4;12.6604;41.9164;-1;3;Autovettura privata;In marcia / fermata / arresto;Passeggero;F;Illeso;0;;Non accertato;Inesploso
5586944;15;12/09/2021 17:30:00;Strada Urbana;VIA DELLA MAGLIANA;in prossimit�;;del civico n.;191/A;;Veicolo in marcia contro ostacolo fisso;Rettilineo;Una carreggiata a doppio senso;Asciutto;Asfaltata;Verticale;Sereno;Normale;Buona;;0;0;0;2;12.4591;41.8502;-1;1;Autovettura privata;In marcia / fermata / arresto;Conducente;M;Illeso;0;;;
5586944;15;12/09/2021 17:30:00;Strada Urbana;VIA DELLA MAGLIANA;in prossimit�;;del civico n.;191/A;;Veicolo in marcia contro ostacolo fisso;Rettilineo;Una carreggiata a doppio senso;Asciutto;Asfaltata;Verticale;Sereno;Normale;Buona;;0;0;0;2;12.4591;41.8502;-1;1;Autovettura privata;In marcia / fermata / arresto;Passeggero;F;Illeso;0;;Utilizzato;Inesploso
5586947;20;12/09/2021 13:45:00;Regionale entro l'abitato;VIA CASSIA;in corrispondenza;;del civico n.;1541;;Tamponamento;Rettilineo;Una carreggiata a doppio senso;Asciutto;Asfaltata;Verticale ed orizzontale;Sereno;Normale;Buona;;0;0;0;2;12.3883;41.9982;-1;1;Motociclo a solo;In marcia / fermata / arresto;Conducente;M;Illeso;0;;;