Protocollo;Gruppo;DataOraIncidente;Localizzazione1;STRADA1;Localizzazione2;STRADA2;Strada02;Chilometrica;DaSpecificare;NaturaIncidente;particolaritastrade;TipoStrada;FondoStradale;Pavimentazione;Segnaletica;CondizioneAtmosferica;Traffico;Visibilita;Illuminazione;NUM_FERITI;NUM_RISERVATA;NUM_MORTI;NUM_ILLESI;Longitudine;Latitudine;Confermato;Progressivo;TipoVeicolo;StatoVeicolo;TipoPersona;Sesso;Tipolesione;Deceduto;DecedutoDopo;CinturaCascoUtilizzato;Airbag;
5588142;13;11/09/2021 18:10:00;Strada Urbana;VIA DEL MARE;da specificare;;;;prox. km 22,800;Tamponamento;Rettilineo;Una carreggiata a doppio senso;Asciutto;Asfaltata;Orizzontale;Sereno;Normale;Buona;;1;0;0;1;12.38;41.7907;-1;1;Autovettura privata;In marcia / fermata / arresto;Conducente;F;Rimandato;0;NON DECEDUTO;Non accertato;Esploso
5588142;13;11/09/2021 18:10:00;Strada Urbana;VIA DEL MARE;da specificare;;;;prox. km 22,800;Tamponamento;Rettilineo;Una carreggiata a doppio senso;Asciutto;Asfaltata;Orizzontale;Sereno;Normale;Buona;;1;0;0;1;12.38;41.7907;-1;2;Autovettura privata;In marcia / fermata / arresto;Conducente;M;Illeso;0;;Non accertato;Inesploso
5588167;12;13/09/2021 13:35:00;Provinciale;VIA OSTIENSE;all'intersezione con;VIA DELL'IPPICA;VIA DELL'IPPICA;;;Scontro frontale/laterale SX fra veicoli in marcia;Intersezione semaforizzata;Due carreggiate;Asciutto;Asfaltata;Verticale ed orizzontale;Sereno;Normale;Buona;;1;0;0;1;12.4361;41.8195;-1;1;Autovettura privata;In marcia / fermata / arresto;Conducente;M;Illeso;0;;Utilizzato;Inesploso
5588167;12;13/09/2021 13:35:00;Provinciale;VIA OSTIENSE;all'intersezione con;VIA DELL'IPPICA;VIA DELL'IPPICA;;;Scontro frontale/laterale SX fra veicoli in marcia;Intersezione semaforizzata;Due carreggiate;Asciutto;Asfaltata;Verticale ed orizzontale;Sereno;Normale;Buona;;1;0;0;1;12.4361;41.8195;-1;2;Autovettura privata;In marcia / fermata / arresto;Conducente;F;Rimandato;0;NON DECEDUTO;Utilizzato;Inesploso
5588200;12;13/09/2021 13:10:00;Strada Urbana;VIA DI CASTEL DI LEVA;all'intersezione con;VIA ARDEATINA;VIA ARDEATINA;;;Scontro frontale/laterale SX fra veicoli in marcia;Incrocio;Una carreggiata a doppio senso;Asciutto;Asfaltata;Verticale ed orizzontale;Sereno;Normale;Buona;;0;0;0;4;12.5411;41.7776;-1;1;Autovettura privata;In marcia / fermata / arresto;Conducente;M;Illeso;0;;Non accertato;Inesploso
5588200;12;13/09/2021 13:10:00;Strada Urbana;VIA DI CASTEL DI LEVA;all'intersezione con;VIA ARDEATINA;VIA ARDEATINA;;;Scontro frontale/laterale SX fra veicoli in marcia;Incrocio;Una carreggiata a doppio senso;Asciutto;Asfaltata;Verticale ed orizzontale;Sereno;Normale;Buona;;0;0;0;4;12.5411;41.7776;-1;2;Autovettura privata;In marcia / fermata / arresto;Conducente;M;Illeso;0;;Non accertato;Inesploso
5588200;12;13/09/2021 13:10:00;Strada Urbana;VIA DI CASTEL DI LEVA;all'intersezione con;VIA ARDEATINA;VIA ARDEATINA;;;Scontro frontale/laterale SX fra veicoli in marcia;Incrocio;Una carreggiata a doppio senso;Asciutto;Asfaltata;Verticale ed orizzontale;Sereno;Normale;Buona;;0;0;0;4;12.5411;41.7776;-1;2;Autovettura privata;In marcia / fermata / arresto;Passeggero;F;Illeso;0;;Non accertato;Inesploso
5588200;12;13/09/2021 13:10:00;Strada Urbana;VIA DI CASTEL DI LEVA;all'intersezione con;VIA ARDEATINA;VIA ARDEATINA;;;Scontro frontale/laterale SX fra veicoli in marcia;Incrocio;Una carreggiata a doppio senso;Asciutto;Asfaltata;Verticale ed orizzontale;Sereno;Normale;Buona;;0;0;0;4;12.5411;41.7776;-1;2;Autovettura privata;In marcia / fermata / arresto;Passeggero;F;Illeso;0;;Utilizzato;Inesploso
5588236;20;13/09/2021 12:40:00;Strada Urbana;VIA NAPOLEONE COLAJANNI;in prossimit�;;del civico n.;15;;Scontro frontale fra veicoli in marcia;Rettilineo;Una carreggiata a doppio senso;Asciutto;Asfaltata;Verticale;Sereno;Scarso;Buona;;0;0;0;4;12.4657;41.9481;-1;1;Autovettura privata;In marcia / fermata / arresto;Conducente;F;Illeso;0;;Non accertato;
5588236;20;13/09/2021 12:40:00;Strada Urbana;VIA NAPOLEONE COLAJANNI;in prossimit�;;del civico n.;15;;Scontro frontale fra veicoli in marcia;Rettilineo;Una carreggiata a doppio senso;Asciutto;Asfaltata;Verticale;Sereno;Scarso;Buona;;0;0;0;4;12.4657;41.9481;-1;1;Autovettura privata;In marcia / fermata / arresto;Passeggero;M;Illeso;0;;Non accertato;
5588236;20;13/09/2021 12:40:00;Strada Urbana;VIA NAPOLEONE COLAJANNI;in prossimit�;;del civico n.;15;;Scontro frontale fra veicoli in marcia;Rettilineo;Una carreggiata a doppio senso;Asciutto;Asfaltata;Verticale;Sereno;Scarso;Buona;;0;0;0;4;12.4657;41.9481;-1;1;Autovettura privata;In marcia / fermata / arresto;Passeggero;F;Illeso;0;;Non accertato;
5588236;20;13/09/2021 12:40:00;Strada Urbana;VIA NAPOLEONE COLAJANNI;in prossimit�;;del civico n.;15;;Scontro frontale fra veicoli in marcia;Rettilineo;Una carreggiata a doppio senso;Asciutto;Asfaltata;Verticale;Sereno;Scarso;Buona;;0;0;0;4;12.4657;41.9481;-1;2;Quadriciclo leggero;In marcia / fermata / arresto;Conducente;M;Illeso;0;;Non accertato;
5588238;12;13/09/2021 13:45:00;Strada Urbana;VIA EDIMBURGO;in corrispondenza;;del civico n.;20;;Scontro frontale/laterale DX fra veicoli in marcia;Rettilineo;Una carreggiata a senso unico di marcia;Asciutto;Asfaltata;Verticale ed orizzontale;Sereno;Scarso;Buona;;1;0;0;1;12.4536;41.8194;-1;1;Autovettura privata;In marcia / fermata / arresto;Conducente;F;Illeso;0;;Non accertato;Inesploso
5588238;12;13/09/2021 13:45:00;Strada Urbana;VIA EDIMBURGO;in corrispondenza;;del civico n.;20;;Scontro frontale/laterale DX fra veicoli in marcia;Rettilineo;Una carreggiata a senso unico di marcia;Asciutto;Asfaltata;Verticale ed orizzontale;Sereno;Scarso;Buona;;1;0;0;1;12.4536;41.8194;-1;2;Monopattino elettrico;In marcia / fermata / arresto;Conducente;M;Rimandato;0;NON DECEDUTO;Esente;Inesistente
5588242;20;13/09/2021 14:00:00;Strada Urbana;VIA DELLA GIUSTINIANA;in prossimit�;;del civico n.;881;;Scontro frontale/laterale SX fra veicoli in marcia;Curva senza visuale libera;Una carreggiata a doppio senso;Asciutto;Asfaltata;Verticale ed orizzontale;Sereno;Normale;Buona;;1;0;0;1;12.4258;41.9977;-1;1;Autovettura privata;In marcia / fermata / arresto;Conducente;M;Illeso;0;;Non accertato;
5588242;20;13/09/2021 14:00:00;Strada Urbana;VIA DELLA GIUSTINIANA;in prossimit�;;del civico n.;881;;Scontro frontale/laterale SX fra veicoli in marcia;Curva senza visuale libera;Una carreggiata a doppio senso;Asciutto;Asfaltata;Verticale ed orizzontale;Sereno;Normale;Buona;;1;0;0;1;12.4258;41.9977;-1;2;Motociclo a solo;In marcia / fermata / arresto;Conducente;M;Rimandato;0;NON DECEDUTO;Non accertato;
5588245;13;12/09/2021 01:30:00;Strada Urbana;CORSO REGINA MARIA PIA;all'intersezione con;VIA PIETRO ROSA;VIA PIETRO ROSA;;;Scontro frontale/laterale DX fra veicoli in marcia;Incrocio;Una carreggiata a doppio senso;Asciutto;Asfaltata;Verticale ed orizzontale;Sereno;Scarso;Buona;;2;0;0;2;12.2845;41.7295;-1;1;Autovettura privata;In marcia / fermata / arresto;Conducente;F;Illeso;0;;Non accertato;Inesploso
5588245;13;12/09/2021 01:30:00;Strada Urbana;CORSO REGINA MARIA PIA;all'intersezione con;VIA PIETRO ROSA;VIA PIETRO ROSA;;;Scontro frontale/laterale DX fra veicoli in marcia;Incrocio;Una carreggiata a doppio senso;Asciutto;Asfaltata;Verticale ed orizzontale;Sereno;Scarso;Buona;;2;0;0;2;12.2845;41.7295;-1;2;Autovettura privata;In marcia / fermata / arresto;Conducente;M;Illeso;0;;Non accertato;Inesploso
5588245;13;12/09/2021 01:30:00;Strada Urbana;CORSO REGINA MARIA PIA;all'intersezione con;VIA PIETRO ROSA;VIA PIETRO ROSA;;;Scontro frontale/laterale DX fra veicoli in marcia;Incrocio;Una carreggiata a doppio senso;Asciutto;Asfaltata;Verticale ed orizzontale;Sereno;Scarso;Buona;;2;0;0;2;12.2845;41.7295;-1;2;Autovettura privata;In marcia / fermata / arresto;Passeggero;M;Rimandato;0;NON DECEDUTO;Non accertato;Inesploso
5588245;13;12/09/2021 01:30:00;Strada Urbana;CORSO REGINA MARIA PIA;all'intersezione con;VIA PIETRO ROSA;VIA PIETRO ROSA;;;Scontro frontale/laterale DX fra veicoli in marcia;Incrocio;Una carreggiata a doppio senso;Asciutto;Asfaltata;Verticale ed orizzontale;Sereno;Scarso;Buona;;2;0;0;2;12.2845;41.7295;-1;2;Autovettura privata;In marcia / fermata / arresto;Passeggero;M;Rimandato;0;NON DECEDUTO;;
5588273;12;13/09/2021 11:45:00;Strada Urbana;VIA PONTINA;da specificare;;;;dir Pomezia alt. Km 18,200;Scontro laterale fra veicoli in marcia;Curva a visuale libera;Pi� di due carreggiate;Asciutto;Asfaltata;Verticale ed orizzontale;Sereno;Normale;Buona;;1;0;0;1;12.4522;41.794;-1;1;Autovettura privata;In marcia / fermata / arresto;Conducente;F;Rimandato;0;NON DECEDUTO;Utilizzato;Inesploso
5588273;12;13/09/2021 11:45:00;Strada Urbana;VIA PONTINA;da specificare;;;;dir Pomezia alt. Km 18,200;Scontro laterale fra veicoli in marcia;Curva a visuale libera;Pi� di due carreggiate;Asciutto;Asfaltata;Verticale ed orizzontale;Sereno;Normale;Buona;;1;0;0;1;12.4522;41.794;-1;2;Autocarro superiore 35 q.;In marcia / fermata / arresto;Conducente;M;Illeso;0;;Utilizzato;Inesploso
5588284;9;13/09/2021 12:15:00;Strada Urbana;VIA APPIA NUOVA;in corrispondenza;;del civico n.;560/a;;Tamponamento;Rettilineo;Pi� di due carreggiate;Asciutto;Asfaltata;Verticale ed orizzontale;Sereno;Intenso;Buona;;1;0;0;1;12.5266;41.8715;-1;1;Autovettura privata;In marcia / fermata / arresto;Conducente;M;Illeso;0;;Non accertato;Inesploso
5588284;9;13/09/2021 12:15:00;Strada Urbana;VIA APPIA NUOVA;in corrispondenza;;del civico n.;560/a;;Tamponamento;Rettilineo;Pi� di due carreggiate;Asciutto;Asfaltata;Verticale ed orizzontale;Sereno;Intenso;Buona;;1;0;0;1;12.5266;41.8715;-1;2;Motociclo con passeggero;In marcia / fermata / arresto;Conducente;M;Rimandato;0;NON DECEDUTO;Non accertato;
5588285;13;12/09/2021 02:30:00;Strada Urbana;VIALE CRISTOFORO COLOMBO;all'intersezione con;VIA ERMANNO WOLF FERRARI;VIA ERMANNO WOLF FERRARI;;;Scontro frontale/laterale SX fra veicoli in marcia;Incrocio;Due carreggiate;Asciutto;Asfaltata;Verticale ed orizzontale;Sereno;Normale;Sufficiente;;0;0;0;4;12.3701;41.7546;-1;1;Autovettura privata;In marcia / fermata / arresto;Conducente;F;Illeso;0;;Non accertato;Inesploso
5588285;13;12/09/2021 02:30:00;Strada Urbana;VIALE CRISTOFORO COLOMBO;all'intersezione con;VIA ERMANNO WOLF FERRARI;VIA ERMANNO WOLF FERRARI;;;Scontro frontale/laterale SX fra veicoli in marcia;Incrocio;Due carreggiate;Asciutto;Asfaltata;Verticale ed orizzontale;Sereno;Normale;Sufficiente;;0;0;0;4;12.3701;41.7546;-1;1;Autovettura privata;In marcia / fermata / arresto;Passeggero;F;Illeso;0;;Non accertato;Inesploso
5588285;13;12/09/2021 02:30:00;Strada Urbana;VIALE CRISTOFORO COLOMBO;all'intersezione con;VIA ERMANNO WOLF FERRARI;VIA ERMANNO WOLF FERRARI;;;Scontro frontale/laterale SX fra veicoli in marcia;Incrocio;Due carreggiate;Asciutto;Asfaltata;Verticale ed orizzontale;Sereno;Normale;Sufficiente;;0;0;0;4;12.3701;41.7546;-1;1;Autovettura privata;In marcia / fermata / arresto;Passeggero;M;Illeso;0;;Non accertato;Inesploso
5588285;13;12/09/2021 02:30:00;Strada Urbana;VIALE CRISTOFORO COLOMBO;all'intersezione con;VIA ERMANNO WOLF FERRARI;VIA ERMANNO WOLF FERRARI;;;Scontro frontale/laterale SX fra veicoli in marcia;Incrocio;Due carreggiate;Asciutto;Asfaltata;Verticale ed orizzontale;Sereno;Normale;Sufficiente;;0;0;0;4;12.3701;41.7546;-1;2;Autovettura privata;In marcia / fermata / arresto;Conducente;F;Illeso;0;;Non accertato;Inesploso
5588320;3;10/09/2021 17:50:00;Strada Urbana;PIAZZA LECCE;in corrispondenza;;del civico n.;8;;Veicolo in marcia contro veicoli in sosta;Rotatoria;Una carreggiata a senso unico di marcia;Asciutto;Asfaltata;Verticale ed orizzontale;Nuvoloso;Normale;Buona;;0;0;0;0;12.5167;41.9112;-1;1;Motociclo a solo;Sosta;;;;;;;
5588320;3;10/09/2021 17:50:00;Strada Urbana;PIAZZA LECCE;in corrispondenza;;del civico n.;8;;Veicolo in marcia contro veicoli in sosta;Rotatoria;Una carreggiata a senso unico di marcia;Asciutto;Asfaltata;Verticale ed orizzontale;Nuvoloso;Normale;Buona;;0;0;0;0;12.5167;41.9112;-1;2;Motociclo a solo;Sosta;;;;;;;
5588331;19;13/09/2021 08:05:00;Strada Urbana;VIA TRIONFALE;all'intersezione con;VIA GIOVAN BATTISTA AUDIFFREDI;VIA GIOVAN BATTISTA AUDIFFREDI;;;Scontro frontale/laterale SX fra veicoli in marcia;Intersezione stradale segnalata;Una carreggiata a doppio senso;Asciutto;Asfaltata;Verticale ed orizzontale;Sereno;Intenso;Buona;;0;0;1;1;12.4125;41.9559;0;1;Autovettura privata;In marcia / fermata / arresto;Conducente;M;Illeso;0;;Non accertato;Inesploso
5588331;19;13/09/2021 08:05:00;Strada Urbana;VIA TRIONFALE;all'intersezione con;VIA GIOVAN BATTISTA AUDIFFREDI;VIA GIOVAN BATTISTA AUDIFFREDI;;;Scontro frontale/laterale SX fra veicoli in marcia;Intersezione stradale segnalata;Una carreggiata a doppio senso;Asciutto;Asfaltata;Verticale ed orizzontale;Sereno;Intenso;Buona;;0;0;1;1;12.4125;41.9559;0;2;Motociclo a solo;In marcia / fermata / arresto;Conducente;M;Deceduto sul posto;-1;;Utilizzato;
5588348;9;13/09/2021 15:45:00;Strada Urbana;VIA APPIA NUOVA;da specificare;;;;fronte civico 57;Veicolo in marcia contro veicolo in sosta;Rettilineo;Due carreggiate;Asciutto;Asfaltata;Verticale ed orizzontale;Sereno;Scarso;Buona;;0;0;0;1;12.5115;41.8844;-1;1;Autovettura privata;In marcia / fermata / arresto;Conducente;M;Illeso;0;;;
5588348;9;13/09/2021 15:45:00;Strada Urbana;VIA APPIA NUOVA;da specificare;;;;fronte civico 57;Veicolo in marcia contro veicolo in sosta;Rettilineo;Due carreggiate;Asciutto;Asfaltata;Verticale ed orizzontale;Sereno;Scarso;Buona;;0;0;0;1;12.5115;41.8844;-1;2;Autovettura privata;Sosta;;;;;;;
5588357;9;13/09/2021 17:00:00;Strada Urbana;VIA APPIA NUOVA;in corrispondenza;;del civico n.;574;;Scontro laterale fra veicoli in marcia;Rettilineo;Una carreggiata a senso unico di marcia;Asciutto;Asfaltata;Verticale ed orizzontale;Sereno;Normale;Buona;;0;0;0;2;12.528;41.8703;-1;1;Autocarro inferiore 35 q.;In marcia / fermata / arresto;Conducente;M;Illeso;0;;Non accertato;Inesploso
5588357;9;13/09/2021 17:00:00;Strada Urbana;VIA APPIA NUOVA;in corrispondenza;;del civico n.;574;;Scontro laterale fra veicoli in marcia;Rettilineo;Una carreggiata a senso unico di marcia;Asciutto;Asfaltata;Verticale ed orizzontale;Sereno;Normale;Buona;;0;0;0;2;12.528;41.8703;-1;2;Autovettura privata;In marcia / fermata / arresto;Conducente;M;Illeso;0;;Non accertato;Inesploso
5588369;13;12/09/2021 16:00:00;Strada Urbana;VIA ERMANNO WOLF FERRARI;in corrispondenza;;del civico n.;324;;Scontro frontale/laterale DX fra veicoli in marcia;Rettilineo;Una carreggiata a doppio senso;Asciutto;Asfaltata;Assente;Sereno;Intenso;Buona;;0;0;0;3;12.3717;41.7538;-1;1;Autovettura privata;In marcia / fermata / arresto;Conducente;F;Illeso;0;;Non accertato;Inesploso
5588369;13;12/09/2021 16:00:00;Strada Urbana;VIA ERMANNO WOLF FERRARI;in corrispondenza;;del civico n.;324;;Scontro frontale/laterale DX fra veicoli in marcia;Rettilineo;Una carreggiata a doppio senso;Asciutto;Asfaltata;Assente;Sereno;Intenso;Buona;;0;0;0;3;12.3717;41.7538;-1;1;Autovettura privata;In marcia / fermata / arresto;Passeggero;M;Illeso;0;;;
5588369;13;12/09/2021 16:00:00;Strada Urbana;VIA ERMANNO WOLF FERRARI;in corrispondenza;;del civico n.;324;;Scontro frontale/laterale DX fra veicoli in marcia;Rettilineo;Una carreggiata a doppio senso;Asciutto;Asfaltata;Assente;Sereno;Intenso;Buona;;0;0;0;3;12.3717;41.7538;-1;2;Autovettura privata;In marcia / fermata / arresto;Conducente;M;Illeso;0;;Non accertato;Inesploso
5588555;15;13/09/2021 09:10:00;Strada Urbana;VIALE VICOPISANO;all'intersezione con;VIA PESCAGLIA;VIA PESCAGLIA;;;Veicolo in marcia contro ostacolo fisso;Intersezione stradale segnalata;Due carreggiate;Asciutto;Asfaltata;Verticale ed orizzontale;Sereno;Scarso;Buona;;0;0;0;1;12.4596;41.8465;-1;1;Autocarro superiore 35 q.;In marcia / fermata / arresto;Conducente;M;Illeso;0;;Non accertato;Inesploso
5588560;15;13/09/2021 18:10:00;Strada Urbana;VIA ANTONIO PACINOTTI;da specificare;;;;all'altezza di Via di Pietra Papa;Veicolo in marcia contro veicolo arresto;Rettilineo;Una carreggiata a doppio senso;Asciutto;Asfaltata;Orizzontale;Sereno;Normale;Buona;;0;0;0;2;12.4675;41.871;-1;1;Autovettura privata;In marcia / fermata / arresto;Conducente;M;Illeso;0;;Non accertato;Inesploso
5588560;15;13/09/2021 18:10:00;Strada Urbana;VIA ANTONIO PACINOTTI;da specificare;;;;all'altezza di Via di Pietra Papa;Veicolo in marcia contro veicolo arresto;Rettilineo;Una carreggiata a doppio senso;Asciutto;Asfaltata;Orizzontale;Sereno;Normale;Buona;;0;0;0;2;12.4675;41.871;-1;2;Autovettura privata;In marcia / fermata / arresto;Conducente;M;Illeso;0;;Non accertato;Inesploso
5588564;15;13/09/2021 18:55:00;Strada Urbana;VIA DEL MONTE DELLE CAPRE;in prossimit�;;del civico n.;58;;Scontro frontale fra veicoli in marcia;Rettilineo;Una carreggiata a doppio senso;Asciutto;Asfaltata;Assente;Sereno;Normale;Buona;;0;0;0;3;12.4294;41.845;-1;1;Autovettura privata;In marcia / fermata / arresto;Conducente;F;Illeso;0;;;
5588564;15;13/09/2021 18:55:00;Strada Urbana;VIA DEL MONTE DELLE CAPRE;in prossimit�;;del civico n.;58;;Scontro frontale fra veicoli in marcia;Rettilineo;Una carreggiata a doppio senso;Asciutto;Asfaltata;Assente;Sereno;Normale;Buona;;0;0;0;3;12.4294;41.845;-1;1;Autovettura privata;In marcia / fermata / arresto;Passeggero;F;Illeso;0;;;
5588564;15;13/09/2021 18:55:00;Strada Urbana;VIA DEL MONTE DELLE CAPRE;in prossimit�;;del civico n.;58;;Scontro frontale fra veicoli in marcia;Rettilineo;Una carreggiata a doppio senso;Asciutto;Asfaltata;Assente;Sereno;Normale;Buona;;0;0;0;3;12.4294;41.845;-1;2;Motociclo a solo;In marcia / fermata / arresto;Conducente;M;Illeso;0;;;
5588592;11;13/09/2021 16:30:00;Strada Urbana;VIA CRISTOFORO COLOMBO;all'intersezione con;VIA LAURENTINA;VIA LAURENTINA;;;Scontro laterale fra veicoli in marcia;Intersezione semaforizzata;Pi� di due carreggiate;Asciutto;Asfaltata;Verticale ed orizzontale;Sereno;Normale;Buona;;0;0;0;4;12.4536;41.8089;-1;1;Autovettura pubblica;In marcia / fermata / arresto;Conducente;M;Illeso;0;;Non accertato;
5588592;11;13/09/2021 16:30:00;Strada Urbana;VIA CRISTOFORO COLOMBO;all'intersezione con;VIA LAURENTINA;VIA LAURENTINA;;;Scontro laterale fra veicoli in marcia;Intersezione semaforizzata;Pi� di due carreggiate;Asciutto;Asfaltata;Verticale ed orizzontale;Sereno;Normale;Buona;;0;0;0;4;12.4536;41.8089;-1;1;Autovettura pubblica;In marcia / fermata / arresto;Passeggero;M;Illeso;0;;Non accertato;
5588592;11;13/09/2021 16:30:00;Strada Urbana;VIA CRISTOFORO COLOMBO;all'intersezione con;VIA LAURENTINA;VIA LAURENTINA;;;Scontro laterale fra veicoli in marcia;Intersezione semaforizzata;Pi� di due carreggiate;Asciutto;Asfaltata;Verticale ed orizzontale;Sereno;Normale;Buona;;0;0;0;4;12.4536;41.8089;-1;1;Autovettura pubblica;In marcia / fermata / arresto;Passeggero;F;Illeso;0;;Non accertato;
5588592;11;13/09/2021 16:30:00;Strada Urbana;VIA CRISTOFORO COLOMBO;all'intersezione con;VIA LAURENTINA;VIA LAURENTINA;;;Scontro laterale fra veicoli in marcia;Intersezione semaforizzata;Pi� di due carreggiate;Asciutto;Asfaltata;Verticale ed orizzontale;Sereno;Normale;Buona;;0;0;0;4;12.4536;41.8089;-1;2;Autovettura privata;In marcia / fermata / arresto;Conducente;F;Illeso;0;;Non accertato;
5588643;11;13/09/2021 17:30:00;Strada Urbana;VIA OSTIENSE;da specificare;;;;altezza civico 71;Investimento di pedone;Rettilineo;Pi� di due carreggiate;Asciutto;Asfaltata;Verticale ed orizzontale;Sereno;Normale;Buona;;1;0;0;1;12.4805;41.8727;-1;;;;Pedone;M;Ricoverato;0;NON DECEDUTO;;
5588643;11;13/09/2021 17:30:00;Strada Urbana;VIA OSTIENSE;da specificare;;;;altezza civico 71;Investimento di pedone;Rettilineo;Pi� di due carreggiate;Asciutto;Asfaltata;Verticale ed orizzontale;Sereno;Normale;Buona;;1;0;0;1;12.4805;41.8727;-1;1;Autovettura privata;In marcia / fermata / arresto;Conducente;M;Illeso;0;;Non accertato;Inesploso
5588669;11;13/09/2021 14:00:00;Strada Urbana;VIA FRANCESCO ACRI;in prossimit�;;del civico n.;56;;Veicolo in marcia contro veicolo in sosta;Rettilineo;Due carreggiate;Asciutto;Asfaltata;Verticale ed orizzontale;Sereno;Normale;Buona;;0;0;0;1;12.4821;41.8432;-1;1;Autovettura privata;In marcia / fermata / arresto;Conducente;M;Illeso;0;;Non accertato;
5588669;11;13/09/2021 14:00:00;Strada Urbana;VIA FRANCESCO ACRI;in prossimit�;;del civico n.;56;;Veicolo in marcia contro veicolo in sosta;Rettilineo;Due carreggiate;Asciutto;Asfaltata;Verticale ed orizzontale;Sereno;Normale;Buona;;0;0;0;1;12.4821;41.8432;-1;2;Motociclo a solo;Sosta;;;;;;;
5588676;11;13/09/2021 10:10:00;Strada Urbana;VIA OSTIENSE;all'intersezione semaforizzata con;LARGO BEATO PLACIDO RICCARDI;LARGO BEATO PLACIDO RICCARDI;;;Scontro laterale fra veicoli in marcia;Intersezione semaforizzata;Una carreggiata a senso unico di marcia;Asciutto;Asfaltata;Verticale ed orizzontale;Sereno;Normale;Buona;;0;0;0;4;12.4773;41.8562;-1;1;Autovettura privata;In marcia / fermata / arresto;Conducente;F;Illeso;0;;Non accertato;
5588676;11;13/09/2021 10:10:00;Strada Urbana;VIA OSTIENSE;all'intersezione semaforizzata con;LARGO BEATO PLACIDO RICCARDI;LARGO BEATO PLACIDO RICCARDI;;;Scontro laterale fra veicoli in marcia;Intersezione semaforizzata;Una carreggiata a senso unico di marcia;Asciutto;Asfaltata;Verticale ed orizzontale;Sereno;Normale;Buona;;0;0;0;4;12.4773;41.8562;-1;2;Autovettura privata;In marcia / fermata / arresto;Conducente;F;Illeso;0;;Non accertato;
5588676;11;13/09/2021 10:10:00;Strada Urbana;VIA OSTIENSE;all'intersezione semaforizzata con;LARGO BEATO PLACIDO RICCARDI;LARGO BEATO PLACIDO RICCARDI;;;Scontro laterale fra veicoli in marcia;Intersezione semaforizzata;Una carreggiata a senso unico di marcia;Asciutto;Asfaltata;Verticale ed orizzontale;Sereno;Normale;Buona;;0;0;0;4;12.4773;41.8562;-1;2;Autovettura privata;In marcia / fermata / arresto;Passeggero;M;Illeso;0;;Non accertato;
5588676;11;13/09/2021 10:10:00;Strada Urbana;VIA OSTIENSE;all'intersezione semaforizzata con;LARGO BEATO PLACIDO RICCARDI;LARGO BEATO PLACIDO RICCARDI;;;Scontro laterale fra veicoli in marcia;Intersezione semaforizzata;Una carreggiata a senso unico di marcia;Asciutto;Asfaltata;Verticale ed orizzontale;Sereno;Normale;Buona;;0;0;0;4;12.4773;41.8562;-1;2;Autovettura privata;In marcia / fermata / arresto;Passeggero;M;Illeso;0;;Non accertato;
5588678;8;13/09/2021 19:55:00;Strada Urbana;VIA PRENESTINA;in prossimit�;;del civico n.;1152;;Tamponamento;Rettilineo;Una carreggiata a doppio senso;Asciutto;Asfaltata;Verticale ed orizzontale;Sereno;Intenso;Buona;;0;0;0;6;12.6206;41.8932;-1;1;Autovettura privata;In marcia / fermata / arresto;Conducente;M;Illeso;0;;;
5588678;8;13/09/2021 19:55:00;Strada Urbana;VIA PRENESTINA;in prossimit�;;del civico n.;1152;;Tamponamento;Rettilineo;Una carreggiata a doppio senso;Asciutto;Asfaltata;Verticale ed orizzontale;Sereno;Intenso;Buona;;0;0;0;6;12.6206;41.8932;-1;1;Autovettura privata;In marcia / fermata / arresto;Passeggero;F;Illeso;0;;;
5588678;8;13/09/2021 19:55:00;Strada Urbana;VIA PRENESTINA;in prossimit�;;del civico n.;1152;;Tamponamento;Rettilineo;Una carreggiata a doppio senso;Asciutto;Asfaltata;Verticale ed orizzontale;Sereno;Intenso;Buona;;0;0;0;6;12.6206;41.8932;-1;1;Autovettura privata;In marcia / fermata / arresto;Passeggero;F;Illeso;0;;;
5588678;8;13/09/2021 19:55:00;Strada Urbana;VIA PRENESTINA;in prossimit�;;del civico n.;1152;;Tamponamento;Rettilineo;Una carreggiata a doppio senso;Asciutto;Asfaltata;Verticale ed orizzontale;Sereno;Intenso;Buona;;0;0;0;6;12.6206;41.8932;-1;1;Autovettura privata;In marcia / fermata / arresto;Passeggero;M;Illeso;0;;;
5588678;8;13/09/2021 19:55:00;Strada Urbana;VIA PRENESTINA;in prossimit�;;del civico n.;1152;;Tamponamento;Rettilineo;Una carreggiata a doppio senso;Asciutto;Asfaltata;Verticale ed orizzontale;Sereno;Intenso;Buona;;0;0;0;6;12.6206;41.8932;-1;1;Autovettura privata;In marcia / fermata / arresto;Passeggero;M;Illeso;0;;;
5588678;8;13/09/2021 19:55:00;Strada Urbana;VIA PRENESTINA;in prossimit�;;del civico n.;1152;;Tamponamento;Rettilineo;Una carreggiata a doppio senso;Asciutto;Asfaltata;Verticale ed orizzontale;Sereno;Intenso;Buona;;0;0;0;6;12.6206;41.8932;-1;2;Autocarro inferiore 35 q.;In marcia / fermata / arresto;Conducente;M;Illeso;0;;;