Protocollo;Gruppo;DataOraIncidente;Localizzazione1;STRADA1;Localizzazione2;STRADA2;Strada02;Chilometrica;DaSpecificare;NaturaIncidente;particolaritastrade;TipoStrada;FondoStradale;Pavimentazione;Segnaletica;CondizioneAtmosferica;Traffico;Visibilita;Illuminazione;NUM_FERITI;NUM_RISERVATA;NUM_MORTI;NUM_ILLESI;Longitudine;Latitudine;Confermato;Progressivo;TipoVeicolo;StatoVeicolo;TipoPersona;Sesso;Tipolesione;Deceduto;DecedutoDopo;CinturaCascoUtilizzato;Airbag;
5588856;5;13/09/2021 09:40:00;Strada Urbana;VIA DI PIETRALATA;in prossimit�;;del civico n.;487;;Investimento di pedone;Rettilineo;Una carreggiata a doppio senso;Asciutto;Asfaltata;Verticale ed orizzontale;Sereno;Normale;Buona;;1;0;0;1;12.5548;41.9182;-1;1;Autovettura privata;In marcia / fermata / arresto;Conducente;F;Illeso;0;;Non accertato;
5588857;7;13/09/2021 22:49:00;Strada Urbana;VIA DELLE ACACIE;in prossimit�;;del civico n.;60;;Veicolo in marcia contro veicolo fermo;Rettilineo;Una carreggiata a doppio senso;Asciutto;Asfaltata;Verticale ed orizzontale;Sereno;Scarso;Buona;;0;0;0;4;12.5654;41.8875;-1;1;Autovettura privata;In marcia / fermata / arresto;Conducente;M;Illeso;0;;Non accertato;Inesploso
5588857;7;13/09/2021 22:49:00;Strada Urbana;VIA DELLE ACACIE;in prossimit�;;del civico n.;60;;Veicolo in marcia contro veicolo fermo;Rettilineo;Una carreggiata a doppio senso;Asciutto;Asfaltata;Verticale ed orizzontale;Sereno;Scarso;Buona;;0;0;0;4;12.5654;41.8875;-1;1;Autovettura privata;In marcia / fermata / arresto;Passeggero;M;Illeso;0;;Non accertato;Inesploso
5588857;7;13/09/2021 22:49:00;Strada Urbana;VIA DELLE ACACIE;in prossimit�;;del civico n.;60;;Veicolo in marcia contro veicolo fermo;Rettilineo;Una carreggiata a doppio senso;Asciutto;Asfaltata;Verticale ed orizzontale;Sereno;Scarso;Buona;;0;0;0;4;12.5654;41.8875;-1;1;Autovettura privata;In marcia / fermata / arresto;Passeggero;M;Illeso;0;;Non accertato;Inesploso
5588857;7;13/09/2021 22:49:00;Strada Urbana;VIA DELLE ACACIE;in prossimit�;;del civico n.;60;;Veicolo in marcia contro veicolo fermo;Rettilineo;Una carreggiata a doppio senso;Asciutto;Asfaltata;Verticale ed orizzontale;Sereno;Scarso;Buona;;0;0;0;4;12.5654;41.8875;-1;2;Autovettura privata;Allontanatosi;;;;;;;
5588859;13;13/09/2021 20:00:00;Statale;VIA OSTIENSE;all'intersezione con;VIA FIUMALBO;VIA FIUMALBO;;;Scontro frontale/laterale DX fra veicoli in marcia;Incrocio;Una carreggiata a doppio senso;Asciutto;Asfaltata;Verticale ed orizzontale;Sereno;Normale;Buona;;2;0;0;1;12.3913;41.7945;-1;1;Autovettura privata;In marcia / fermata / arresto;Conducente;F;Illeso;0;;Non accertato;Inesploso
5588859;13;13/09/2021 20:00:00;Statale;VIA OSTIENSE;all'intersezione con;VIA FIUMALBO;VIA FIUMALBO;;;Scontro frontale/laterale DX fra veicoli in marcia;Incrocio;Una carreggiata a doppio senso;Asciutto;Asfaltata;Verticale ed orizzontale;Sereno;Normale;Buona;;2;0;0;1;12.3913;41.7945;-1;2;Motociclo a solo;In marcia / fermata / arresto;Conducente;M;Ricoverato;0;NON DECEDUTO;Utilizzato;
5588859;13;13/09/2021 20:00:00;Statale;VIA OSTIENSE;all'intersezione con;VIA FIUMALBO;VIA FIUMALBO;;;Scontro frontale/laterale DX fra veicoli in marcia;Incrocio;Una carreggiata a doppio senso;Asciutto;Asfaltata;Verticale ed orizzontale;Sereno;Normale;Buona;;2;0;0;1;12.3913;41.7945;-1;2;Motociclo a solo;In marcia / fermata / arresto;Passeggero;M;Ricoverato;0;NON DECEDUTO;Utilizzato;
5588864;5;13/09/2021 18:05:00;Strada Urbana;VIA IGINO GIORDANI;in prossimit�;;del civico n.;54;;Tamponamento Multiplo;Rettilineo;Una carreggiata a doppio senso;Asciutto;Asfaltata;Verticale ed orizzontale;Sereno;Intenso;Buona;;0;0;0;5;12.5618;41.9063;-1;1;Autovettura privata;In marcia / fermata / arresto;Conducente;M;Illeso;0;;Non accertato;
5588864;5;13/09/2021 18:05:00;Strada Urbana;VIA IGINO GIORDANI;in prossimit�;;del civico n.;54;;Tamponamento Multiplo;Rettilineo;Una carreggiata a doppio senso;Asciutto;Asfaltata;Verticale ed orizzontale;Sereno;Intenso;Buona;;0;0;0;5;12.5618;41.9063;-1;2;Autovettura privata;In marcia / fermata / arresto;Conducente;F;Illeso;0;;Non accertato;
5588864;5;13/09/2021 18:05:00;Strada Urbana;VIA IGINO GIORDANI;in prossimit�;;del civico n.;54;;Tamponamento Multiplo;Rettilineo;Una carreggiata a doppio senso;Asciutto;Asfaltata;Verticale ed orizzontale;Sereno;Intenso;Buona;;0;0;0;5;12.5618;41.9063;-1;2;Autovettura privata;In marcia / fermata / arresto;Passeggero;F;Illeso;0;;Non accertato;
5588864;5;13/09/2021 18:05:00;Strada Urbana;VIA IGINO GIORDANI;in prossimit�;;del civico n.;54;;Tamponamento Multiplo;Rettilineo;Una carreggiata a doppio senso;Asciutto;Asfaltata;Verticale ed orizzontale;Sereno;Intenso;Buona;;0;0;0;5;12.5618;41.9063;-1;3;Autovettura privata;In marcia / fermata / arresto;Conducente;M;Illeso;0;;Non accertato;
5588864;5;13/09/2021 18:05:00;Strada Urbana;VIA IGINO GIORDANI;in prossimit�;;del civico n.;54;;Tamponamento Multiplo;Rettilineo;Una carreggiata a doppio senso;Asciutto;Asfaltata;Verticale ed orizzontale;Sereno;Intenso;Buona;;0;0;0;5;12.5618;41.9063;-1;3;Autovettura privata;In marcia / fermata / arresto;Passeggero;F;Illeso;0;;Non accertato;
5588865;17;13/09/2021 19:10:00;Strada Urbana;VIA DELLA GIULIANA;all'intersezione con;VIA CUNFIDA;VIA CUNFIDA;;;Scontro frontale/laterale DX fra veicoli in marcia;Incrocio;Una carreggiata a doppio senso;Asciutto;Asfaltata;Verticale ed orizzontale;Sereno;Normale;Buona;;1;0;0;1;12.4542;41.9133;-1;1;Autovettura privata;In marcia / fermata / arresto;Conducente;M;Illeso;0;;;
5588865;17;13/09/2021 19:10:00;Strada Urbana;VIA DELLA GIULIANA;all'intersezione con;VIA CUNFIDA;VIA CUNFIDA;;;Scontro frontale/laterale DX fra veicoli in marcia;Incrocio;Una carreggiata a doppio senso;Asciutto;Asfaltata;Verticale ed orizzontale;Sereno;Normale;Buona;;1;0;0;1;12.4542;41.9133;-1;2;Motociclo a solo;In marcia / fermata / arresto;Conducente;M;Ricoverato;0;NON DECEDUTO;;
5588874;4;12/09/2021 21:00:00;Strada Urbana;VIA CAPO MISENO;in prossimit�;;del civico n.;2;;Veicolo in marcia contro veicolo in sosta;Rettilineo;Una carreggiata a doppio senso;Asciutto;Asfaltata;Verticale ed orizzontale;Sereno;Scarso;Buona;;0;0;0;1;12.5271;41.9325;-1;1;Autovettura privata;Sosta;;;;;;;
5588874;4;12/09/2021 21:00:00;Strada Urbana;VIA CAPO MISENO;in prossimit�;;del civico n.;2;;Veicolo in marcia contro veicolo in sosta;Rettilineo;Una carreggiata a doppio senso;Asciutto;Asfaltata;Verticale ed orizzontale;Sereno;Scarso;Buona;;0;0;0;1;12.5271;41.9325;-1;2;Autovettura privata;In marcia / fermata / arresto;Conducente;M;Illeso;0;;;
5588879;9;14/09/2021 04:00:00;Strada Urbana;PIAZZA DEI RE DI ROMA;da specificare;;;;ALTEZZA VIA APPIA NUOVA;Veicolo in marcia contro ostacolo fisso;Rotatoria;Una carreggiata a senso unico di marcia;Asciutto;Asfaltata;Verticale ed orizzontale;Sereno;Normale;Sufficiente;;2;0;0;0;12.5147;41.8815;-1;1;Autovettura privata;In marcia / fermata / arresto;Conducente;M;Rimandato;0;NON DECEDUTO;;
5588879;9;14/09/2021 04:00:00;Strada Urbana;PIAZZA DEI RE DI ROMA;da specificare;;;;ALTEZZA VIA APPIA NUOVA;Veicolo in marcia contro ostacolo fisso;Rotatoria;Una carreggiata a senso unico di marcia;Asciutto;Asfaltata;Verticale ed orizzontale;Sereno;Normale;Sufficiente;;2;0;0;0;12.5147;41.8815;-1;1;Autovettura privata;In marcia / fermata / arresto;Passeggero;F;Rimandato;0;NON DECEDUTO;;
5588883;5;13/09/2021 16:30:00;Strada Urbana;VIA RAFFAELE CIASCA;in prossimit�;;del civico n.;16;;Veicolo in marcia contro veicoli in sosta;Rettilineo;Una carreggiata a doppio senso;Asciutto;Asfaltata;Verticale;Sereno;Scarso;Buona;;0;0;0;1;12.5776;41.9168;-1;1;Autovettura privata;In marcia / fermata / arresto;Conducente;M;Illeso;0;;Non accertato;
5588883;5;13/09/2021 16:30:00;Strada Urbana;VIA RAFFAELE CIASCA;in prossimit�;;del civico n.;16;;Veicolo in marcia contro veicoli in sosta;Rettilineo;Una carreggiata a doppio senso;Asciutto;Asfaltata;Verticale;Sereno;Scarso;Buona;;0;0;0;1;12.5776;41.9168;-1;2;Autovettura privata;Sosta;;;;;;;
5588883;5;13/09/2021 16:30:00;Strada Urbana;VIA RAFFAELE CIASCA;in prossimit�;;del civico n.;16;;Veicolo in marcia contro veicoli in sosta;Rettilineo;Una carreggiata a doppio senso;Asciutto;Asfaltata;Verticale;Sereno;Scarso;Buona;;0;0;0;1;12.5776;41.9168;-1;3;Autovettura privata;Sosta;;;;;;;
5588883;5;13/09/2021 16:30:00;Strada Urbana;VIA RAFFAELE CIASCA;in prossimit�;;del civico n.;16;;Veicolo in marcia contro veicoli in sosta;Rettilineo;Una carreggiata a doppio senso;Asciutto;Asfaltata;Verticale;Sereno;Scarso;Buona;;0;0;0;1;12.5776;41.9168;-1;4;Autovettura privata;Sosta;;;;;;;
5588889;16;13/09/2021 08:15:00;Strada Urbana;VIA GABRIELE ROSSETTI;da specificare;;;;prox via poerio;Investimento di pedone;Rettilineo;Una carreggiata a senso unico di marcia;Asciutto;Asfaltata;Verticale ed orizzontale;Sereno;Normale;Buona;;1;0;0;1;12.4624;41.8826;-1;;;;Pedone;F;Rimandato;0;NON DECEDUTO;;
5588889;16;13/09/2021 08:15:00;Strada Urbana;VIA GABRIELE ROSSETTI;da specificare;;;;prox via poerio;Investimento di pedone;Rettilineo;Una carreggiata a senso unico di marcia;Asciutto;Asfaltata;Verticale ed orizzontale;Sereno;Normale;Buona;;1;0;0;1;12.4624;41.8826;-1;1;Autovettura privata;In marcia / fermata / arresto;Conducente;M;Illeso;0;;Non accertato;Inesploso
5588893;17;13/09/2021 09:00:00;Strada Urbana;VIA ANGELO EMO;all'intersezione con;VIA DOMENICO MILLELIRE;VIA DOMENICO MILLELIRE;;;Investimento di pedone;Incrocio;Due carreggiate;Asciutto;Asfaltata;Verticale ed orizzontale;Sereno;Normale;Buona;;1;0;0;1;12.447;41.9049;-1;;;;Pedone;M;Rimandato;0;NON DECEDUTO;;
5588893;17;13/09/2021 09:00:00;Strada Urbana;VIA ANGELO EMO;all'intersezione con;VIA DOMENICO MILLELIRE;VIA DOMENICO MILLELIRE;;;Investimento di pedone;Incrocio;Due carreggiate;Asciutto;Asfaltata;Verticale ed orizzontale;Sereno;Normale;Buona;;1;0;0;1;12.447;41.9049;-1;1;Autovettura privata;In marcia / fermata / arresto;Conducente;M;Illeso;0;;;
5588901;20;13/09/2021 20:21:00;Strada Urbana;VIA FRASSINETO;in prossimit�;;del civico n.;151;;Infortunio per caduta del veicolo;Rettilineo;Una carreggiata a doppio senso;Asciutto;Asfaltata;Verticale ed orizzontale;Sereno;Normale;Buona;;1;0;0;0;12.487;41.9998;-1;1;Velocipede;In marcia / fermata / arresto;Conducente;M;Rimandato;0;NON DECEDUTO;Esente;
5588917;12;12/09/2021 20:30:00;Strada Urbana;VIA LAGO SANTO;da specificare;;;;snc;Scontro frontale/laterale SX fra veicoli in marcia;Rettilineo;Una carreggiata a doppio senso;Asciutto;Asfaltata;Verticale ed orizzontale;Sereno;Intenso;Buona;;0;0;0;1;12.418;41.7907;-1;1;Autovettura privata;In marcia / fermata / arresto;Conducente;M;Illeso;0;;;
5588917;12;12/09/2021 20:30:00;Strada Urbana;VIA LAGO SANTO;da specificare;;;;snc;Scontro frontale/laterale SX fra veicoli in marcia;Rettilineo;Una carreggiata a doppio senso;Asciutto;Asfaltata;Verticale ed orizzontale;Sereno;Intenso;Buona;;0;0;0;1;12.418;41.7907;-1;2;Autovettura privata;Allontanatosi;;;;;;;
5588918;13;12/09/2021 17:30:00;Comunale extraurbana;VIA DEL MARE;in corrispondenza;;della chilometrica;16.4;;Tamponamento Multiplo;Rettilineo;Una carreggiata a doppio senso;Asciutto;Asfaltata;Verticale ed orizzontale;Sereno;Intenso;Buona;;1;0;0;5;12.379;41.7906;-1;1;Autovettura privata;In marcia / fermata / arresto;Conducente;M;Illeso;0;;;
5588918;13;12/09/2021 17:30:00;Comunale extraurbana;VIA DEL MARE;in corrispondenza;;della chilometrica;16.4;;Tamponamento Multiplo;Rettilineo;Una carreggiata a doppio senso;Asciutto;Asfaltata;Verticale ed orizzontale;Sereno;Intenso;Buona;;1;0;0;5;12.379;41.7906;-1;2;Autovettura privata;In marcia / fermata / arresto;Conducente;F;Illeso;0;;;
5588918;13;12/09/2021 17:30:00;Comunale extraurbana;VIA DEL MARE;in corrispondenza;;della chilometrica;16.4;;Tamponamento Multiplo;Rettilineo;Una carreggiata a doppio senso;Asciutto;Asfaltata;Verticale ed orizzontale;Sereno;Intenso;Buona;;1;0;0;5;12.379;41.7906;-1;3;Autovettura privata;In marcia / fermata / arresto;Conducente;M;Illeso;0;;;
5588918;13;12/09/2021 17:30:00;Comunale extraurbana;VIA DEL MARE;in corrispondenza;;della chilometrica;16.4;;Tamponamento Multiplo;Rettilineo;Una carreggiata a doppio senso;Asciutto;Asfaltata;Verticale ed orizzontale;Sereno;Intenso;Buona;;1;0;0;5;12.379;41.7906;-1;3;Autovettura privata;In marcia / fermata / arresto;Passeggero;F;Illeso;0;;;
5588918;13;12/09/2021 17:30:00;Comunale extraurbana;VIA DEL MARE;in corrispondenza;;della chilometrica;16.4;;Tamponamento Multiplo;Rettilineo;Una carreggiata a doppio senso;Asciutto;Asfaltata;Verticale ed orizzontale;Sereno;Intenso;Buona;;1;0;0;5;12.379;41.7906;-1;3;Autovettura privata;In marcia / fermata / arresto;Passeggero;F;Rimandato;0;NON DECEDUTO;;
5588918;13;12/09/2021 17:30:00;Comunale extraurbana;VIA DEL MARE;in corrispondenza;;della chilometrica;16.4;;Tamponamento Multiplo;Rettilineo;Una carreggiata a doppio senso;Asciutto;Asfaltata;Verticale ed orizzontale;Sereno;Intenso;Buona;;1;0;0;5;12.379;41.7906;-1;4;Autovettura privata;In marcia / fermata / arresto;Conducente;M;Illeso;0;;;
5588934;4;13/09/2021 13:00:00;Strada Urbana;VIALE JONIO;in prossimit�;;del civico n.;89;;Scontro frontale/laterale SX fra veicoli in marcia;Rettilineo;Due carreggiate;Asciutto;Asfaltata;Orizzontale;Sereno;Normale;Buona;;0;0;0;3;12.5404;41.9433;-1;1;Autovettura privata;In marcia / fermata / arresto;Conducente;F;Illeso;0;;;
5588934;4;13/09/2021 13:00:00;Strada Urbana;VIALE JONIO;in prossimit�;;del civico n.;89;;Scontro frontale/laterale SX fra veicoli in marcia;Rettilineo;Due carreggiate;Asciutto;Asfaltata;Orizzontale;Sereno;Normale;Buona;;0;0;0;3;12.5404;41.9433;-1;2;Autovettura privata;In marcia / fermata / arresto;Conducente;M;Illeso;0;;;
5588934;4;13/09/2021 13:00:00;Strada Urbana;VIALE JONIO;in prossimit�;;del civico n.;89;;Scontro frontale/laterale SX fra veicoli in marcia;Rettilineo;Due carreggiate;Asciutto;Asfaltata;Orizzontale;Sereno;Normale;Buona;;0;0;0;3;12.5404;41.9433;-1;2;Autovettura privata;In marcia / fermata / arresto;Passeggero;F;Illeso;0;;Non accertato;Inesploso
5588943;20;13/09/2021 20:30:00;Strada Urbana;VIA MAGNANO IN RIVIERA;da specificare;;;;PROSSIMIT� VIA CLAUZETTO;Scontro frontale/laterale SX fra veicoli in marcia;Rettilineo;Una carreggiata a doppio senso;Asciutto;Asfaltata;Verticale;Sereno;Scarso;Buona;;0;0;0;2;12.4824;41.9951;-1;1;Autovettura privata;In marcia / fermata / arresto;Conducente;M;Illeso;0;;Non accertato;
5588943;20;13/09/2021 20:30:00;Strada Urbana;VIA MAGNANO IN RIVIERA;da specificare;;;;PROSSIMIT� VIA CLAUZETTO;Scontro frontale/laterale SX fra veicoli in marcia;Rettilineo;Una carreggiata a doppio senso;Asciutto;Asfaltata;Verticale;Sereno;Scarso;Buona;;0;0;0;2;12.4824;41.9951;-1;2;Autovettura privata;In marcia / fermata / arresto;Conducente;F;Illeso;0;;Non accertato;
5588965;1;13/09/2021 22:30:00;Strada Urbana;VIA DELLA TORRETTA;all'intersezione con;VICOLO DELLA TORRETTA;VICOLO DELLA TORRETTA;;;Scontro frontale/laterale SX fra veicoli in marcia;Incrocio;Una carreggiata a senso unico di marcia;Asciutto;In cubetti di porfido;Verticale;Sereno;Scarso;Sufficiente;;1;0;0;1;12.4772;41.9033;-1;1;Motociclo a solo;In marcia / fermata / arresto;Conducente;M;Illeso;0;;;
5588965;1;13/09/2021 22:30:00;Strada Urbana;VIA DELLA TORRETTA;all'intersezione con;VICOLO DELLA TORRETTA;VICOLO DELLA TORRETTA;;;Scontro frontale/laterale SX fra veicoli in marcia;Incrocio;Una carreggiata a senso unico di marcia;Asciutto;In cubetti di porfido;Verticale;Sereno;Scarso;Sufficiente;;1;0;0;1;12.4772;41.9033;-1;2;Motociclo a solo;In marcia / fermata / arresto;Conducente;M;Rimandato;0;NON DECEDUTO;;
5589025;13;12/09/2021 23:00:00;Strada Urbana;VIA ALESSANDRO PIOLA CASELLI;all'intersezione con;VIA CAPO SPARTIVENTO;VIA CAPO SPARTIVENTO;;;Scontro laterale fra veicoli in marcia;Incrocio;Due carreggiate;Asciutto;Asfaltata;Verticale ed orizzontale;Sereno;Normale;Sufficiente;;0;0;0;3;12.2864;41.7378;-1;1;Autovettura privata;In marcia / fermata / arresto;Conducente;F;Illeso;0;;;
5589025;13;12/09/2021 23:00:00;Strada Urbana;VIA ALESSANDRO PIOLA CASELLI;all'intersezione con;VIA CAPO SPARTIVENTO;VIA CAPO SPARTIVENTO;;;Scontro laterale fra veicoli in marcia;Incrocio;Due carreggiate;Asciutto;Asfaltata;Verticale ed orizzontale;Sereno;Normale;Sufficiente;;0;0;0;3;12.2864;41.7378;-1;1;Autovettura privata;In marcia / fermata / arresto;Passeggero;M;Illeso;0;;;
5589025;13;12/09/2021 23:00:00;Strada Urbana;VIA ALESSANDRO PIOLA CASELLI;all'intersezione con;VIA CAPO SPARTIVENTO;VIA CAPO SPARTIVENTO;;;Scontro laterale fra veicoli in marcia;Incrocio;Due carreggiate;Asciutto;Asfaltata;Verticale ed orizzontale;Sereno;Normale;Sufficiente;;0;0;0;3;12.2864;41.7378;-1;2;Autovettura privata;In marcia / fermata / arresto;Conducente;M;Illeso;0;;;
5589026;2;11/09/2021 19:00:00;Strada Urbana;VIA FLAMINIA;all'intersezione con;VIA LUIGI CANINA;VIA LUIGI CANINA;;;Veicolo in marcia contro veicolo in sosta;Intersezione semaforizzata;Una carreggiata a senso unico di marcia;Asciutto;Asfaltata;Verticale ed orizzontale;Sereno;Normale;Sufficiente;;0;0;0;0;12.4721;41.9209;-1;1;Autovettura privata;Sosta;;;;;;;
5589050;4;13/09/2021 15:50:00;Strada Urbana;VIALE GINO CERVI;da specificare;;;;altezza V. Boetti Valvassura;Scontro laterale fra veicoli in marcia;Rettilineo;Una carreggiata a doppio senso;Asciutto;Asfaltata;Verticale ed orizzontale;Sereno;Normale;Buona;;0;0;0;4;12.5351;41.9626;-1;1;Autovettura privata;In marcia / fermata / arresto;Conducente;M;Illeso;0;;Non accertato;
5589050;4;13/09/2021 15:50:00;Strada Urbana;VIALE GINO CERVI;da specificare;;;;altezza V. Boetti Valvassura;Scontro laterale fra veicoli in marcia;Rettilineo;Una carreggiata a doppio senso;Asciutto;Asfaltata;Verticale ed orizzontale;Sereno;Normale;Buona;;0;0;0;4;12.5351;41.9626;-1;1;Autovettura privata;In marcia / fermata / arresto;Passeggero;M;Illeso;0;;Non accertato;
5589050;4;13/09/2021 15:50:00;Strada Urbana;VIALE GINO CERVI;da specificare;;;;altezza V. Boetti Valvassura;Scontro laterale fra veicoli in marcia;Rettilineo;Una carreggiata a doppio senso;Asciutto;Asfaltata;Verticale ed orizzontale;Sereno;Normale;Buona;;0;0;0;4;12.5351;41.9626;-1;2;Autovettura privata;In marcia / fermata / arresto;Conducente;M;Illeso;0;;Non accertato;
5589050;4;13/09/2021 15:50:00;Strada Urbana;VIALE GINO CERVI;da specificare;;;;altezza V. Boetti Valvassura;Scontro laterale fra veicoli in marcia;Rettilineo;Una carreggiata a doppio senso;Asciutto;Asfaltata;Verticale ed orizzontale;Sereno;Normale;Buona;;0;0;0;4;12.5351;41.9626;-1;2;Autovettura privata;In marcia / fermata / arresto;Passeggero;F;Illeso;0;;Non accertato;
5589073;4;13/09/2021 17:00:00;Strada Urbana;VIA RADICOFANI;in corrispondenza;;del civico n.;208;;Tamponamento;Rettilineo;Una carreggiata a doppio senso;Asciutto;Asfaltata;Verticale;Sereno;Normale;Buona;;0;0;0;2;12.5152;41.9728;-1;1;Motociclo a solo;In marcia / fermata / arresto;Conducente;M;Illeso;0;;Non accertato;
5589073;4;13/09/2021 17:00:00;Strada Urbana;VIA RADICOFANI;in corrispondenza;;del civico n.;208;;Tamponamento;Rettilineo;Una carreggiata a doppio senso;Asciutto;Asfaltata;Verticale;Sereno;Normale;Buona;;0;0;0;2;12.5152;41.9728;-1;2;Autovettura privata;In marcia / fermata / arresto;Conducente;M;Illeso;0;;;
5589090;17;13/09/2021 21:20:00;Strada Urbana;VIA SIMONE SIMONI;da specificare;;;;altezza piazzale AMMIRAGLIO BERGAMINI;Veicolo in marcia contro veicolo fermo;Rettilineo;Una carreggiata a senso unico di marcia;Asciutto;Asfaltata;Orizzontale;Sereno;Scarso;Insufficiente;;1;0;0;2;12.4432;41.9067;-1;1;Autovettura privata;In marcia / fermata / arresto;Conducente;F;Illeso;0;;;
5589090;17;13/09/2021 21:20:00;Strada Urbana;VIA SIMONE SIMONI;da specificare;;;;altezza piazzale AMMIRAGLIO BERGAMINI;Veicolo in marcia contro veicolo fermo;Rettilineo;Una carreggiata a senso unico di marcia;Asciutto;Asfaltata;Orizzontale;Sereno;Scarso;Insufficiente;;1;0;0;2;12.4432;41.9067;-1;1;Autovettura privata;In marcia / fermata / arresto;Passeggero;M;Illeso;0;;;
5589090;17;13/09/2021 21:20:00;Strada Urbana;VIA SIMONE SIMONI;da specificare;;;;altezza piazzale AMMIRAGLIO BERGAMINI;Veicolo in marcia contro veicolo fermo;Rettilineo;Una carreggiata a senso unico di marcia;Asciutto;Asfaltata;Orizzontale;Sereno;Scarso;Insufficiente;;1;0;0;2;12.4432;41.9067;-1;2;Velocipede;In marcia / fermata / arresto;Conducente;M;Rimandato;0;NON DECEDUTO;Esente;
5589090;17;13/09/2021 21:20:00;Strada Urbana;VIA SIMONE SIMONI;da specificare;;;;altezza piazzale AMMIRAGLIO BERGAMINI;Veicolo in marcia contro veicolo fermo;Rettilineo;Una carreggiata a senso unico di marcia;Asciutto;Asfaltata;Orizzontale;Sereno;Scarso;Insufficiente;;1;0;0;2;12.4432;41.9067;-1;3;Autovettura privata;Sosta;;;;;;;
5589091;1;13/09/2021 11:35:00;Strada Urbana;VIA DEL QUIRINALE;da specificare;;;;fronte palo luce n. 4;Scontro laterale fra veicoli in marcia;Rettilineo;Una carreggiata a doppio senso;Asciutto;Asfaltata;Verticale ed orizzontale;Sereno;Normale;Buona;;1;0;0;1;;;0;1;Velocipede;In marcia / fermata / arresto;Conducente;M;Illeso;0;;Esente;
5589091;1;13/09/2021 11:35:00;Strada Urbana;VIA DEL QUIRINALE;da specificare;;;;fronte palo luce n. 4;Scontro laterale fra veicoli in marcia;Rettilineo;Una carreggiata a doppio senso;Asciutto;Asfaltata;Verticale ed orizzontale;Sereno;Normale;Buona;;1;0;0;1;;;0;2;Velocipede;In marcia / fermata / arresto;Conducente;M;Rimandato;0;NON DECEDUTO;Esente;
5589096;4;13/09/2021 15:15:00;Strada Urbana;VIA VAL PELLICE;da specificare;;;;prossimit� via PRATI FISCALI;Veicolo in marcia contro veicolo in sosta;Rettilineo;Una carreggiata a senso unico di marcia;Asciutto;Asfaltata;Verticale;Sereno;Normale;Buona;;0;0;0;2;12.52;41.9448;-1;1;Autovettura privata;Sosta;;;;;;;
5589096;4;13/09/2021 15:15:00;Strada Urbana;VIA VAL PELLICE;da specificare;;;;prossimit� via PRATI FISCALI;Veicolo in marcia contro veicolo in sosta;Rettilineo;Una carreggiata a senso unico di marcia;Asciutto;Asfaltata;Verticale;Sereno;Normale;Buona;;0;0;0;2;12.52;41.9448;-1;2;Trattore stradale;In marcia / fermata / arresto;Conducente;M;Illeso;0;;;
5589096;4;13/09/2021 15:15:00;Strada Urbana;VIA VAL PELLICE;da specificare;;;;prossimit� via PRATI FISCALI;Veicolo in marcia contro veicolo in sosta;Rettilineo;Una carreggiata a senso unico di marcia;Asciutto;Asfaltata;Verticale;Sereno;Normale;Buona;;0;0;0;2;12.52;41.9448;-1;3;Rimorchio;In marcia / fermata / arresto;Conducente;M;Illeso;0;;;
5589104;13;13/09/2021 08:40:00;Strada Urbana;VIA DI SAPONARA;all'intersezione con;VIA GIUSEPPE BONITO;VIA GIUSEPPE BONITO;;;Scontro frontale/laterale DX fra veicoli in marcia;Incrocio;Una carreggiata a doppio senso;Asciutto;Asfaltata;Assente;Sereno;Normale;Buona;;1;0;0;1;12.3459;41.7744;-1;1;Autovettura privata;In marcia / fermata / arresto;Conducente;F;Illeso;0;;Non accertato;Inesploso
5589104;13;13/09/2021 08:40:00;Strada Urbana;VIA DI SAPONARA;all'intersezione con;VIA GIUSEPPE BONITO;VIA GIUSEPPE BONITO;;;Scontro frontale/laterale DX fra veicoli in marcia;Incrocio;Una carreggiata a doppio senso;Asciutto;Asfaltata;Assente;Sereno;Normale;Buona;;1;0;0;1;12.3459;41.7744;-1;2;Autovettura privata;In marcia / fermata / arresto;Conducente;M;Rimandato;0;NON DECEDUTO;Non accertato;Inesploso
5589114;4;13/09/2021 16:25:00;Strada Urbana;PIAZZA CONCA D'ORO;all'intersezione con;VIA DELLE VALLI;VIA DELLE VALLI;;;Scontro frontale/laterale SX fra veicoli in marcia;Intersezione semaforizzata;Due carreggiate;Asciutto;Asfaltata;Verticale ed orizzontale;Sereno;Intenso;Buona;;2;0;0;0;12.5281;41.939;-1;1;Motociclo a solo;In marcia / fermata / arresto;Conducente;M;Rifiuta cure immediate;0;NON DECEDUTO;;
5589114;4;13/09/2021 16:25:00;Strada Urbana;PIAZZA CONCA D'ORO;all'intersezione con;VIA DELLE VALLI;VIA DELLE VALLI;;;Scontro frontale/laterale SX fra veicoli in marcia;Intersezione semaforizzata;Due carreggiate;Asciutto;Asfaltata;Verticale ed orizzontale;Sereno;Intenso;Buona;;2;0;0;0;12.5281;41.939;-1;2;Motociclo a solo;In marcia / fermata / arresto;Conducente;M;Rimandato;0;NON DECEDUTO;;
5589162;19;11/09/2021 07:35:00;Strada Urbana;Tangenziale Est;da specificare;;;;altezza Nomentana direzione Stadio Olimpico;Scontro laterale fra veicoli in marcia;Rettilineo;Due carreggiate;Asciutto;Asfaltata;Verticale ed orizzontale;Sereno;Normale;Buona;;0;0;0;2;12.5273;41.9302;-1;1;Autovettura privata;In marcia / fermata / arresto;Conducente;M;Illeso;0;;Non accertato;Inesploso