Protocollo;Gruppo;DataOraIncidente;Localizzazione1;STRADA1;Localizzazione2;STRADA2;Strada02;Chilometrica;DaSpecificare;NaturaIncidente;particolaritastrade;TipoStrada;FondoStradale;Pavimentazione;Segnaletica;CondizioneAtmosferica;Traffico;Visibilita;Illuminazione;NUM_FERITI;NUM_RISERVATA;NUM_MORTI;NUM_ILLESI;Longitudine;Latitudine;Confermato;Progressivo;TipoVeicolo;StatoVeicolo;TipoPersona;Sesso;Tipolesione;Deceduto;DecedutoDopo;CinturaCascoUtilizzato;Airbag;
5589162;19;11/09/2021 07:35:00;Strada Urbana;Tangenziale Est;da specificare;;;;altezza Nomentana direzione Stadio Olimpico;Scontro laterale fra veicoli in marcia;Rettilineo;Due carreggiate;Asciutto;Asfaltata;Verticale ed orizzontale;Sereno;Normale;Buona;;0;0;0;2;12.5273;41.9302;-1;2;Autovettura privata;In marcia / fermata / arresto;Conducente;M;Illeso;0;;Non accertato;Inesploso
5589175;4;13/09/2021 19:15:00;Strada Urbana;VIA DELLE VIGNE NUOVE;da specificare;;;;prossimit� VIA AMLETO PALERMI;Tamponamento;Rettilineo;Due carreggiate;Asciutto;Asfaltata;Verticale ed orizzontale;Sereno;Intenso;Buona;;0;0;0;4;12.5358;41.9554;-1;1;Autovettura privata;In marcia / fermata / arresto;Conducente;M;Illeso;0;;Non accertato;
5589175;4;13/09/2021 19:15:00;Strada Urbana;VIA DELLE VIGNE NUOVE;da specificare;;;;prossimit� VIA AMLETO PALERMI;Tamponamento;Rettilineo;Due carreggiate;Asciutto;Asfaltata;Verticale ed orizzontale;Sereno;Intenso;Buona;;0;0;0;4;12.5358;41.9554;-1;1;Autovettura privata;In marcia / fermata / arresto;Passeggero;F;Illeso;0;;Non accertato;
5589175;4;13/09/2021 19:15:00;Strada Urbana;VIA DELLE VIGNE NUOVE;da specificare;;;;prossimit� VIA AMLETO PALERMI;Tamponamento;Rettilineo;Due carreggiate;Asciutto;Asfaltata;Verticale ed orizzontale;Sereno;Intenso;Buona;;0;0;0;4;12.5358;41.9554;-1;2;Autovettura privata;In marcia / fermata / arresto;Conducente;M;Illeso;0;;Non accertato;
5589175;4;13/09/2021 19:15:00;Strada Urbana;VIA DELLE VIGNE NUOVE;da specificare;;;;prossimit� VIA AMLETO PALERMI;Tamponamento;Rettilineo;Due carreggiate;Asciutto;Asfaltata;Verticale ed orizzontale;Sereno;Intenso;Buona;;0;0;0;4;12.5358;41.9554;-1;2;Autovettura privata;In marcia / fermata / arresto;Passeggero;M;Illeso;0;;Non accertato;
5589193;12;13/09/2021 23:45:00;Strada Urbana;VIA DI MEZZOCAMMINO;da specificare;;;;ALTEZZA ROTATORIA TERENZIO TOCCI;Tamponamento Multiplo;Rettilineo;Una carreggiata a doppio senso;Asciutto;Asfaltata;Verticale ed orizzontale;Sereno;Scarso;Sufficiente;;0;0;0;5;12.4375;41.79;-1;1;Autovettura privata;In marcia / fermata / arresto;Conducente;M;Illeso;0;;Utilizzato;Inesploso
5589193;12;13/09/2021 23:45:00;Strada Urbana;VIA DI MEZZOCAMMINO;da specificare;;;;ALTEZZA ROTATORIA TERENZIO TOCCI;Tamponamento Multiplo;Rettilineo;Una carreggiata a doppio senso;Asciutto;Asfaltata;Verticale ed orizzontale;Sereno;Scarso;Sufficiente;;0;0;0;5;12.4375;41.79;-1;2;Autovettura privata;In marcia / fermata / arresto;Conducente;M;Illeso;0;;Utilizzato;Inesploso
5589193;12;13/09/2021 23:45:00;Strada Urbana;VIA DI MEZZOCAMMINO;da specificare;;;;ALTEZZA ROTATORIA TERENZIO TOCCI;Tamponamento Multiplo;Rettilineo;Una carreggiata a doppio senso;Asciutto;Asfaltata;Verticale ed orizzontale;Sereno;Scarso;Sufficiente;;0;0;0;5;12.4375;41.79;-1;2;Autovettura privata;In marcia / fermata / arresto;Passeggero;M;Illeso;0;;Utilizzato;Inesploso
5589193;12;13/09/2021 23:45:00;Strada Urbana;VIA DI MEZZOCAMMINO;da specificare;;;;ALTEZZA ROTATORIA TERENZIO TOCCI;Tamponamento Multiplo;Rettilineo;Una carreggiata a doppio senso;Asciutto;Asfaltata;Verticale ed orizzontale;Sereno;Scarso;Sufficiente;;0;0;0;5;12.4375;41.79;-1;3;Autovettura privata;In marcia / fermata / arresto;Conducente;M;Illeso;0;;Utilizzato;Inesploso
5589193;12;13/09/2021 23:45:00;Strada Urbana;VIA DI MEZZOCAMMINO;da specificare;;;;ALTEZZA ROTATORIA TERENZIO TOCCI;Tamponamento Multiplo;Rettilineo;Una carreggiata a doppio senso;Asciutto;Asfaltata;Verticale ed orizzontale;Sereno;Scarso;Sufficiente;;0;0;0;5;12.4375;41.79;-1;3;Autovettura privata;In marcia / fermata / arresto;Passeggero;F;Illeso;0;;Utilizzato;Inesploso
5589291;2;13/09/2021 09:10:00;Strada Urbana;VIA SALARIA;in prossimit�;;del civico n.;434;;Scontro laterale fra veicoli in marcia;Rettilineo;Una carreggiata a doppio senso;Asciutto;Asfaltata;Orizzontale;Sereno;Intenso;Buona;;1;0;0;1;12.5093;41.9311;-1;1;Autovettura privata;In marcia / fermata / arresto;Conducente;M;Illeso;0;;;
5589291;2;13/09/2021 09:10:00;Strada Urbana;VIA SALARIA;in prossimit�;;del civico n.;434;;Scontro laterale fra veicoli in marcia;Rettilineo;Una carreggiata a doppio senso;Asciutto;Asfaltata;Orizzontale;Sereno;Intenso;Buona;;1;0;0;1;12.5093;41.9311;-1;2;Motociclo a solo;In marcia / fermata / arresto;Conducente;M;Rimandato;0;NON DECEDUTO;;
5589292;2;13/09/2021 14:30:00;Strada Urbana;VIA ENRICO CHIARADIA;in prossimit�;;del civico n.;2;;Tamponamento;Curva a visuale libera;Una carreggiata a senso unico di marcia;Asciutto;Asfaltata;Verticale;Sereno;Normale;Buona;;0;0;0;2;12.4725;41.921;-1;1;Autovettura privata;In marcia / fermata / arresto;Conducente;M;Illeso;0;;Non accertato;Inesploso
5589292;2;13/09/2021 14:30:00;Strada Urbana;VIA ENRICO CHIARADIA;in prossimit�;;del civico n.;2;;Tamponamento;Curva a visuale libera;Una carreggiata a senso unico di marcia;Asciutto;Asfaltata;Verticale;Sereno;Normale;Buona;;0;0;0;2;12.4725;41.921;-1;2;Autovettura privata;In marcia / fermata / arresto;Conducente;M;Illeso;0;;Non accertato;Inesploso
5589294;13;13/09/2021 17:45:00;Strada Urbana;VIA ERMANNO WOLF FERRARI;da specificare;;;;altezza entrata distributore esso;Scontro frontale/laterale DX fra veicoli in marcia;Rettilineo;Una carreggiata a doppio senso;Asciutto;Asfaltata;Verticale;Sereno;Intenso;Buona;;0;0;0;3;12.3709;41.7546;-1;1;Autovettura privata;In marcia / fermata / arresto;Conducente;F;Illeso;0;;Non accertato;Inesploso
5589294;13;13/09/2021 17:45:00;Strada Urbana;VIA ERMANNO WOLF FERRARI;da specificare;;;;altezza entrata distributore esso;Scontro frontale/laterale DX fra veicoli in marcia;Rettilineo;Una carreggiata a doppio senso;Asciutto;Asfaltata;Verticale;Sereno;Intenso;Buona;;0;0;0;3;12.3709;41.7546;-1;2;Autovettura privata;In marcia / fermata / arresto;Conducente;F;Illeso;0;;Non accertato;Inesploso
5589294;13;13/09/2021 17:45:00;Strada Urbana;VIA ERMANNO WOLF FERRARI;da specificare;;;;altezza entrata distributore esso;Scontro frontale/laterale DX fra veicoli in marcia;Rettilineo;Una carreggiata a doppio senso;Asciutto;Asfaltata;Verticale;Sereno;Intenso;Buona;;0;0;0;3;12.3709;41.7546;-1;2;Autovettura privata;In marcia / fermata / arresto;Passeggero;F;Illeso;0;;Non accertato;Inesploso
5589305;2;13/09/2021 15:00:00;Strada Urbana;VIA CHISIMAIO;in prossimit�;;del civico n.;36;;Veicolo in marcia contro veicolo in sosta;Curva a visuale libera;Una carreggiata a senso unico di marcia;Asciutto;Asfaltata;Verticale ed orizzontale;Sereno;Scarso;Buona;;0;0;0;0;12.5228;41.9291;-1;1;Autovettura privata;Sosta;;;;;;;
5589326;2;13/09/2021 15:00:00;Strada Urbana;VIA ANTONIO BERTOLONI;in prossimit�;;del civico n.;5;;Scontro laterale fra veicoli in marcia;Rettilineo;Una carreggiata a doppio senso;Asciutto;Asfaltata;Orizzontale;Sereno;Normale;Buona;;0;0;0;2;12.4895;41.9226;-1;1;Autovettura privata;In marcia / fermata / arresto;Conducente;M;Illeso;0;;;
5589326;2;13/09/2021 15:00:00;Strada Urbana;VIA ANTONIO BERTOLONI;in prossimit�;;del civico n.;5;;Scontro laterale fra veicoli in marcia;Rettilineo;Una carreggiata a doppio senso;Asciutto;Asfaltata;Orizzontale;Sereno;Normale;Buona;;0;0;0;2;12.4895;41.9226;-1;2;Autovettura privata;In marcia / fermata / arresto;Conducente;F;Illeso;0;;;
5589331;2;13/09/2021 18:05:00;Strada Urbana;VIA SAVERIO MERCADANTE;all'intersezione con;VIALE GIOACCHINO ROSSINI;VIALE GIOACCHINO ROSSINI;;;Scontro laterale fra veicoli in marcia;Intersezione semaforizzata;Una carreggiata a doppio senso;Asciutto;Asfaltata;Verticale ed orizzontale;Sereno;Normale;Buona;;1;0;0;2;12.4918;41.9181;-1;1;Motociclo a solo;In marcia / fermata / arresto;Conducente;M;Rimandato;0;NON DECEDUTO;;
5589331;2;13/09/2021 18:05:00;Strada Urbana;VIA SAVERIO MERCADANTE;all'intersezione con;VIALE GIOACCHINO ROSSINI;VIALE GIOACCHINO ROSSINI;;;Scontro laterale fra veicoli in marcia;Intersezione semaforizzata;Una carreggiata a doppio senso;Asciutto;Asfaltata;Verticale ed orizzontale;Sereno;Normale;Buona;;1;0;0;2;12.4918;41.9181;-1;2;Autovettura di polizia;In marcia / fermata / arresto;Conducente;M;Illeso;0;;Non accertato;Inesploso
5589331;2;13/09/2021 18:05:00;Strada Urbana;VIA SAVERIO MERCADANTE;all'intersezione con;VIALE GIOACCHINO ROSSINI;VIALE GIOACCHINO ROSSINI;;;Scontro laterale fra veicoli in marcia;Intersezione semaforizzata;Una carreggiata a doppio senso;Asciutto;Asfaltata;Verticale ed orizzontale;Sereno;Normale;Buona;;1;0;0;2;12.4918;41.9181;-1;2;Autovettura di polizia;In marcia / fermata / arresto;Passeggero;M;Illeso;0;;Non accertato;Inesploso
5589333;2;14/09/2021 02:30:00;Strada Urbana;VIA SALARIA;in prossimit�;;del civico n.;336;;Veicolo in marcia contro ostacolo fisso;Rettilineo;Una carreggiata a doppio senso;Asciutto;Asfaltata;Verticale ed orizzontale;Sereno;Scarso;Buona;;0;0;0;1;12.5041;41.9244;-1;1;Autocarro superiore 35 q.;In marcia / fermata / arresto;Conducente;M;Illeso;0;;Non accertato;Inesploso
5589335;2;14/09/2021 05:30:00;Strada Urbana;VIA FRANCESCO SIACCI;in prossimit�;;del civico n.;38;;Veicolo in marcia contro ostacolo accidentale;Rettilineo;Una carreggiata a doppio senso;Asciutto;Asfaltata;Verticale ed orizzontale;Sereno;Scarso;Buona;;0;0;0;1;12.4875;41.9226;-1;1;Autovettura privata;In marcia / fermata / arresto;Conducente;M;Illeso;0;;Non accertato;Inesploso
5589352;18;14/09/2021 10:25:00;Strada Urbana;VIA DI CASALOTTI;in corrispondenza;;del civico n.;108;;Veicolo in marcia contro veicolo in sosta;Rettilineo;Una carreggiata a doppio senso;Asciutto;Asfaltata;Verticale ed orizzontale;Sereno;Normale;Buona;;0;0;0;1;12.3704;41.916;-1;1;Autovettura privata;In marcia / fermata / arresto;Conducente;F;Illeso;0;;Non accertato;Inesploso
5589352;18;14/09/2021 10:25:00;Strada Urbana;VIA DI CASALOTTI;in corrispondenza;;del civico n.;108;;Veicolo in marcia contro veicolo in sosta;Rettilineo;Una carreggiata a doppio senso;Asciutto;Asfaltata;Verticale ed orizzontale;Sereno;Normale;Buona;;0;0;0;1;12.3704;41.916;-1;2;Autocarro inferiore 35 q.;Sosta;;;;;;;
5589357;13;13/09/2021 11:00:00;Strada Urbana;CORSO DUCA DI GENOVA;in corrispondenza;;del civico n.;24;;Scontro laterale fra veicoli in marcia;Rettilineo;Una carreggiata a doppio senso;Asciutto;Asfaltata;Verticale ed orizzontale;Sereno;Intenso;Buona;;0;0;0;3;12.2745;41.7331;-1;1;Autovettura privata;In marcia / fermata / arresto;Conducente;M;Illeso;0;;;
5589357;13;13/09/2021 11:00:00;Strada Urbana;CORSO DUCA DI GENOVA;in corrispondenza;;del civico n.;24;;Scontro laterale fra veicoli in marcia;Rettilineo;Una carreggiata a doppio senso;Asciutto;Asfaltata;Verticale ed orizzontale;Sereno;Intenso;Buona;;0;0;0;3;12.2745;41.7331;-1;1;Autovettura privata;In marcia / fermata / arresto;Passeggero;F;Illeso;0;;;
5589357;13;13/09/2021 11:00:00;Strada Urbana;CORSO DUCA DI GENOVA;in corrispondenza;;del civico n.;24;;Scontro laterale fra veicoli in marcia;Rettilineo;Una carreggiata a doppio senso;Asciutto;Asfaltata;Verticale ed orizzontale;Sereno;Intenso;Buona;;0;0;0;3;12.2745;41.7331;-1;2;Autovettura privata;In marcia / fermata / arresto;Conducente;M;Illeso;0;;;
5589373;3;13/09/2021 11:40:00;Strada Urbana;PIAZZALE DELLE PROVINCIE;da specificare;;;;altezza, Viale Ippocrate;Scontro frontale/laterale SX fra veicoli in marcia;Rotatoria;Una carreggiata a senso unico di marcia;Asciutto;Asfaltata;Verticale ed orizzontale;Sereno;Intenso;Buona;;0;0;0;5;12.521;41.9095;-1;1;Autovettura privata;In marcia / fermata / arresto;Conducente;F;Illeso;0;;Non accertato;Inesploso
5589373;3;13/09/2021 11:40:00;Strada Urbana;PIAZZALE DELLE PROVINCIE;da specificare;;;;altezza, Viale Ippocrate;Scontro frontale/laterale SX fra veicoli in marcia;Rotatoria;Una carreggiata a senso unico di marcia;Asciutto;Asfaltata;Verticale ed orizzontale;Sereno;Intenso;Buona;;0;0;0;5;12.521;41.9095;-1;1;Autovettura privata;In marcia / fermata / arresto;Passeggero;F;Illeso;0;;Non accertato;Inesploso
5589373;3;13/09/2021 11:40:00;Strada Urbana;PIAZZALE DELLE PROVINCIE;da specificare;;;;altezza, Viale Ippocrate;Scontro frontale/laterale SX fra veicoli in marcia;Rotatoria;Una carreggiata a senso unico di marcia;Asciutto;Asfaltata;Verticale ed orizzontale;Sereno;Intenso;Buona;;0;0;0;5;12.521;41.9095;-1;1;Autovettura privata;In marcia / fermata / arresto;Passeggero;M;Illeso;0;;Non accertato;Inesploso
5589373;3;13/09/2021 11:40:00;Strada Urbana;PIAZZALE DELLE PROVINCIE;da specificare;;;;altezza, Viale Ippocrate;Scontro frontale/laterale SX fra veicoli in marcia;Rotatoria;Una carreggiata a senso unico di marcia;Asciutto;Asfaltata;Verticale ed orizzontale;Sereno;Intenso;Buona;;0;0;0;5;12.521;41.9095;-1;2;Autovettura privata;In marcia / fermata / arresto;Conducente;M;Illeso;0;;Non accertato;Inesploso
5589373;3;13/09/2021 11:40:00;Strada Urbana;PIAZZALE DELLE PROVINCIE;da specificare;;;;altezza, Viale Ippocrate;Scontro frontale/laterale SX fra veicoli in marcia;Rotatoria;Una carreggiata a senso unico di marcia;Asciutto;Asfaltata;Verticale ed orizzontale;Sereno;Intenso;Buona;;0;0;0;5;12.521;41.9095;-1;2;Autovettura privata;In marcia / fermata / arresto;Passeggero;F;Illeso;0;;Non accertato;Inesploso
5589401;13;13/09/2021 11:40:00;Strada Urbana;VIA DI ACILIA;in prossimit�;;del civico n.;37;;Scontro laterale fra veicoli in marcia;Rettilineo;Una carreggiata a doppio senso;Asciutto;Asfaltata;Verticale ed orizzontale;Sereno;Intenso;Buona;;0;0;0;2;12.365;41.7836;-1;1;Motociclo a solo;In marcia / fermata / arresto;Conducente;M;Illeso;0;;;
5589401;13;13/09/2021 11:40:00;Strada Urbana;VIA DI ACILIA;in prossimit�;;del civico n.;37;;Scontro laterale fra veicoli in marcia;Rettilineo;Una carreggiata a doppio senso;Asciutto;Asfaltata;Verticale ed orizzontale;Sereno;Intenso;Buona;;0;0;0;2;12.365;41.7836;-1;2;Autovettura privata;In marcia / fermata / arresto;Conducente;M;Illeso;0;;;
5589516;13;13/09/2021 10:45:00;Strada Urbana;VIALE AMMIRAGLIO DEL BONO;all'intersezione con;VIA CAPO PALINURO;VIA CAPO PALINURO;;;Scontro frontale/laterale SX fra veicoli in marcia;Incrocio;Una carreggiata a doppio senso;Asciutto;Asfaltata;Verticale ed orizzontale;Sereno;Normale;Buona;;0;0;0;3;12.2848;41.7364;-1;1;Autovettura privata;In marcia / fermata / arresto;Conducente;M;Illeso;0;;Non accertato;Inesploso
5589516;13;13/09/2021 10:45:00;Strada Urbana;VIALE AMMIRAGLIO DEL BONO;all'intersezione con;VIA CAPO PALINURO;VIA CAPO PALINURO;;;Scontro frontale/laterale SX fra veicoli in marcia;Incrocio;Una carreggiata a doppio senso;Asciutto;Asfaltata;Verticale ed orizzontale;Sereno;Normale;Buona;;0;0;0;3;12.2848;41.7364;-1;2;Autovettura privata;In marcia / fermata / arresto;Conducente;F;Illeso;0;;Non accertato;Inesploso
5589516;13;13/09/2021 10:45:00;Strada Urbana;VIALE AMMIRAGLIO DEL BONO;all'intersezione con;VIA CAPO PALINURO;VIA CAPO PALINURO;;;Scontro frontale/laterale SX fra veicoli in marcia;Incrocio;Una carreggiata a doppio senso;Asciutto;Asfaltata;Verticale ed orizzontale;Sereno;Normale;Buona;;0;0;0;3;12.2848;41.7364;-1;2;Autovettura privata;In marcia / fermata / arresto;Passeggero;M;Illeso;0;;Non accertato;Inesploso
5589529;13;14/09/2021 10:45:00;Strada Urbana;PIAZZALE MAGELLANO;all'intersezione con;VIA SAN FIORENZO;VIA SAN FIORENZO;;;Scontro frontale fra veicoli in marcia;Incrocio;Una carreggiata a senso unico di marcia;Asciutto;Asfaltata;Orizzontale;Sereno;Normale;Buona;;0;0;0;2;12.2872;41.7263;-1;1;Veicolo speciale;In marcia / fermata / arresto;Conducente;M;Illeso;0;;Non accertato;Inesploso
5589529;13;14/09/2021 10:45:00;Strada Urbana;PIAZZALE MAGELLANO;all'intersezione con;VIA SAN FIORENZO;VIA SAN FIORENZO;;;Scontro frontale fra veicoli in marcia;Incrocio;Una carreggiata a senso unico di marcia;Asciutto;Asfaltata;Orizzontale;Sereno;Normale;Buona;;0;0;0;2;12.2872;41.7263;-1;2;Autovettura privata;In marcia / fermata / arresto;Conducente;M;Illeso;0;;Non accertato;Inesploso
5589575;9;14/09/2021 06:30:00;Strada Urbana;VIA CILICIA;in prossimit�;;del civico n.;53;;Veicolo in marcia contro veicolo in sosta;Rettilineo;Due carreggiate;Asciutto;Asfaltata;Orizzontale;Sereno;Normale;Buona;;1;0;0;0;12.5044;41.8718;-1;1;Autovettura privata;In marcia / fermata / arresto;Conducente;M;Rimandato;0;NON DECEDUTO;Non accertato;Inesploso
5589575;9;14/09/2021 06:30:00;Strada Urbana;VIA CILICIA;in prossimit�;;del civico n.;53;;Veicolo in marcia contro veicolo in sosta;Rettilineo;Due carreggiate;Asciutto;Asfaltata;Orizzontale;Sereno;Normale;Buona;;1;0;0;0;12.5044;41.8718;-1;2;Autovettura privata;Sosta;;;;;;;
5589627;19;13/09/2021 12:15:00;Strada Urbana;VIA ATTILIO FRIGGERI;all'intersezione con;VIA GIUSEPPE ROSSO;VIA GIUSEPPE ROSSO;;;Scontro frontale/laterale SX fra veicoli in marcia;Incrocio;Una carreggiata a doppio senso;Asciutto;Asfaltata;Verticale;Sereno;Scarso;Buona;;1;0;0;1;12.4399;41.9194;-1;1;Autovettura privata;In marcia / fermata / arresto;Conducente;F;Illeso;0;;Non accertato;Inesploso
5589627;19;13/09/2021 12:15:00;Strada Urbana;VIA ATTILIO FRIGGERI;all'intersezione con;VIA GIUSEPPE ROSSO;VIA GIUSEPPE ROSSO;;;Scontro frontale/laterale SX fra veicoli in marcia;Incrocio;Una carreggiata a doppio senso;Asciutto;Asfaltata;Verticale;Sereno;Scarso;Buona;;1;0;0;1;12.4399;41.9194;-1;2;Monopattino elettrico;In marcia / fermata / arresto;Conducente;F;Rimandato;0;NON DECEDUTO;Non accertato;Inesploso
5589640;6;14/09/2021 13:25:00;Strada Urbana;VIA MARCIANISE;all'intersezione con;VIALE TELESE;VIALE TELESE;;;Scontro laterale fra veicoli in marcia;Incrocio;Una carreggiata a doppio senso;Asciutto;Asfaltata;Orizzontale;Sereno;Normale;Buona;;1;0;0;3;12.5492;41.891;-1;1;Autovettura privata;In marcia / fermata / arresto;Conducente;M;Illeso;0;;Non accertato;Inesploso
5589640;6;14/09/2021 13:25:00;Strada Urbana;VIA MARCIANISE;all'intersezione con;VIALE TELESE;VIALE TELESE;;;Scontro laterale fra veicoli in marcia;Incrocio;Una carreggiata a doppio senso;Asciutto;Asfaltata;Orizzontale;Sereno;Normale;Buona;;1;0;0;3;12.5492;41.891;-1;1;Autovettura privata;In marcia / fermata / arresto;Passeggero;F;Illeso;0;;Non accertato;Inesploso
5589640;6;14/09/2021 13:25:00;Strada Urbana;VIA MARCIANISE;all'intersezione con;VIALE TELESE;VIALE TELESE;;;Scontro laterale fra veicoli in marcia;Incrocio;Una carreggiata a doppio senso;Asciutto;Asfaltata;Orizzontale;Sereno;Normale;Buona;;1;0;0;3;12.5492;41.891;-1;1;Autovettura privata;In marcia / fermata / arresto;Passeggero;F;Illeso;0;;Non accertato;Inesploso
5589640;6;14/09/2021 13:25:00;Strada Urbana;VIA MARCIANISE;all'intersezione con;VIALE TELESE;VIALE TELESE;;;Scontro laterale fra veicoli in marcia;Incrocio;Una carreggiata a doppio senso;Asciutto;Asfaltata;Orizzontale;Sereno;Normale;Buona;;1;0;0;3;12.5492;41.891;-1;2;Motociclo a solo;In marcia / fermata / arresto;Conducente;M;Rimandato;0;NON DECEDUTO;Non accertato;
5589747;10;14/09/2021 14:00:00;Strada Urbana;VIA FILOMUSI GUELFI;all'intersezione con;VIA CARLO FADDA;VIA CARLO FADDA;;;Scontro frontale/laterale DX fra veicoli in marcia;Incrocio;Due carreggiate;Asciutto;Asfaltata;Verticale ed orizzontale;Sereno;Normale;Buona;;0;0;0;3;12.5709;41.8625;-1;1;Autovettura privata;In marcia / fermata / arresto;Conducente;F;Illeso;0;;Non accertato;Inesploso
5589747;10;14/09/2021 14:00:00;Strada Urbana;VIA FILOMUSI GUELFI;all'intersezione con;VIA CARLO FADDA;VIA CARLO FADDA;;;Scontro frontale/laterale DX fra veicoli in marcia;Incrocio;Due carreggiate;Asciutto;Asfaltata;Verticale ed orizzontale;Sereno;Normale;Buona;;0;0;0;3;12.5709;41.8625;-1;2;Autoveicolo trasp.promisc.;In marcia / fermata / arresto;Conducente;M;Illeso;0;;Non utilizzato;Inesploso
5589747;10;14/09/2021 14:00:00;Strada Urbana;VIA FILOMUSI GUELFI;all'intersezione con;VIA CARLO FADDA;VIA CARLO FADDA;;;Scontro frontale/laterale DX fra veicoli in marcia;Incrocio;Due carreggiate;Asciutto;Asfaltata;Verticale ed orizzontale;Sereno;Normale;Buona;;0;0;0;3;12.5709;41.8625;-1;3;Autovettura privata;In marcia / fermata / arresto;Conducente;M;Illeso;0;;Non accertato;Inesploso
5589832;1;13/09/2021 13:50:00;Strada Urbana;VIA CAMPANIA;in prossimit�;;del civico n.;11;;Veicolo in marcia contro veicoli in sosta;Rettilineo;Una carreggiata a senso unico di marcia;Asciutto;Asfaltata;Verticale ed orizzontale;Sereno;Normale;Buona;;0;0;0;0;12.4892;41.9094;-1;1;Autovettura privata;Sosta;;;;;;;
5589832;1;13/09/2021 13:50:00;Strada Urbana;VIA CAMPANIA;in prossimit�;;del civico n.;11;;Veicolo in marcia contro veicoli in sosta;Rettilineo;Una carreggiata a senso unico di marcia;Asciutto;Asfaltata;Verticale ed orizzontale;Sereno;Normale;Buona;;0;0;0;0;12.4892;41.9094;-1;2;Motociclo a solo;Sosta;;;;;;;
5589832;1;13/09/2021 13:50:00;Strada Urbana;VIA CAMPANIA;in prossimit�;;del civico n.;11;;Veicolo in marcia contro veicoli in sosta;Rettilineo;Una carreggiata a senso unico di marcia;Asciutto;Asfaltata;Verticale ed orizzontale;Sereno;Normale;Buona;;0;0;0;0;12.4892;41.9094;-1;3;Autovettura privata;Allontanatosi;;;;;;;
5589875;1;13/09/2021 13:55:00;Strada Urbana;LUNGOTEVERE DEI SANGALLO;all'intersezione semaforizzata con;VIA ACCIAIOLI;VIA ACCIAIOLI;;;Scontro laterale fra veicoli in marcia;Intersezione semaforizzata;Una carreggiata a senso unico di marcia;Asciutto;Asfaltata;Verticale ed orizzontale;Sereno;Normale;Buona;;0;0;0;2;12.4643;41.8998;-1;1;Autovettura privata;In marcia / fermata / arresto;Conducente;M;Illeso;0;;Non accertato;Inesploso
5589875;1;13/09/2021 13:55:00;Strada Urbana;LUNGOTEVERE DEI SANGALLO;all'intersezione semaforizzata con;VIA ACCIAIOLI;VIA ACCIAIOLI;;;Scontro laterale fra veicoli in marcia;Intersezione semaforizzata;Una carreggiata a senso unico di marcia;Asciutto;Asfaltata;Verticale ed orizzontale;Sereno;Normale;Buona;;0;0;0;2;12.4643;41.8998;-1;2;Autovettura privata;In marcia / fermata / arresto;Conducente;M;Illeso;0;;Non accertato;Inesploso
5589913;12;14/09/2021 12:30:00;Strada Urbana;VIA DELLA MAGLIANA;in prossimit�;;del civico n.;1081;;Scontro frontale/laterale DX fra veicoli in marcia;Rettilineo;Una carreggiata a doppio senso;Asciutto;Asfaltata;Verticale;Sereno;Normale;Buona;;0;0;0;3;12.3809;41.8227;-1;1;Autovettura privata;In marcia / fermata / arresto;Conducente;M;Illeso;0;;;
5589913;12;14/09/2021 12:30:00;Strada Urbana;VIA DELLA MAGLIANA;in prossimit�;;del civico n.;1081;;Scontro frontale/laterale DX fra veicoli in marcia;Rettilineo;Una carreggiata a doppio senso;Asciutto;Asfaltata;Verticale;Sereno;Normale;Buona;;0;0;0;3;12.3809;41.8227;-1;2;Autovettura di polizia;In marcia / fermata / arresto;Conducente;M;Illeso;0;;Non accertato;Inesploso
5589913;12;14/09/2021 12:30:00;Strada Urbana;VIA DELLA MAGLIANA;in prossimit�;;del civico n.;1081;;Scontro frontale/laterale DX fra veicoli in marcia;Rettilineo;Una carreggiata a doppio senso;Asciutto;Asfaltata;Verticale;Sereno;Normale;Buona;;0;0;0;3;12.3809;41.8227;-1;2;Autovettura di polizia;In marcia / fermata / arresto;Passeggero;M;Illeso;0;;Utilizzato;Inesploso
5589917;1;13/09/2021 18:20:00;Strada Urbana;VIALE DELLE TERME DI CARACALLA;in prossimit�;;del palo luce n.;95;;Veicolo in marcia contro veicolo arresto;Rettilineo;Pi� di due carreggiate;Asciutto;Asfaltata;Verticale ed orizzontale;Sereno;Normale;Buona;;0;0;0;2;12.4952;41.8803;-1;1;Autovettura privata;In marcia / fermata / arresto;Conducente;F;Illeso;0;;Non accertato;Inesploso
5589917;1;13/09/2021 18:20:00;Strada Urbana;VIALE DELLE TERME DI CARACALLA;in prossimit�;;del palo luce n.;95;;Veicolo in marcia contro veicolo arresto;Rettilineo;Pi� di due carreggiate;Asciutto;Asfaltata;Verticale ed orizzontale;Sereno;Normale;Buona;;0;0;0;2;12.4952;41.8803;-1;2;Autovettura privata;In marcia / fermata / arresto;Conducente;M;Illeso;0;;Non accertato;Inesploso
5589974;19;14/09/2021 09:00:00;Strada Urbana;VIA PIETRO BEMBO;all'intersezione con;LARGO CARLO SACCONI;LARGO CARLO SACCONI;;;Tamponamento;Intersezione semaforizzata;Una carreggiata a doppio senso;Asciutto;Asfaltata;Verticale ed orizzontale;Sereno;Normale;Buona;;2;0;0;1;12.4114;41.9175;-1;1;Autovettura privata;In marcia / fermata / arresto;Conducente;M;Illeso;0;;Non accertato;Inesploso