Protocollo;Gruppo;DataOraIncidente;Localizzazione1;STRADA1;Localizzazione2;STRADA2;Strada02;Chilometrica;DaSpecificare;NaturaIncidente;particolaritastrade;TipoStrada;FondoStradale;Pavimentazione;Segnaletica;CondizioneAtmosferica;Traffico;Visibilita;Illuminazione;NUM_FERITI;NUM_RISERVATA;NUM_MORTI;NUM_ILLESI;Longitudine;Latitudine;Confermato;Progressivo;TipoVeicolo;StatoVeicolo;TipoPersona;Sesso;Tipolesione;Deceduto;DecedutoDopo;CinturaCascoUtilizzato;Airbag;
5594830;13;16/09/2021 07:50:00;Strada Urbana;VIA DI ACILIA;in corrispondenza;;del civico n.;158;;Investimento di pedone;Rettilineo;Una carreggiata a doppio senso;Asciutto;Asfaltata;Verticale ed orizzontale;Sereno;Normale;Buona;;1;0;0;1;12.3677;41.779;-1;1;Autovettura privata;In marcia / fermata / arresto;Conducente;M;Illeso;0;;Non accertato;Inesploso
5594833;13;16/09/2021 13:00:00;Strada Urbana;PIAZZA SIRIO;in corrispondenza;;del civico n.;11;;Investimento di pedone;Rettilineo;Due carreggiate;Asciutto;Asfaltata;Verticale ed orizzontale;Sereno;Normale;Sufficiente;;1;0;0;1;12.2906;41.7243;-1;;;;Pedone;F;Rimandato;0;NON DECEDUTO;;
5594833;13;16/09/2021 13:00:00;Strada Urbana;PIAZZA SIRIO;in corrispondenza;;del civico n.;11;;Investimento di pedone;Rettilineo;Due carreggiate;Asciutto;Asfaltata;Verticale ed orizzontale;Sereno;Normale;Sufficiente;;1;0;0;1;12.2906;41.7243;-1;1;Velocipede;In marcia / fermata / arresto;Conducente;M;Illeso;0;;Esente;
5594836;12;16/09/2021 18:15:00;Strada Urbana;VIALE DELL'ASTRONOMIA;all'intersezione con;VIALE PASTEUR;VIALE PASTEUR;;;Scontro laterale fra veicoli in marcia;Incrocio;Una carreggiata a doppio senso;Asciutto;Asfaltata;Verticale ed orizzontale;Nuvoloso;Normale;Buona;;0;0;0;2;12.4632;41.8351;-1;1;Motociclo a solo;In marcia / fermata / arresto;Conducente;F;Illeso;0;;Utilizzato;
5594836;12;16/09/2021 18:15:00;Strada Urbana;VIALE DELL'ASTRONOMIA;all'intersezione con;VIALE PASTEUR;VIALE PASTEUR;;;Scontro laterale fra veicoli in marcia;Incrocio;Una carreggiata a doppio senso;Asciutto;Asfaltata;Verticale ed orizzontale;Nuvoloso;Normale;Buona;;0;0;0;2;12.4632;41.8351;-1;2;Autovettura privata;In marcia / fermata / arresto;Conducente;M;Illeso;0;;Utilizzato;Inesploso
5594850;5;16/09/2021 07:45:00;Strada Urbana;VIA DEL BADILE;in prossimit�;;del civico n.;10;;Tamponamento Multiplo;Rettilineo;Una carreggiata a senso unico di marcia;Asciutto;Asfaltata;Orizzontale;Sereno;Intenso;Buona;;0;0;0;6;12.562;41.9142;-1;1;Autovettura privata;In marcia / fermata / arresto;Conducente;M;Illeso;0;;Non accertato;Inesploso
5594850;5;16/09/2021 07:45:00;Strada Urbana;VIA DEL BADILE;in prossimit�;;del civico n.;10;;Tamponamento Multiplo;Rettilineo;Una carreggiata a senso unico di marcia;Asciutto;Asfaltata;Orizzontale;Sereno;Intenso;Buona;;0;0;0;6;12.562;41.9142;-1;2;Autovettura privata;In marcia / fermata / arresto;Conducente;F;Illeso;0;;Non accertato;Inesploso
5594850;5;16/09/2021 07:45:00;Strada Urbana;VIA DEL BADILE;in prossimit�;;del civico n.;10;;Tamponamento Multiplo;Rettilineo;Una carreggiata a senso unico di marcia;Asciutto;Asfaltata;Orizzontale;Sereno;Intenso;Buona;;0;0;0;6;12.562;41.9142;-1;3;Autovettura privata;In marcia / fermata / arresto;Conducente;F;Illeso;0;;Non accertato;Inesploso
5594850;5;16/09/2021 07:45:00;Strada Urbana;VIA DEL BADILE;in prossimit�;;del civico n.;10;;Tamponamento Multiplo;Rettilineo;Una carreggiata a senso unico di marcia;Asciutto;Asfaltata;Orizzontale;Sereno;Intenso;Buona;;0;0;0;6;12.562;41.9142;-1;3;Autovettura privata;In marcia / fermata / arresto;Passeggero;F;Illeso;0;;Non accertato;Inesploso
5594850;5;16/09/2021 07:45:00;Strada Urbana;VIA DEL BADILE;in prossimit�;;del civico n.;10;;Tamponamento Multiplo;Rettilineo;Una carreggiata a senso unico di marcia;Asciutto;Asfaltata;Orizzontale;Sereno;Intenso;Buona;;0;0;0;6;12.562;41.9142;-1;3;Autovettura privata;In marcia / fermata / arresto;Passeggero;F;Illeso;0;;Non accertato;Inesploso
5594850;5;16/09/2021 07:45:00;Strada Urbana;VIA DEL BADILE;in prossimit�;;del civico n.;10;;Tamponamento Multiplo;Rettilineo;Una carreggiata a senso unico di marcia;Asciutto;Asfaltata;Orizzontale;Sereno;Intenso;Buona;;0;0;0;6;12.562;41.9142;-1;3;Autovettura privata;In marcia / fermata / arresto;Passeggero;F;Illeso;0;;Non accertato;Inesploso
5594886;5;15/09/2021 19:15:00;Strada Urbana;VIA DI CASAL BRUCIATO;in prossimit�;;del civico n.;17;;Scontro laterale fra veicoli in marcia;Rettilineo;Una carreggiata a senso unico di marcia;Asciutto;Asfaltata;Orizzontale;Sereno;Normale;Buona;;0;0;0;2;12.5467;41.9066;-1;1;Autovettura privata;In marcia / fermata / arresto;Conducente;M;Illeso;0;;Non accertato;
5594886;5;15/09/2021 19:15:00;Strada Urbana;VIA DI CASAL BRUCIATO;in prossimit�;;del civico n.;17;;Scontro laterale fra veicoli in marcia;Rettilineo;Una carreggiata a senso unico di marcia;Asciutto;Asfaltata;Orizzontale;Sereno;Normale;Buona;;0;0;0;2;12.5467;41.9066;-1;2;Autovettura privata;In marcia / fermata / arresto;Conducente;M;Illeso;0;;Non accertato;
5594886;5;15/09/2021 19:15:00;Strada Urbana;VIA DI CASAL BRUCIATO;in prossimit�;;del civico n.;17;;Scontro laterale fra veicoli in marcia;Rettilineo;Una carreggiata a senso unico di marcia;Asciutto;Asfaltata;Orizzontale;Sereno;Normale;Buona;;0;0;0;2;12.5467;41.9066;-1;3;Autovettura privata;Sosta;;;;;;;
5594886;5;15/09/2021 19:15:00;Strada Urbana;VIA DI CASAL BRUCIATO;in prossimit�;;del civico n.;17;;Scontro laterale fra veicoli in marcia;Rettilineo;Una carreggiata a senso unico di marcia;Asciutto;Asfaltata;Orizzontale;Sereno;Normale;Buona;;0;0;0;2;12.5467;41.9066;-1;4;Autovettura privata;Sosta;;;;;;;
5594887;1;17/09/2021 00:20:00;Strada Urbana;PIAZZA DI SPAGNA;all'intersezione con;VIA DEI DUE MACELLI;VIA DEI DUE MACELLI;;;Scontro frontale/laterale DX fra veicoli in marcia;Incrocio;Una carreggiata a senso unico di marcia;Asciutto;In cubetti di porfido;Verticale ed orizzontale;Sereno;Normale;Buona;;0;0;0;2;12.4831;41.9049;-1;1;Autovettura pubblica;In marcia / fermata / arresto;Conducente;M;Illeso;0;;Non accertato;
5594887;1;17/09/2021 00:20:00;Strada Urbana;PIAZZA DI SPAGNA;all'intersezione con;VIA DEI DUE MACELLI;VIA DEI DUE MACELLI;;;Scontro frontale/laterale DX fra veicoli in marcia;Incrocio;Una carreggiata a senso unico di marcia;Asciutto;In cubetti di porfido;Verticale ed orizzontale;Sereno;Normale;Buona;;0;0;0;2;12.4831;41.9049;-1;2;Velocipede;In marcia / fermata / arresto;Conducente;M;Illeso;0;;Esente;
5594895;4;16/09/2021 10:15:00;Strada Urbana;VIA SAN LEO;in prossimit�;;del civico n.;38;;Scontro frontale/laterale SX fra veicoli in marcia;Rettilineo;Una carreggiata a doppio senso;Asciutto;Asfaltata;Verticale ed orizzontale;Sereno;Normale;Sufficiente;;0;0;0;2;12.5111;41.9803;-1;1;Autovettura privata;In marcia / fermata / arresto;Conducente;M;Illeso;0;;Non accertato;Inesploso
5594895;4;16/09/2021 10:15:00;Strada Urbana;VIA SAN LEO;in prossimit�;;del civico n.;38;;Scontro frontale/laterale SX fra veicoli in marcia;Rettilineo;Una carreggiata a doppio senso;Asciutto;Asfaltata;Verticale ed orizzontale;Sereno;Normale;Sufficiente;;0;0;0;2;12.5111;41.9803;-1;2;Autovettura privata;In marcia / fermata / arresto;Conducente;F;Illeso;0;;Non accertato;Inesploso
5594899;20;16/09/2021 09:10:00;Strada Urbana;VIA CASSIA;da specificare;;;;alt. rampa GRA dir. Firenze corsia fuori Roma;Tamponamento;Rettilineo;Una carreggiata a doppio senso;Asciutto;Asfaltata;Verticale ed orizzontale;Sereno;Normale;Buona;;1;0;0;1;12.4137;41.9828;-1;1;Motociclo a solo;In marcia / fermata / arresto;Conducente;M;Rimandato;0;NON DECEDUTO;Non accertato;
5594899;20;16/09/2021 09:10:00;Strada Urbana;VIA CASSIA;da specificare;;;;alt. rampa GRA dir. Firenze corsia fuori Roma;Tamponamento;Rettilineo;Una carreggiata a doppio senso;Asciutto;Asfaltata;Verticale ed orizzontale;Sereno;Normale;Buona;;1;0;0;1;12.4137;41.9828;-1;2;Autovettura privata;In marcia / fermata / arresto;Conducente;M;Illeso;0;;Non accertato;Inesploso
5594902;20;16/09/2021 21:20:00;Strada Urbana;VIA FLAMINIA;in corrispondenza;;del civico n.;834;;Investimento di pedone;Rettilineo;Due carreggiate;Asciutto;Asfaltata;Verticale ed orizzontale;Sereno;Scarso;Buona;;1;0;0;1;12.4791;41.95;-1;;;;Pedone;M;Rimandato;0;NON DECEDUTO;;
5594902;20;16/09/2021 21:20:00;Strada Urbana;VIA FLAMINIA;in corrispondenza;;del civico n.;834;;Investimento di pedone;Rettilineo;Due carreggiate;Asciutto;Asfaltata;Verticale ed orizzontale;Sereno;Scarso;Buona;;1;0;0;1;12.4791;41.95;-1;1;Autocarro inferiore 35 q.;In marcia / fermata / arresto;Conducente;M;Illeso;0;;Non accertato;Inesploso
5594913;5;16/09/2021 12:00:00;Strada Urbana;VIA TIBURTINA;in prossimit�;;del civico n.;648;;Scontro frontale/laterale SX fra veicoli in marcia;Rettilineo;Due carreggiate;Asciutto;Asfaltata;Verticale ed orizzontale;Sereno;Normale;Buona;;0;0;0;3;12.5476;41.9099;-1;1;Autocarro inferiore 35 q.;In marcia / fermata / arresto;Conducente;M;Illeso;0;;Non accertato;
5594913;5;16/09/2021 12:00:00;Strada Urbana;VIA TIBURTINA;in prossimit�;;del civico n.;648;;Scontro frontale/laterale SX fra veicoli in marcia;Rettilineo;Due carreggiate;Asciutto;Asfaltata;Verticale ed orizzontale;Sereno;Normale;Buona;;0;0;0;3;12.5476;41.9099;-1;1;Autocarro inferiore 35 q.;In marcia / fermata / arresto;Passeggero;M;Illeso;0;;Non accertato;
5594913;5;16/09/2021 12:00:00;Strada Urbana;VIA TIBURTINA;in prossimit�;;del civico n.;648;;Scontro frontale/laterale SX fra veicoli in marcia;Rettilineo;Due carreggiate;Asciutto;Asfaltata;Verticale ed orizzontale;Sereno;Normale;Buona;;0;0;0;3;12.5476;41.9099;-1;2;Motociclo a solo;In marcia / fermata / arresto;Conducente;M;Illeso;0;;Non accertato;
5594917;15;16/09/2021 17:40:00;Strada Urbana;VIALE GIUSEPPE SIRTORI;all'intersezione con;PIAZZA AUGUSTO LORENZINI;PIAZZA AUGUSTO LORENZINI;;;Scontro frontale/laterale DX fra veicoli in marcia;Intersezione stradale segnalata;Due carreggiate;Bagnato (umidit� in atto);Asfaltata;Verticale ed orizzontale;Pioggia in atto;Normale;Buona;;0;0;0;2;12.4484;41.8556;-1;1;Autovettura privata;In marcia / fermata / arresto;Conducente;F;Illeso;0;;Non accertato;Inesploso
5594917;15;16/09/2021 17:40:00;Strada Urbana;VIALE GIUSEPPE SIRTORI;all'intersezione con;PIAZZA AUGUSTO LORENZINI;PIAZZA AUGUSTO LORENZINI;;;Scontro frontale/laterale DX fra veicoli in marcia;Intersezione stradale segnalata;Due carreggiate;Bagnato (umidit� in atto);Asfaltata;Verticale ed orizzontale;Pioggia in atto;Normale;Buona;;0;0;0;2;12.4484;41.8556;-1;2;Motociclo a solo;In marcia / fermata / arresto;Conducente;M;Illeso;0;;Non accertato;
5594920;19;17/09/2021 05:55:00;Strada Urbana;VIA DI TORREVECCHIA;all'intersezione con;VIA DELLA VALLE DEI FONTANILI;VIA DELLA VALLE DEI FONTANILI;;;Scontro laterale fra veicoli in marcia;Incrocio;Una carreggiata a doppio senso;Bagnato (pioggia);Asfaltata;Assente;Pioggia in atto;Normale;Buona;;0;0;0;2;12.4117;41.9229;-1;1;Autovettura privata;In marcia / fermata / arresto;Conducente;M;Illeso;0;;Non accertato;
5594920;19;17/09/2021 05:55:00;Strada Urbana;VIA DI TORREVECCHIA;all'intersezione con;VIA DELLA VALLE DEI FONTANILI;VIA DELLA VALLE DEI FONTANILI;;;Scontro laterale fra veicoli in marcia;Incrocio;Una carreggiata a doppio senso;Bagnato (pioggia);Asfaltata;Assente;Pioggia in atto;Normale;Buona;;0;0;0;2;12.4117;41.9229;-1;2;Autocarro superiore 35 q.;In marcia / fermata / arresto;Conducente;M;Illeso;0;;Non accertato;
5594932;11;16/09/2021 10:15:00;Strada Urbana;VIA DEL PORTO FLUVIALE;in corrispondenza;;del civico n.;20;;Scontro laterale fra veicoli in marcia;Rettilineo;Una carreggiata a doppio senso;Asciutto;Asfaltata;Verticale ed orizzontale;Nuvoloso;Normale;Buona;;0;0;0;3;12.4783;41.8725;-1;1;Autovettura privata;In marcia / fermata / arresto;Conducente;F;Illeso;0;;Non accertato;
5594932;11;16/09/2021 10:15:00;Strada Urbana;VIA DEL PORTO FLUVIALE;in corrispondenza;;del civico n.;20;;Scontro laterale fra veicoli in marcia;Rettilineo;Una carreggiata a doppio senso;Asciutto;Asfaltata;Verticale ed orizzontale;Nuvoloso;Normale;Buona;;0;0;0;3;12.4783;41.8725;-1;2;Autovettura privata;In marcia / fermata / arresto;Conducente;M;Illeso;0;;Non accertato;
5594932;11;16/09/2021 10:15:00;Strada Urbana;VIA DEL PORTO FLUVIALE;in corrispondenza;;del civico n.;20;;Scontro laterale fra veicoli in marcia;Rettilineo;Una carreggiata a doppio senso;Asciutto;Asfaltata;Verticale ed orizzontale;Nuvoloso;Normale;Buona;;0;0;0;3;12.4783;41.8725;-1;2;Autovettura privata;In marcia / fermata / arresto;Passeggero;F;Illeso;0;;Non accertato;Inesploso
5594954;5;16/09/2021 10:25:00;Strada Urbana;VIA FURIO CICOGNA;da specificare;;;;altezza area di sosta;Scontro frontale/laterale SX fra veicoli in marcia;Rettilineo;Una carreggiata a doppio senso;Asciutto;Asfaltata;Verticale ed orizzontale;Sereno;Normale;Buona;;1;0;0;1;12.5655;41.9249;-1;1;Autovettura privata;In marcia / fermata / arresto;Conducente;M;Illeso;0;;Non accertato;
5594954;5;16/09/2021 10:25:00;Strada Urbana;VIA FURIO CICOGNA;da specificare;;;;altezza area di sosta;Scontro frontale/laterale SX fra veicoli in marcia;Rettilineo;Una carreggiata a doppio senso;Asciutto;Asfaltata;Verticale ed orizzontale;Sereno;Normale;Buona;;1;0;0;1;12.5655;41.9249;-1;2;Motociclo a solo;In marcia / fermata / arresto;Conducente;M;Ricoverato;0;NON DECEDUTO;Non accertato;
5594957;17;16/09/2021 08:30:00;Strada Urbana;PIAZZA GIUSEPPE MAZZINI;all'intersezione con;VIALE GIUSEPPE MAZZINI;VIALE GIUSEPPE MAZZINI;;;Scontro frontale/laterale DX fra veicoli in marcia;Rotatoria;Una carreggiata a senso unico di marcia;Asciutto;Asfaltata;Verticale ed orizzontale;Sereno;Normale;Buona;;1;0;0;1;12.4641;41.9161;-1;1;Autovettura privata;In marcia / fermata / arresto;Conducente;F;Illeso;0;;;
5594957;17;16/09/2021 08:30:00;Strada Urbana;PIAZZA GIUSEPPE MAZZINI;all'intersezione con;VIALE GIUSEPPE MAZZINI;VIALE GIUSEPPE MAZZINI;;;Scontro frontale/laterale DX fra veicoli in marcia;Rotatoria;Una carreggiata a senso unico di marcia;Asciutto;Asfaltata;Verticale ed orizzontale;Sereno;Normale;Buona;;1;0;0;1;12.4641;41.9161;-1;2;Autovettura privata;In marcia / fermata / arresto;Conducente;F;Rimandato;0;NON DECEDUTO;;
5594978;4;16/09/2021 17:30:00;Strada Urbana;VIA UGO OJETTI;in corrispondenza;;del civico n.;110;;Veicolo in marcia contro veicoli in sosta;Curva a visuale libera;Una carreggiata a doppio senso;Asciutto;Asfaltata;Verticale ed orizzontale;Sereno;Normale;Buona;;0;0;0;3;12.5513;41.9442;-1;1;Autovettura privata;In marcia / fermata / arresto;Conducente;F;Illeso;0;;Non accertato;Inesploso
5594978;4;16/09/2021 17:30:00;Strada Urbana;VIA UGO OJETTI;in corrispondenza;;del civico n.;110;;Veicolo in marcia contro veicoli in sosta;Curva a visuale libera;Una carreggiata a doppio senso;Asciutto;Asfaltata;Verticale ed orizzontale;Sereno;Normale;Buona;;0;0;0;3;12.5513;41.9442;-1;1;Autovettura privata;In marcia / fermata / arresto;Passeggero;F;Illeso;0;;Non accertato;Inesploso
5594978;4;16/09/2021 17:30:00;Strada Urbana;VIA UGO OJETTI;in corrispondenza;;del civico n.;110;;Veicolo in marcia contro veicoli in sosta;Curva a visuale libera;Una carreggiata a doppio senso;Asciutto;Asfaltata;Verticale ed orizzontale;Sereno;Normale;Buona;;0;0;0;3;12.5513;41.9442;-1;2;Autovettura privata;Sosta;;;;;;;
5594978;4;16/09/2021 17:30:00;Strada Urbana;VIA UGO OJETTI;in corrispondenza;;del civico n.;110;;Veicolo in marcia contro veicoli in sosta;Curva a visuale libera;Una carreggiata a doppio senso;Asciutto;Asfaltata;Verticale ed orizzontale;Sereno;Normale;Buona;;0;0;0;3;12.5513;41.9442;-1;3;Autovettura privata;Sosta;;;;;;;
5594978;4;16/09/2021 17:30:00;Strada Urbana;VIA UGO OJETTI;in corrispondenza;;del civico n.;110;;Veicolo in marcia contro veicoli in sosta;Curva a visuale libera;Una carreggiata a doppio senso;Asciutto;Asfaltata;Verticale ed orizzontale;Sereno;Normale;Buona;;0;0;0;3;12.5513;41.9442;-1;4;Autovettura privata;Sosta;;;;;;;
5594978;4;16/09/2021 17:30:00;Strada Urbana;VIA UGO OJETTI;in corrispondenza;;del civico n.;110;;Veicolo in marcia contro veicoli in sosta;Curva a visuale libera;Una carreggiata a doppio senso;Asciutto;Asfaltata;Verticale ed orizzontale;Sereno;Normale;Buona;;0;0;0;3;12.5513;41.9442;-1;5;Autovettura privata;Sosta;;;;;;;
5594978;4;16/09/2021 17:30:00;Strada Urbana;VIA UGO OJETTI;in corrispondenza;;del civico n.;110;;Veicolo in marcia contro veicoli in sosta;Curva a visuale libera;Una carreggiata a doppio senso;Asciutto;Asfaltata;Verticale ed orizzontale;Sereno;Normale;Buona;;0;0;0;3;12.5513;41.9442;-1;6;Autovettura privata;Sosta;;;;;;;
5594980;5;16/09/2021 13:50:00;Strada Urbana;VIA DEL CASALE DI S. BASILIO;all'intersezione con;VIA PIEVE TORINA;VIA PIEVE TORINA;;;Scontro frontale/laterale DX fra veicoli in marcia;Incrocio;Una carreggiata a doppio senso;Asciutto;Asfaltata;Verticale ed orizzontale;Sereno;Normale;Buona;;0;0;0;4;12.5869;41.9327;-1;1;Autovettura privata;In marcia / fermata / arresto;Conducente;F;Illeso;0;;Non accertato;
5594980;5;16/09/2021 13:50:00;Strada Urbana;VIA DEL CASALE DI S. BASILIO;all'intersezione con;VIA PIEVE TORINA;VIA PIEVE TORINA;;;Scontro frontale/laterale DX fra veicoli in marcia;Incrocio;Una carreggiata a doppio senso;Asciutto;Asfaltata;Verticale ed orizzontale;Sereno;Normale;Buona;;0;0;0;4;12.5869;41.9327;-1;2;Autovettura privata;In marcia / fermata / arresto;Conducente;F;Illeso;0;;Non accertato;
5594980;5;16/09/2021 13:50:00;Strada Urbana;VIA DEL CASALE DI S. BASILIO;all'intersezione con;VIA PIEVE TORINA;VIA PIEVE TORINA;;;Scontro frontale/laterale DX fra veicoli in marcia;Incrocio;Una carreggiata a doppio senso;Asciutto;Asfaltata;Verticale ed orizzontale;Sereno;Normale;Buona;;0;0;0;4;12.5869;41.9327;-1;2;Autovettura privata;In marcia / fermata / arresto;Passeggero;F;Illeso;0;;Non accertato;
5594980;5;16/09/2021 13:50:00;Strada Urbana;VIA DEL CASALE DI S. BASILIO;all'intersezione con;VIA PIEVE TORINA;VIA PIEVE TORINA;;;Scontro frontale/laterale DX fra veicoli in marcia;Incrocio;Una carreggiata a doppio senso;Asciutto;Asfaltata;Verticale ed orizzontale;Sereno;Normale;Buona;;0;0;0;4;12.5869;41.9327;-1;2;Autovettura privata;In marcia / fermata / arresto;Passeggero;M;Illeso;0;;Non accertato;
5594981;20;16/09/2021 16:30:00;Strada Urbana;CORSO DI FRANCIA;in corrispondenza;;del civico n.;240;;Scontro laterale fra veicoli in marcia;Rettilineo;Due carreggiate;Asciutto;Asfaltata;Verticale ed orizzontale;Nuvoloso;Normale;Buona;;0;0;0;2;12.4699;41.9469;-1;1;Autovettura privata;In marcia / fermata / arresto;Conducente;M;Illeso;0;;Non accertato;Inesploso
5594981;20;16/09/2021 16:30:00;Strada Urbana;CORSO DI FRANCIA;in corrispondenza;;del civico n.;240;;Scontro laterale fra veicoli in marcia;Rettilineo;Due carreggiate;Asciutto;Asfaltata;Verticale ed orizzontale;Nuvoloso;Normale;Buona;;0;0;0;2;12.4699;41.9469;-1;2;Autovettura privata;In marcia / fermata / arresto;Conducente;M;Illeso;0;;Utilizzato;Inesploso
5594988;1;16/09/2021 14:50:00;Strada Urbana;VIALE MANZONI;all'intersezione con;VIA EMANUELE FILIBERTO;VIA EMANUELE FILIBERTO;;;Scontro laterale fra veicoli in marcia;Intersezione semaforizzata;Una carreggiata a senso unico di marcia;Asciutto;Asfaltata;Verticale ed orizzontale;Sereno;Normale;Buona;;1;0;0;1;12.5079;41.8913;0;1;Motociclo con passeggero;In marcia / fermata / arresto;Conducente;F;Rifiuta cure immediate;0;NON DECEDUTO;;
5594988;1;16/09/2021 14:50:00;Strada Urbana;VIALE MANZONI;all'intersezione con;VIA EMANUELE FILIBERTO;VIA EMANUELE FILIBERTO;;;Scontro laterale fra veicoli in marcia;Intersezione semaforizzata;Una carreggiata a senso unico di marcia;Asciutto;Asfaltata;Verticale ed orizzontale;Sereno;Normale;Buona;;1;0;0;1;12.5079;41.8913;0;2;Autovettura privata;In marcia / fermata / arresto;Conducente;M;Illeso;0;;;
5594989;11;17/09/2021 01:35:00;Strada Urbana;VIALE GUGLIELMO MARCONI;all'intersezione con;PIAZZA DEL LAVORO;PIAZZA DEL LAVORO;;;Scontro frontale/laterale DX fra veicoli in marcia;Incrocio;Due carreggiate;Asciutto;Asfaltata;Verticale ed orizzontale;Nuvoloso;Scarso;Buona;;0;0;0;1;12.4747;41.8488;-1;1;Autovettura privata;In marcia / fermata / arresto;Conducente;F;Illeso;0;;;
5594989;11;17/09/2021 01:35:00;Strada Urbana;VIALE GUGLIELMO MARCONI;all'intersezione con;PIAZZA DEL LAVORO;PIAZZA DEL LAVORO;;;Scontro frontale/laterale DX fra veicoli in marcia;Incrocio;Due carreggiate;Asciutto;Asfaltata;Verticale ed orizzontale;Nuvoloso;Scarso;Buona;;0;0;0;1;12.4747;41.8488;-1;2;Autovettura privata;Allontanatosi;;;;;;;
5594995;1;16/09/2021 17:45:00;Strada Urbana;LUNGOTEVERE DEI PIERLEONI;da specificare;;;;altezza palo Acea 1 lato sinistro;Veicolo in marcia contro ostacolo accidentale;Rettilineo;Una carreggiata a senso unico di marcia;Bagnato (pioggia);Asfaltata;Verticale ed orizzontale;Pioggia in atto;Intenso;Buona;;0;0;0;1;12.4796;41.8905;-1;1;Autocarro inferiore 35 q.;In marcia / fermata / arresto;Conducente;M;Illeso;0;;;
5595003;4;16/09/2021 16:40:00;Strada Urbana;VIALE CARMELO BENE;all'intersezione con;VIA ENZO MUSUMECI GRECO;VIA ENZO MUSUMECI GRECO;;;Scontro frontale/laterale SX fra veicoli in marcia;Rotatoria;Una carreggiata a senso unico di marcia;Asciutto;Asfaltata;Verticale ed orizzontale;Sereno;Normale;Buona;;0;0;0;2;12.5337;41.9751;-1;1;Autovettura privata;In marcia / fermata / arresto;Conducente;M;Illeso;0;;;
5595003;4;16/09/2021 16:40:00;Strada Urbana;VIALE CARMELO BENE;all'intersezione con;VIA ENZO MUSUMECI GRECO;VIA ENZO MUSUMECI GRECO;;;Scontro frontale/laterale SX fra veicoli in marcia;Rotatoria;Una carreggiata a senso unico di marcia;Asciutto;Asfaltata;Verticale ed orizzontale;Sereno;Normale;Buona;;0;0;0;2;12.5337;41.9751;-1;2;Motociclo a solo;In marcia / fermata / arresto;Conducente;M;Illeso;0;;;
5595015;20;16/09/2021 15:55:00;Strada Urbana;PONTE SUBLICIO;da specificare;;;;LUNGOTEVERE TESTACCIO;Scontro laterale fra veicoli in marcia;Rettilineo;Una carreggiata a senso unico di marcia;Asciutto;Asfaltata;Orizzontale;Sereno;Intenso;Buona;;0;0;0;3;12.4752;41.8832;-1;1;Autovettura privata;In marcia / fermata / arresto;Conducente;M;Illeso;0;;;
5595015;20;16/09/2021 15:55:00;Strada Urbana;PONTE SUBLICIO;da specificare;;;;LUNGOTEVERE TESTACCIO;Scontro laterale fra veicoli in marcia;Rettilineo;Una carreggiata a senso unico di marcia;Asciutto;Asfaltata;Orizzontale;Sereno;Intenso;Buona;;0;0;0;3;12.4752;41.8832;-1;1;Autovettura privata;In marcia / fermata / arresto;Passeggero;M;Illeso;0;;Non accertato;
5595015;20;16/09/2021 15:55:00;Strada Urbana;PONTE SUBLICIO;da specificare;;;;LUNGOTEVERE TESTACCIO;Scontro laterale fra veicoli in marcia;Rettilineo;Una carreggiata a senso unico di marcia;Asciutto;Asfaltata;Orizzontale;Sereno;Intenso;Buona;;0;0;0;3;12.4752;41.8832;-1;2;Altro;In marcia / fermata / arresto;Conducente;M;Illeso;0;;;
5595017;4;16/09/2021 19:00:00;Strada Urbana;VIA MONTE MASSICO;all'intersezione con;VIA MONTE CATINACCIO;VIA MONTE CATINACCIO;;;Investimento di pedone;Incrocio;Una carreggiata a doppio senso;Asciutto;Asfaltata;Orizzontale;Sereno;Normale;Sufficiente;;2;0;0;1;12.532;41.9513;-1;;;;Pedone;M;Rimandato;0;NON DECEDUTO;;
5595017;4;16/09/2021 19:00:00;Strada Urbana;VIA MONTE MASSICO;all'intersezione con;VIA MONTE CATINACCIO;VIA MONTE CATINACCIO;;;Investimento di pedone;Incrocio;Una carreggiata a doppio senso;Asciutto;Asfaltata;Orizzontale;Sereno;Normale;Sufficiente;;2;0;0;1;12.532;41.9513;-1;;;;Pedone;M;Rimandato;0;NON DECEDUTO;;
5595017;4;16/09/2021 19:00:00;Strada Urbana;VIA MONTE MASSICO;all'intersezione con;VIA MONTE CATINACCIO;VIA MONTE CATINACCIO;;;Investimento di pedone;Incrocio;Una carreggiata a doppio senso;Asciutto;Asfaltata;Orizzontale;Sereno;Normale;Sufficiente;;2;0;0;1;12.532;41.9513;-1;1;Motociclo a solo;In marcia / fermata / arresto;Conducente;M;Illeso;0;;Non accertato;
5595027;15;16/09/2021 20:30:00;Strada Urbana;VIA CASSINELLE;all'intersezione con;VIALE DI PESCINA GAGLIARDA;VIALE DI PESCINA GAGLIARDA;;;Scontro frontale/laterale SX fra veicoli in marcia;Incrocio;Una carreggiata a doppio senso;Asciutto;Strada pavimentata dissestata;Verticale ed orizzontale;Sereno;Scarso;Sufficiente;;1;0;0;3;12.3107;41.8251;-1;1;Motociclo con passeggero;In marcia / fermata / arresto;Conducente;M;Illeso;0;;Non accertato;
5595027;15;16/09/2021 20:30:00;Strada Urbana;VIA CASSINELLE;all'intersezione con;VIALE DI PESCINA GAGLIARDA;VIALE DI PESCINA GAGLIARDA;;;Scontro frontale/laterale SX fra veicoli in marcia;Incrocio;Una carreggiata a doppio senso;Asciutto;Strada pavimentata dissestata;Verticale ed orizzontale;Sereno;Scarso;Sufficiente;;1;0;0;3;12.3107;41.8251;-1;1;Motociclo con passeggero;In marcia / fermata / arresto;Passeggero;F;Rimandato;0;NON DECEDUTO;;