Protocollo;Gruppo;DataOraIncidente;Localizzazione1;STRADA1;Localizzazione2;STRADA2;Strada02;Chilometrica;DaSpecificare;NaturaIncidente;particolaritastrade;TipoStrada;FondoStradale;Pavimentazione;Segnaletica;CondizioneAtmosferica;Traffico;Visibilita;Illuminazione;NUM_FERITI;NUM_RISERVATA;NUM_MORTI;NUM_ILLESI;Longitudine;Latitudine;Confermato;Progressivo;TipoVeicolo;StatoVeicolo;TipoPersona;Sesso;Tipolesione;Deceduto;DecedutoDopo;CinturaCascoUtilizzato;Airbag;
5595027;15;16/09/2021 20:30:00;Strada Urbana;VIA CASSINELLE;all'intersezione con;VIALE DI PESCINA GAGLIARDA;VIALE DI PESCINA GAGLIARDA;;;Scontro frontale/laterale SX fra veicoli in marcia;Incrocio;Una carreggiata a doppio senso;Asciutto;Strada pavimentata dissestata;Verticale ed orizzontale;Sereno;Scarso;Sufficiente;;1;0;0;3;12.3107;41.8251;-1;2;Autovettura privata;In marcia / fermata / arresto;Conducente;F;Illeso;0;;;
5595027;15;16/09/2021 20:30:00;Strada Urbana;VIA CASSINELLE;all'intersezione con;VIALE DI PESCINA GAGLIARDA;VIALE DI PESCINA GAGLIARDA;;;Scontro frontale/laterale SX fra veicoli in marcia;Incrocio;Una carreggiata a doppio senso;Asciutto;Strada pavimentata dissestata;Verticale ed orizzontale;Sereno;Scarso;Sufficiente;;1;0;0;3;12.3107;41.8251;-1;2;Autovettura privata;In marcia / fermata / arresto;Passeggero;F;Illeso;0;;;
5595052;1;16/09/2021 19:50:00;Strada Urbana;PIAZZA DI PORTA MAGGIORE;in corrispondenza;;del civico n.;10;;Tamponamento;Rettilineo;Una carreggiata a senso unico di marcia;Asciutto;Asfaltata;Verticale ed orizzontale;Sereno;Intenso;Buona;;0;0;0;2;12.5146;41.8923;-1;1;Autovettura privata;In marcia / fermata / arresto;Conducente;F;Illeso;0;;;
5595052;1;16/09/2021 19:50:00;Strada Urbana;PIAZZA DI PORTA MAGGIORE;in corrispondenza;;del civico n.;10;;Tamponamento;Rettilineo;Una carreggiata a senso unico di marcia;Asciutto;Asfaltata;Verticale ed orizzontale;Sereno;Intenso;Buona;;0;0;0;2;12.5146;41.8923;-1;2;Autocarro inferiore 35 q.;In marcia / fermata / arresto;Conducente;M;Illeso;0;;;
5595058;16;15/09/2021 10:40:00;Strada Urbana;VIA DI DONNA OLIMPIA;in prossimit�;;del civico n.;199;;Scontro laterale fra veicoli in marcia;Rettilineo;Una carreggiata a doppio senso;Asciutto;Asfaltata;Orizzontale;Sereno;Normale;Buona;;0;0;0;2;12.4553;41.8749;-1;1;Autovettura privata;In marcia / fermata / arresto;Conducente;M;Illeso;0;;Non accertato;
5595058;16;15/09/2021 10:40:00;Strada Urbana;VIA DI DONNA OLIMPIA;in prossimit�;;del civico n.;199;;Scontro laterale fra veicoli in marcia;Rettilineo;Una carreggiata a doppio senso;Asciutto;Asfaltata;Orizzontale;Sereno;Normale;Buona;;0;0;0;2;12.4553;41.8749;-1;2;Autovettura privata;In marcia / fermata / arresto;Conducente;F;Illeso;0;;Non accertato;
5595059;16;16/09/2021 11:00:00;Strada Urbana;VIA PIETRO CAMPORA;in corrispondenza;;del civico n.;19;;Investimento di pedone;Rettilineo;Una carreggiata a doppio senso;Asciutto;Asfaltata;Assente;Sereno;Scarso;Buona;;0;0;1;1;12.4467;41.8761;-1;;;;Pedone;F;Ricoverato;0;DECEDUTO ENTRO 1 MESE;;
5595059;16;16/09/2021 11:00:00;Strada Urbana;VIA PIETRO CAMPORA;in corrispondenza;;del civico n.;19;;Investimento di pedone;Rettilineo;Una carreggiata a doppio senso;Asciutto;Asfaltata;Assente;Sereno;Scarso;Buona;;0;0;1;1;12.4467;41.8761;-1;1;Autocarro inferiore 35 q.;In marcia / fermata / arresto;Conducente;M;Illeso;0;;Non accertato;Inesploso
5595064;11;16/09/2021 09:35:00;Strada Urbana;LUNGOTEVERE DI S. PAOLO;all'intersezione con;VIALE GUGLIELMO MARCONI;VIALE GUGLIELMO MARCONI;;;Scontro frontale/laterale DX fra veicoli in marcia;Intersezione semaforizzata;Due carreggiate;Asciutto;Asfaltata;Verticale ed orizzontale;Sereno;Normale;Buona;;0;0;0;2;12.471;41.859;-1;1;Autovettura privata;In marcia / fermata / arresto;Conducente;F;Illeso;0;;;
5595064;11;16/09/2021 09:35:00;Strada Urbana;LUNGOTEVERE DI S. PAOLO;all'intersezione con;VIALE GUGLIELMO MARCONI;VIALE GUGLIELMO MARCONI;;;Scontro frontale/laterale DX fra veicoli in marcia;Intersezione semaforizzata;Due carreggiate;Asciutto;Asfaltata;Verticale ed orizzontale;Sereno;Normale;Buona;;0;0;0;2;12.471;41.859;-1;2;Monopattino elettrico;In marcia / fermata / arresto;Conducente;M;Illeso;0;;;
5595070;16;16/09/2021 17:15:00;Strada Urbana;VIA AURELIA ANTICA;in corrispondenza;;del civico n.;399;;Scontro laterale fra veicoli in marcia;Rettilineo;Una carreggiata a doppio senso;Asciutto;Asfaltata;Orizzontale;Nuvoloso;Normale;Buona;;0;0;0;2;12.4269;41.8908;-1;1;Autovettura privata;In marcia / fermata / arresto;Conducente;F;Illeso;0;;Non accertato;Inesploso
5595070;16;16/09/2021 17:15:00;Strada Urbana;VIA AURELIA ANTICA;in corrispondenza;;del civico n.;399;;Scontro laterale fra veicoli in marcia;Rettilineo;Una carreggiata a doppio senso;Asciutto;Asfaltata;Orizzontale;Nuvoloso;Normale;Buona;;0;0;0;2;12.4269;41.8908;-1;2;Motociclo a solo;In marcia / fermata / arresto;Conducente;M;Illeso;0;;Non accertato;
5595081;1;16/09/2021 23:00:00;Strada Urbana;LUNGOTEVERE IN AUGUSTA;in prossimit�;;del palo luce n.;13;;Veicolo in marcia contro veicolo in sosta;Rettilineo;Una carreggiata a senso unico di marcia;Asciutto;Asfaltata;Verticale ed orizzontale;Sereno;Normale;Buona;;0;0;0;1;12.4748;41.9076;-1;1;Autovettura privata;Sosta;;;;;;;
5595081;1;16/09/2021 23:00:00;Strada Urbana;LUNGOTEVERE IN AUGUSTA;in prossimit�;;del palo luce n.;13;;Veicolo in marcia contro veicolo in sosta;Rettilineo;Una carreggiata a senso unico di marcia;Asciutto;Asfaltata;Verticale ed orizzontale;Sereno;Normale;Buona;;0;0;0;1;12.4748;41.9076;-1;2;Autovettura privata;In marcia / fermata / arresto;Conducente;M;Illeso;0;;;
5595087;10;17/09/2021 08:10:00;Strada Urbana;VIA STEFANO OBERTO;all'intersezione con;PIAZZA FABIO SABATINI;PIAZZA FABIO SABATINI;;;Tamponamento;Incrocio;Due carreggiate;Bagnato (pioggia);Asfaltata;Verticale ed orizzontale;Pioggia in atto;Normale;Buona;;0;0;0;2;12.5904;41.847;-1;1;Autovettura privata;In marcia / fermata / arresto;Conducente;F;Illeso;0;;Non accertato;Inesploso
5595087;10;17/09/2021 08:10:00;Strada Urbana;VIA STEFANO OBERTO;all'intersezione con;PIAZZA FABIO SABATINI;PIAZZA FABIO SABATINI;;;Tamponamento;Incrocio;Due carreggiate;Bagnato (pioggia);Asfaltata;Verticale ed orizzontale;Pioggia in atto;Normale;Buona;;0;0;0;2;12.5904;41.847;-1;2;Autovettura privata;In marcia / fermata / arresto;Conducente;M;Illeso;0;;Non accertato;Inesploso
5595102;1;17/09/2021 03:20:00;Strada Urbana;VIA GARIBALDI;da specificare;;;;fronte palo Acea 35;Scontro frontale/laterale DX fra veicoli in marcia;Curva a visuale libera;Una carreggiata a doppio senso;Asciutto;Asfaltata;Verticale ed orizzontale;Nuvoloso;Normale;Buona;;3;0;0;0;;;0;1;Autovettura privata;In marcia / fermata / arresto;Conducente;F;Rifiuta cure immediate;0;NON DECEDUTO;;
5595102;1;17/09/2021 03:20:00;Strada Urbana;VIA GARIBALDI;da specificare;;;;fronte palo Acea 35;Scontro frontale/laterale DX fra veicoli in marcia;Curva a visuale libera;Una carreggiata a doppio senso;Asciutto;Asfaltata;Verticale ed orizzontale;Nuvoloso;Normale;Buona;;3;0;0;0;;;0;1;Autovettura privata;In marcia / fermata / arresto;Passeggero;M;Rifiuta cure immediate;0;NON DECEDUTO;;
5595102;1;17/09/2021 03:20:00;Strada Urbana;VIA GARIBALDI;da specificare;;;;fronte palo Acea 35;Scontro frontale/laterale DX fra veicoli in marcia;Curva a visuale libera;Una carreggiata a doppio senso;Asciutto;Asfaltata;Verticale ed orizzontale;Nuvoloso;Normale;Buona;;3;0;0;0;;;0;1;Autovettura privata;In marcia / fermata / arresto;Passeggero;F;Rifiuta cure immediate;0;NON DECEDUTO;;
5595102;1;17/09/2021 03:20:00;Strada Urbana;VIA GARIBALDI;da specificare;;;;fronte palo Acea 35;Scontro frontale/laterale DX fra veicoli in marcia;Curva a visuale libera;Una carreggiata a doppio senso;Asciutto;Asfaltata;Verticale ed orizzontale;Nuvoloso;Normale;Buona;;3;0;0;0;;;0;2;Autovettura privata;Allontanatosi;;;;;;;
5595116;1;16/09/2021 22:20:00;Strada Urbana;LUNGOTEVERE DE' CENCI;da specificare;;;;ALTEZZA PONTE FABRICIO;Investimento di pedone;Rettilineo;Una carreggiata a senso unico di marcia;Asciutto;Asfaltata;Verticale ed orizzontale;Sereno;Normale;Buona;;1;0;0;1;12.4771;41.8919;-1;;;;Pedone;M;Rimandato;0;NON DECEDUTO;;
5595116;1;16/09/2021 22:20:00;Strada Urbana;LUNGOTEVERE DE' CENCI;da specificare;;;;ALTEZZA PONTE FABRICIO;Investimento di pedone;Rettilineo;Una carreggiata a senso unico di marcia;Asciutto;Asfaltata;Verticale ed orizzontale;Sereno;Normale;Buona;;1;0;0;1;12.4771;41.8919;-1;1;Autovettura privata;In marcia / fermata / arresto;Conducente;F;Illeso;0;;;
5595147;16;17/09/2021 00:25:00;Strada Urbana;VIA ETTORE ROLLI;in corrispondenza;;del civico n.;24;;Scontro laterale fra veicoli in marcia;Rettilineo;Una carreggiata a doppio senso;Asciutto;Asfaltata;Verticale ed orizzontale;Sereno;Normale;Sufficiente;;0;0;0;3;12.4674;41.8747;-1;1;Autovettura privata;In marcia / fermata / arresto;Conducente;F;Illeso;0;;Non accertato;Inesploso
5595147;16;17/09/2021 00:25:00;Strada Urbana;VIA ETTORE ROLLI;in corrispondenza;;del civico n.;24;;Scontro laterale fra veicoli in marcia;Rettilineo;Una carreggiata a doppio senso;Asciutto;Asfaltata;Verticale ed orizzontale;Sereno;Normale;Sufficiente;;0;0;0;3;12.4674;41.8747;-1;2;Autovettura privata;In marcia / fermata / arresto;Conducente;M;Illeso;0;;Non accertato;Inesploso
5595147;16;17/09/2021 00:25:00;Strada Urbana;VIA ETTORE ROLLI;in corrispondenza;;del civico n.;24;;Scontro laterale fra veicoli in marcia;Rettilineo;Una carreggiata a doppio senso;Asciutto;Asfaltata;Verticale ed orizzontale;Sereno;Normale;Sufficiente;;0;0;0;3;12.4674;41.8747;-1;2;Autovettura privata;In marcia / fermata / arresto;Passeggero;F;Illeso;0;;Non accertato;Inesploso
5595156;3;16/09/2021 09:25:00;Strada Urbana;VIALE DEL POLICLINICO;in prossimit�;;del civico n.;131;;Scontro laterale fra veicoli in marcia;Rettilineo;Una carreggiata a senso unico di marcia;Asciutto;Asfaltata;Verticale ed orizzontale;Sereno;Normale;Buona;;1;0;0;1;12.5062;41.9088;-1;1;Autovettura privata;In marcia / fermata / arresto;Conducente;M;Illeso;0;;;
5595156;3;16/09/2021 09:25:00;Strada Urbana;VIALE DEL POLICLINICO;in prossimit�;;del civico n.;131;;Scontro laterale fra veicoli in marcia;Rettilineo;Una carreggiata a senso unico di marcia;Asciutto;Asfaltata;Verticale ed orizzontale;Sereno;Normale;Buona;;1;0;0;1;12.5062;41.9088;-1;2;Motociclo a solo;In marcia / fermata / arresto;Conducente;M;Rimandato;0;NON DECEDUTO;;
5595156;3;16/09/2021 09:25:00;Strada Urbana;VIALE DEL POLICLINICO;in prossimit�;;del civico n.;131;;Scontro laterale fra veicoli in marcia;Rettilineo;Una carreggiata a senso unico di marcia;Asciutto;Asfaltata;Verticale ed orizzontale;Sereno;Normale;Buona;;1;0;0;1;12.5062;41.9088;-1;3;Autovettura privata;Sosta;;;;;;;
5595167;3;16/09/2021 08:40:00;Strada Urbana;VIA NOMENTANA;da specificare;;;;fronte 101;Scontro laterale fra veicoli in marcia;Rettilineo;Una carreggiata a doppio senso;Asciutto;Asfaltata;Verticale ed orizzontale;Sereno;Intenso;Buona;;0;0;0;2;12.5041;41.9115;-1;1;Autovettura privata;In marcia / fermata / arresto;Conducente;M;Illeso;0;;;
5595167;3;16/09/2021 08:40:00;Strada Urbana;VIA NOMENTANA;da specificare;;;;fronte 101;Scontro laterale fra veicoli in marcia;Rettilineo;Una carreggiata a doppio senso;Asciutto;Asfaltata;Verticale ed orizzontale;Sereno;Intenso;Buona;;0;0;0;2;12.5041;41.9115;-1;2;Motociclo a solo;In marcia / fermata / arresto;Conducente;M;Illeso;0;;;
5595169;7;17/09/2021 03:20:00;Strada Urbana;VIALE ENZO FERRARI;all'intersezione con;VIA DI TOR TRE TESTE;VIA DI TOR TRE TESTE;;;Fuoriuscita dalla sede stradale;Rotatoria;Due carreggiate;Asciutto;Asfaltata;Verticale ed orizzontale;Sereno;Scarso;Buona;;0;0;0;2;12.591;41.8909;-1;1;Autovettura privata;In marcia / fermata / arresto;Conducente;F;Illeso;0;;Non accertato;Esploso
5595169;7;17/09/2021 03:20:00;Strada Urbana;VIALE ENZO FERRARI;all'intersezione con;VIA DI TOR TRE TESTE;VIA DI TOR TRE TESTE;;;Fuoriuscita dalla sede stradale;Rotatoria;Due carreggiate;Asciutto;Asfaltata;Verticale ed orizzontale;Sereno;Scarso;Buona;;0;0;0;2;12.591;41.8909;-1;1;Autovettura privata;In marcia / fermata / arresto;Passeggero;F;Illeso;0;;Non accertato;Esploso
5595172;3;16/09/2021 13:30:00;Strada Urbana;VIALE DELL'UNIVERSITA';all'intersezione semaforizzata con;VIALE DEL POLICLINICO;VIALE DEL POLICLINICO;;;Scontro frontale/laterale DX fra veicoli in marcia;Intersezione semaforizzata;Due carreggiate;Asciutto;Asfaltata;Verticale ed orizzontale;Nuvoloso;Intenso;Buona;;1;0;0;1;12.5109;41.904;-1;1;Autovettura privata;In marcia / fermata / arresto;Conducente;M;Illeso;0;;Non accertato;
5595172;3;16/09/2021 13:30:00;Strada Urbana;VIALE DELL'UNIVERSITA';all'intersezione semaforizzata con;VIALE DEL POLICLINICO;VIALE DEL POLICLINICO;;;Scontro frontale/laterale DX fra veicoli in marcia;Intersezione semaforizzata;Due carreggiate;Asciutto;Asfaltata;Verticale ed orizzontale;Nuvoloso;Intenso;Buona;;1;0;0;1;12.5109;41.904;-1;2;Motociclo a solo;In marcia / fermata / arresto;Conducente;F;Rimandato;0;NON DECEDUTO;Non accertato;
5595181;1;16/09/2021 19:40:00;Strada Urbana;VIA LUIGI PETROSELLI;in prossimit�;;del civico n.;50;;Scontro laterale fra veicoli in marcia;Rettilineo;Una carreggiata a doppio senso;Asciutto;In cubetti di porfido;Verticale ed orizzontale;Sereno;Normale;Buona;;0;0;0;3;12.4807;41.8903;-1;1;Autovettura di polizia;In marcia / fermata / arresto;Conducente;M;Illeso;0;;Non accertato;Inesploso
5595181;1;16/09/2021 19:40:00;Strada Urbana;VIA LUIGI PETROSELLI;in prossimit�;;del civico n.;50;;Scontro laterale fra veicoli in marcia;Rettilineo;Una carreggiata a doppio senso;Asciutto;In cubetti di porfido;Verticale ed orizzontale;Sereno;Normale;Buona;;0;0;0;3;12.4807;41.8903;-1;1;Autovettura di polizia;In marcia / fermata / arresto;Passeggero;M;Illeso;0;;Non accertato;Inesploso
5595181;1;16/09/2021 19:40:00;Strada Urbana;VIA LUIGI PETROSELLI;in prossimit�;;del civico n.;50;;Scontro laterale fra veicoli in marcia;Rettilineo;Una carreggiata a doppio senso;Asciutto;In cubetti di porfido;Verticale ed orizzontale;Sereno;Normale;Buona;;0;0;0;3;12.4807;41.8903;-1;2;Autovettura privata;In marcia / fermata / arresto;Conducente;M;Illeso;0;;Non accertato;Inesploso
5595183;3;16/09/2021 17:10:00;Strada Urbana;VIA CARLO FEA;da specificare;;;;in prossimit� Via Nomentana;Veicolo in marcia contro veicolo in sosta;Rettilineo;Una carreggiata a doppio senso;Asciutto;Asfaltata;Verticale ed orizzontale;Nuvoloso;Scarso;Buona;;0;0;0;2;12.5172;41.9199;-1;1;Autovettura privata;In marcia / fermata / arresto;Conducente;M;Illeso;0;;Non accertato;
5595183;3;16/09/2021 17:10:00;Strada Urbana;VIA CARLO FEA;da specificare;;;;in prossimit� Via Nomentana;Veicolo in marcia contro veicolo in sosta;Rettilineo;Una carreggiata a doppio senso;Asciutto;Asfaltata;Verticale ed orizzontale;Nuvoloso;Scarso;Buona;;0;0;0;2;12.5172;41.9199;-1;1;Autovettura privata;In marcia / fermata / arresto;Passeggero;F;Illeso;0;;Non accertato;
5595183;3;16/09/2021 17:10:00;Strada Urbana;VIA CARLO FEA;da specificare;;;;in prossimit� Via Nomentana;Veicolo in marcia contro veicolo in sosta;Rettilineo;Una carreggiata a doppio senso;Asciutto;Asfaltata;Verticale ed orizzontale;Nuvoloso;Scarso;Buona;;0;0;0;2;12.5172;41.9199;-1;2;Autovettura privata;Sosta;;;;;;;
5595197;7;16/09/2021 20:10:00;Strada Urbana;VIALE DELLE ORCHIDEE;all'intersezione con;VIA DELLE PALME;VIA DELLE PALME;;;Scontro frontale/laterale SX fra veicoli in marcia;Incrocio;Una carreggiata a senso unico di marcia;Asciutto;Asfaltata;Verticale ed orizzontale;Nuvoloso;Normale;Sufficiente;;0;0;0;4;12.569;41.8902;-1;1;Autovettura privata;In marcia / fermata / arresto;Conducente;M;Illeso;0;;Non accertato;Inesploso
5595197;7;16/09/2021 20:10:00;Strada Urbana;VIALE DELLE ORCHIDEE;all'intersezione con;VIA DELLE PALME;VIA DELLE PALME;;;Scontro frontale/laterale SX fra veicoli in marcia;Incrocio;Una carreggiata a senso unico di marcia;Asciutto;Asfaltata;Verticale ed orizzontale;Nuvoloso;Normale;Sufficiente;;0;0;0;4;12.569;41.8902;-1;1;Autovettura privata;In marcia / fermata / arresto;Passeggero;M;Illeso;0;;Non accertato;Inesploso
5595197;7;16/09/2021 20:10:00;Strada Urbana;VIALE DELLE ORCHIDEE;all'intersezione con;VIA DELLE PALME;VIA DELLE PALME;;;Scontro frontale/laterale SX fra veicoli in marcia;Incrocio;Una carreggiata a senso unico di marcia;Asciutto;Asfaltata;Verticale ed orizzontale;Nuvoloso;Normale;Sufficiente;;0;0;0;4;12.569;41.8902;-1;2;Autovettura privata;In marcia / fermata / arresto;Conducente;M;Illeso;0;;Non accertato;Inesploso
5595197;7;16/09/2021 20:10:00;Strada Urbana;VIALE DELLE ORCHIDEE;all'intersezione con;VIA DELLE PALME;VIA DELLE PALME;;;Scontro frontale/laterale SX fra veicoli in marcia;Incrocio;Una carreggiata a senso unico di marcia;Asciutto;Asfaltata;Verticale ed orizzontale;Nuvoloso;Normale;Sufficiente;;0;0;0;4;12.569;41.8902;-1;2;Autovettura privata;In marcia / fermata / arresto;Passeggero;F;Illeso;0;;Non accertato;Inesploso
5595237;2;16/09/2021 07:30:00;Strada Urbana;VIA ROVERETO;all'intersezione con;VIALE GORIZIA;VIALE GORIZIA;;;Scontro frontale/laterale SX fra veicoli in marcia;Incrocio;Una carreggiata a doppio senso;Asciutto;Asfaltata;Verticale;Nuvoloso;Normale;Buona;;0;0;0;1;12.5128;41.9201;-1;1;Autovettura privata;In marcia / fermata / arresto;Conducente;M;Illeso;0;;Non accertato;Inesploso
5595237;2;16/09/2021 07:30:00;Strada Urbana;VIA ROVERETO;all'intersezione con;VIALE GORIZIA;VIALE GORIZIA;;;Scontro frontale/laterale SX fra veicoli in marcia;Incrocio;Una carreggiata a doppio senso;Asciutto;Asfaltata;Verticale;Nuvoloso;Normale;Buona;;0;0;0;1;12.5128;41.9201;-1;2;Autovettura privata;Allontanatosi;;;;;;;
5595239;2;16/09/2021 13:40:00;Strada Urbana;VIA DEL SACRO CUORE DI MARIA;all'intersezione semaforizzata con;VIALE MARESCIALLO PILSUDSKI;VIALE MARESCIALLO PILSUDSKI;;;Veicolo in marcia contro veicolo fermo;Intersezione semaforizzata;Una carreggiata a senso unico di marcia;Asciutto;Asfaltata;Verticale ed orizzontale;Sereno;Normale;Buona;;0;0;0;3;12.4818;41.9275;-1;1;Autovettura privata;In marcia / fermata / arresto;Conducente;M;Illeso;0;;Non accertato;Inesploso
5595239;2;16/09/2021 13:40:00;Strada Urbana;VIA DEL SACRO CUORE DI MARIA;all'intersezione semaforizzata con;VIALE MARESCIALLO PILSUDSKI;VIALE MARESCIALLO PILSUDSKI;;;Veicolo in marcia contro veicolo fermo;Intersezione semaforizzata;Una carreggiata a senso unico di marcia;Asciutto;Asfaltata;Verticale ed orizzontale;Sereno;Normale;Buona;;0;0;0;3;12.4818;41.9275;-1;1;Autovettura privata;In marcia / fermata / arresto;Passeggero;M;Illeso;0;;Non accertato;Inesploso
5595239;2;16/09/2021 13:40:00;Strada Urbana;VIA DEL SACRO CUORE DI MARIA;all'intersezione semaforizzata con;VIALE MARESCIALLO PILSUDSKI;VIALE MARESCIALLO PILSUDSKI;;;Veicolo in marcia contro veicolo fermo;Intersezione semaforizzata;Una carreggiata a senso unico di marcia;Asciutto;Asfaltata;Verticale ed orizzontale;Sereno;Normale;Buona;;0;0;0;3;12.4818;41.9275;-1;2;Autocarro inferiore 35 q.;In marcia / fermata / arresto;Conducente;M;Illeso;0;;Non accertato;Inesploso
5595246;2;16/09/2021 14:52:00;Strada Urbana;VIALE PARIOLI;in prossimit�;;del civico n.;19;;Scontro frontale/laterale SX fra veicoli in marcia;Rettilineo;Una carreggiata a doppio senso;Asciutto;Asfaltata;Verticale ed orizzontale;Sereno;Intenso;Buona;;1;0;0;1;12.4911;41.9236;-1;1;Autovettura privata;In marcia / fermata / arresto;Conducente;M;Illeso;0;;Non accertato;Inesploso
5595246;2;16/09/2021 14:52:00;Strada Urbana;VIALE PARIOLI;in prossimit�;;del civico n.;19;;Scontro frontale/laterale SX fra veicoli in marcia;Rettilineo;Una carreggiata a doppio senso;Asciutto;Asfaltata;Verticale ed orizzontale;Sereno;Intenso;Buona;;1;0;0;1;12.4911;41.9236;-1;2;Motociclo a solo;In marcia / fermata / arresto;Conducente;M;Rimandato;0;NON DECEDUTO;;
5595249;2;16/09/2021 15:30:00;Strada Urbana;VIALE PARIOLI;in prossimit�;;del civico n.;10;;Veicolo in marcia contro veicolo in sosta;Rettilineo;Una carreggiata a doppio senso;Asciutto;Asfaltata;Verticale ed orizzontale;Sereno;Intenso;Buona;;0;0;0;1;12.4917;41.9234;-1;1;Autobus di linea;In marcia / fermata / arresto;Conducente;F;Illeso;0;;Non accertato;Inesploso
5595249;2;16/09/2021 15:30:00;Strada Urbana;VIALE PARIOLI;in prossimit�;;del civico n.;10;;Veicolo in marcia contro veicolo in sosta;Rettilineo;Una carreggiata a doppio senso;Asciutto;Asfaltata;Verticale ed orizzontale;Sereno;Intenso;Buona;;0;0;0;1;12.4917;41.9234;-1;2;Autovettura privata;Sosta;;;;;;;
5595251;2;16/09/2021 15:35:00;Strada Urbana;VIA GUIDO RENI;all'intersezione semaforizzata con;VIA GIOVANNI PAOLO PANNINI;VIA GIOVANNI PAOLO PANNINI;;;Scontro laterale fra veicoli in marcia;Incrocio;Una carreggiata a doppio senso;Asciutto;Asfaltata;Verticale ed orizzontale;Sereno;Normale;Buona;;0;0;0;2;12.4654;41.9277;-1;1;Autovettura privata;In marcia / fermata / arresto;Conducente;M;Illeso;0;;Non accertato;Inesploso
5595251;2;16/09/2021 15:35:00;Strada Urbana;VIA GUIDO RENI;all'intersezione semaforizzata con;VIA GIOVANNI PAOLO PANNINI;VIA GIOVANNI PAOLO PANNINI;;;Scontro laterale fra veicoli in marcia;Incrocio;Una carreggiata a doppio senso;Asciutto;Asfaltata;Verticale ed orizzontale;Sereno;Normale;Buona;;0;0;0;2;12.4654;41.9277;-1;2;Monopattino elettrico;In marcia / fermata / arresto;Conducente;M;Illeso;0;;Non accertato;Inesistente
5595252;2;16/09/2021 16:45:00;Strada Urbana;VIA CESARE FRACASSINI;in prossimit�;;del civico n.;30;;Investimento di pedone;Rettilineo;Una carreggiata a senso unico di marcia;Asciutto;Asfaltata;Verticale ed orizzontale;Sereno;Normale;Buona;;0;0;0;2;12.47;41.9236;-1;;;;Pedone;F;Illeso;0;;;
5595252;2;16/09/2021 16:45:00;Strada Urbana;VIA CESARE FRACASSINI;in prossimit�;;del civico n.;30;;Investimento di pedone;Rettilineo;Una carreggiata a senso unico di marcia;Asciutto;Asfaltata;Verticale ed orizzontale;Sereno;Normale;Buona;;0;0;0;2;12.47;41.9236;-1;1;Motociclo a solo;In marcia / fermata / arresto;Conducente;M;Illeso;0;;Non accertato;
5595256;2;16/09/2021 18:00:00;Strada Urbana;VIA PANAMA;in prossimit�;;del civico n.;118;;Scontro frontale/laterale SX fra veicoli in marcia;Rettilineo;Due carreggiate;Asciutto;Asfaltata;Verticale ed orizzontale;Nuvoloso;Intenso;Buona;;1;0;0;1;12.5012;41.9234;-1;1;Motociclo a solo;In marcia / fermata / arresto;Conducente;M;Ricoverato;0;NON DECEDUTO;;
5595256;2;16/09/2021 18:00:00;Strada Urbana;VIA PANAMA;in prossimit�;;del civico n.;118;;Scontro frontale/laterale SX fra veicoli in marcia;Rettilineo;Due carreggiate;Asciutto;Asfaltata;Verticale ed orizzontale;Nuvoloso;Intenso;Buona;;1;0;0;1;12.5012;41.9234;-1;2;Quadriciclo leggero;In marcia / fermata / arresto;Conducente;M;Illeso;0;;;
5595259;2;16/09/2021 20:30:00;Strada Urbana;PIAZZA DI PRISCILLA;in prossimit�;;del civico n.;4;;Scontro laterale fra veicoli in marcia;Rettilineo;Una carreggiata a doppio senso;Asciutto;Asfaltata;Verticale ed orizzontale;Nuvoloso;Normale;Buona;;0;0;0;3;12.5094;41.9303;-1;1;Autovettura privata;In marcia / fermata / arresto;Conducente;M;Illeso;0;;Non accertato;Inesploso
5595259;2;16/09/2021 20:30:00;Strada Urbana;PIAZZA DI PRISCILLA;in prossimit�;;del civico n.;4;;Scontro laterale fra veicoli in marcia;Rettilineo;Una carreggiata a doppio senso;Asciutto;Asfaltata;Verticale ed orizzontale;Nuvoloso;Normale;Buona;;0;0;0;3;12.5094;41.9303;-1;2;Autovettura privata;In marcia / fermata / arresto;Conducente;M;Illeso;0;;Non accertato;Inesploso
5595259;2;16/09/2021 20:30:00;Strada Urbana;PIAZZA DI PRISCILLA;in prossimit�;;del civico n.;4;;Scontro laterale fra veicoli in marcia;Rettilineo;Una carreggiata a doppio senso;Asciutto;Asfaltata;Verticale ed orizzontale;Nuvoloso;Normale;Buona;;0;0;0;3;12.5094;41.9303;-1;3;Autovettura privata;In marcia / fermata / arresto;Conducente;M;Illeso;0;;Non accertato;Inesploso
5595262;2;16/09/2021 22:45:00;Strada Urbana;PIAZZA GENTILE DA FABRIANO;da specificare;;;;fronte ponte della Musica;Investimento di pedone;Rettilineo;Una carreggiata a doppio senso;Asciutto;Asfaltata;Verticale ed orizzontale;Sereno;Scarso;Sufficiente;;1;0;0;1;12.4614;41.9265;-1;;;;Pedone;M;Ricoverato;0;NON DECEDUTO;;