Protocollo;Gruppo;DataOraIncidente;Localizzazione1;STRADA1;Localizzazione2;STRADA2;Strada02;Chilometrica;DaSpecificare;NaturaIncidente;particolaritastrade;TipoStrada;FondoStradale;Pavimentazione;Segnaletica;CondizioneAtmosferica;Traffico;Visibilita;Illuminazione;NUM_FERITI;NUM_RISERVATA;NUM_MORTI;NUM_ILLESI;Longitudine;Latitudine;Confermato;Progressivo;TipoVeicolo;StatoVeicolo;TipoPersona;Sesso;Tipolesione;Deceduto;DecedutoDopo;CinturaCascoUtilizzato;Airbag;
5601666;11;20/09/2021 09:30:00;Strada Urbana;VIALE DI TOR MARANCIA;in corrispondenza;;del civico n.;86;;Scontro frontale/laterale DX fra veicoli in marcia;Rettilineo;Due carreggiate;Asciutto;Asfaltata;Verticale ed orizzontale;Sereno;Scarso;Buona;;2;0;0;1;12.4979;41.8525;-1;2;Motociclo con passeggero;In marcia / fermata / arresto;Conducente;M;Ricoverato;0;NON DECEDUTO;Non accertato;
5601666;11;20/09/2021 09:30:00;Strada Urbana;VIALE DI TOR MARANCIA;in corrispondenza;;del civico n.;86;;Scontro frontale/laterale DX fra veicoli in marcia;Rettilineo;Due carreggiate;Asciutto;Asfaltata;Verticale ed orizzontale;Sereno;Scarso;Buona;;2;0;0;1;12.4979;41.8525;-1;2;Motociclo con passeggero;In marcia / fermata / arresto;Passeggero;F;Rimandato;0;NON DECEDUTO;Non accertato;
5601670;20;20/09/2021 12:45:00;Strada Urbana;VIA DELLA FARNESINA;in corrispondenza;;del civico n.;3;;Scontro laterale fra veicoli in marcia;Rettilineo;Una carreggiata a doppio senso;Asciutto;Asfaltata;Verticale ed orizzontale;Sereno;Normale;Buona;;1;0;0;2;12.4654;41.9381;-1;1;Autovettura privata;In marcia / fermata / arresto;Conducente;M;Illeso;0;;;
5601670;20;20/09/2021 12:45:00;Strada Urbana;VIA DELLA FARNESINA;in corrispondenza;;del civico n.;3;;Scontro laterale fra veicoli in marcia;Rettilineo;Una carreggiata a doppio senso;Asciutto;Asfaltata;Verticale ed orizzontale;Sereno;Normale;Buona;;1;0;0;2;12.4654;41.9381;-1;2;Motociclo a solo;In marcia / fermata / arresto;Conducente;M;Rimandato;0;NON DECEDUTO;Non accertato;
5601670;20;20/09/2021 12:45:00;Strada Urbana;VIA DELLA FARNESINA;in corrispondenza;;del civico n.;3;;Scontro laterale fra veicoli in marcia;Rettilineo;Una carreggiata a doppio senso;Asciutto;Asfaltata;Verticale ed orizzontale;Sereno;Normale;Buona;;1;0;0;2;12.4654;41.9381;-1;3;Autovettura privata;In marcia / fermata / arresto;Conducente;M;Illeso;0;;;
5601674;4;20/09/2021 09:50:00;Provinciale;VIA NOMENTANA;in prossimit�;;del civico n.;1412;;Scontro laterale fra veicoli in marcia;Rettilineo;Una carreggiata a doppio senso;Asciutto;Asfaltata;Verticale ed orizzontale;Sereno;Normale;Buona;;1;0;0;1;12.6047;41.9686;-1;1;Autocarro inferiore 35 q.;In marcia / fermata / arresto;Conducente;M;Illeso;0;;;
5601674;4;20/09/2021 09:50:00;Provinciale;VIA NOMENTANA;in prossimit�;;del civico n.;1412;;Scontro laterale fra veicoli in marcia;Rettilineo;Una carreggiata a doppio senso;Asciutto;Asfaltata;Verticale ed orizzontale;Sereno;Normale;Buona;;1;0;0;1;12.6047;41.9686;-1;2;Motociclo a solo;In marcia / fermata / arresto;Conducente;F;Rimandato;0;NON DECEDUTO;;
5601677;19;20/09/2021 20:50:00;Strada Urbana;VIA ALBERTO CADLOLO;all'intersezione con;VIA GUIDO ALESSI;VIA GUIDO ALESSI;;;Scontro frontale/laterale DX fra veicoli in marcia;Incrocio;Una carreggiata a doppio senso;Asciutto;Asfaltata;Verticale ed orizzontale;Sereno;Scarso;Buona;;0;0;0;3;12.4472;41.9229;-1;1;Autovettura privata;In marcia / fermata / arresto;Conducente;M;Illeso;0;;Non accertato;
5601677;19;20/09/2021 20:50:00;Strada Urbana;VIA ALBERTO CADLOLO;all'intersezione con;VIA GUIDO ALESSI;VIA GUIDO ALESSI;;;Scontro frontale/laterale DX fra veicoli in marcia;Incrocio;Una carreggiata a doppio senso;Asciutto;Asfaltata;Verticale ed orizzontale;Sereno;Scarso;Buona;;0;0;0;3;12.4472;41.9229;-1;1;Autovettura privata;In marcia / fermata / arresto;Passeggero;F;Illeso;0;;Non accertato;
5601677;19;20/09/2021 20:50:00;Strada Urbana;VIA ALBERTO CADLOLO;all'intersezione con;VIA GUIDO ALESSI;VIA GUIDO ALESSI;;;Scontro frontale/laterale DX fra veicoli in marcia;Incrocio;Una carreggiata a doppio senso;Asciutto;Asfaltata;Verticale ed orizzontale;Sereno;Scarso;Buona;;0;0;0;3;12.4472;41.9229;-1;2;Autovettura privata;In marcia / fermata / arresto;Conducente;M;Illeso;0;;Non accertato;
5601689;1;17/09/2021 13:25:00;Strada Urbana;LARGO AMERIGO PETRUCCI;all'intersezione semaforizzata con;LUNGOTEVERE AVENTINO;LUNGOTEVERE AVENTINO;;;Tamponamento;Intersezione semaforizzata;Una carreggiata a senso unico di marcia;Asciutto;Asfaltata;Verticale ed orizzontale;Nuvoloso;Normale;Buona;;0;0;0;3;12.4806;41.8885;0;1;Autovettura di polizia;In marcia / fermata / arresto;Conducente;M;Illeso;0;;Esente;Inesploso
5601689;1;17/09/2021 13:25:00;Strada Urbana;LARGO AMERIGO PETRUCCI;all'intersezione semaforizzata con;LUNGOTEVERE AVENTINO;LUNGOTEVERE AVENTINO;;;Tamponamento;Intersezione semaforizzata;Una carreggiata a senso unico di marcia;Asciutto;Asfaltata;Verticale ed orizzontale;Nuvoloso;Normale;Buona;;0;0;0;3;12.4806;41.8885;0;2;Autovettura privata;In marcia / fermata / arresto;Conducente;M;Illeso;0;;Non accertato;Inesploso
5601689;1;17/09/2021 13:25:00;Strada Urbana;LARGO AMERIGO PETRUCCI;all'intersezione semaforizzata con;LUNGOTEVERE AVENTINO;LUNGOTEVERE AVENTINO;;;Tamponamento;Intersezione semaforizzata;Una carreggiata a senso unico di marcia;Asciutto;Asfaltata;Verticale ed orizzontale;Nuvoloso;Normale;Buona;;0;0;0;3;12.4806;41.8885;0;2;Autovettura privata;In marcia / fermata / arresto;Passeggero;M;Illeso;0;;Non accertato;Inesploso
5601690;7;19/09/2021 01:00:00;Strada Urbana;VIA DEI RODODENDRI;in prossimit�;;del civico n.;33;;Veicolo in marcia contro veicolo in sosta;Rettilineo;Una carreggiata a doppio senso;Asciutto;Asfaltata;Verticale ed orizzontale;Sereno;Normale;Buona;;0;0;0;0;12.5679;41.8867;-1;1;Autovettura privata;Sosta;;;;;;;
5601691;5;20/09/2021 14:45:00;Strada Urbana;VIALE PALMIRO TOGLIATTI;in prossimit�;;del civico n.;1479;;Tamponamento;Rettilineo;Due carreggiate;Asciutto;Asfaltata;Orizzontale;Nuvoloso;Intenso;Buona;;2;0;0;0;12.5711;41.9122;-1;1;Autovettura privata;In marcia / fermata / arresto;Conducente;F;Rimandato;0;NON DECEDUTO;Non accertato;Inesploso
5601691;5;20/09/2021 14:45:00;Strada Urbana;VIALE PALMIRO TOGLIATTI;in prossimit�;;del civico n.;1479;;Tamponamento;Rettilineo;Due carreggiate;Asciutto;Asfaltata;Orizzontale;Nuvoloso;Intenso;Buona;;2;0;0;0;12.5711;41.9122;-1;2;Autovettura privata;In marcia / fermata / arresto;Conducente;F;Rimandato;0;NON DECEDUTO;Non accertato;Inesploso
5601705;18;20/09/2021 10:06:00;Strada Urbana;VIA DI BOCCEA;da specificare;;;;fonte via Pasquale II;Scontro laterale fra veicoli in marcia;Rettilineo;Due carreggiate;Asciutto;Asfaltata;Verticale ed orizzontale;Sereno;Normale;Buona;;0;0;0;4;12.3847;41.9149;-1;1;Autovettura privata;In marcia / fermata / arresto;Conducente;M;Illeso;0;;Non accertato;Inesploso
5601705;18;20/09/2021 10:06:00;Strada Urbana;VIA DI BOCCEA;da specificare;;;;fonte via Pasquale II;Scontro laterale fra veicoli in marcia;Rettilineo;Due carreggiate;Asciutto;Asfaltata;Verticale ed orizzontale;Sereno;Normale;Buona;;0;0;0;4;12.3847;41.9149;-1;2;Autovettura privata;In marcia / fermata / arresto;Conducente;M;Illeso;0;;Non accertato;Inesploso
5601705;18;20/09/2021 10:06:00;Strada Urbana;VIA DI BOCCEA;da specificare;;;;fonte via Pasquale II;Scontro laterale fra veicoli in marcia;Rettilineo;Due carreggiate;Asciutto;Asfaltata;Verticale ed orizzontale;Sereno;Normale;Buona;;0;0;0;4;12.3847;41.9149;-1;2;Autovettura privata;In marcia / fermata / arresto;Passeggero;F;Illeso;0;;;
5601705;18;20/09/2021 10:06:00;Strada Urbana;VIA DI BOCCEA;da specificare;;;;fonte via Pasquale II;Scontro laterale fra veicoli in marcia;Rettilineo;Due carreggiate;Asciutto;Asfaltata;Verticale ed orizzontale;Sereno;Normale;Buona;;0;0;0;4;12.3847;41.9149;-1;2;Autovettura privata;In marcia / fermata / arresto;Passeggero;M;Illeso;0;;Non accertato;Inesploso
5601714;5;20/09/2021 18:30:00;Strada Urbana;VIA DEI MONTI TIBURTINI;da specificare;;;;fr. via Seguenza dir. via Tiburtina;Scontro laterale fra veicoli in marcia;Rettilineo;Pi� di due carreggiate;Asciutto;Asfaltata;Temporanea di cantiere;Sereno;Normale;Buona;;0;0;0;2;12.5374;41.9189;-1;1;Autovettura privata;In marcia / fermata / arresto;Conducente;M;Illeso;0;;Non accertato;Esploso
5601714;5;20/09/2021 18:30:00;Strada Urbana;VIA DEI MONTI TIBURTINI;da specificare;;;;fr. via Seguenza dir. via Tiburtina;Scontro laterale fra veicoli in marcia;Rettilineo;Pi� di due carreggiate;Asciutto;Asfaltata;Temporanea di cantiere;Sereno;Normale;Buona;;0;0;0;2;12.5374;41.9189;-1;2;Autovettura privata;In marcia / fermata / arresto;Conducente;F;Illeso;0;;Non accertato;
5601727;20;20/09/2021 06:50:00;;VIA DI BACCANELLO;in corrispondenza;;del civico n.;351;;Scontro frontale fra veicoli in marcia;;;;;;;;;;1;0;0;2;;;0;1;Autocarro inferiore 35 q.;In marcia / fermata / arresto;Conducente;M;Illeso;0;;Non accertato;
5601727;20;20/09/2021 06:50:00;;VIA DI BACCANELLO;in corrispondenza;;del civico n.;351;;Scontro frontale fra veicoli in marcia;;;;;;;;;;1;0;0;2;;;0;2;Autovettura privata;In marcia / fermata / arresto;Conducente;M;Rimandato;0;NON DECEDUTO;Non accertato;
5601727;20;20/09/2021 06:50:00;;VIA DI BACCANELLO;in corrispondenza;;del civico n.;351;;Scontro frontale fra veicoli in marcia;;;;;;;;;;1;0;0;2;;;0;3;Autovettura privata;In marcia / fermata / arresto;Conducente;M;Illeso;0;;Non accertato;
5601733;11;20/09/2021 14:00:00;Strada Urbana;VIA DI TOR CARBONE;in corrispondenza;;del civico n.;102;;Scontro frontale/laterale SX fra veicoli in marcia;Curva senza visuale libera;Una carreggiata a doppio senso;Asciutto;Asfaltata;Orizzontale;Sereno;Normale;Buona;;2;0;0;0;12.5342;41.8288;-1;1;Autovettura privata;In marcia / fermata / arresto;Conducente;F;Rimandato;0;NON DECEDUTO;Non accertato;
5601733;11;20/09/2021 14:00:00;Strada Urbana;VIA DI TOR CARBONE;in corrispondenza;;del civico n.;102;;Scontro frontale/laterale SX fra veicoli in marcia;Curva senza visuale libera;Una carreggiata a doppio senso;Asciutto;Asfaltata;Orizzontale;Sereno;Normale;Buona;;2;0;0;0;12.5342;41.8288;-1;2;Autovettura privata;In marcia / fermata / arresto;Conducente;M;Rimandato;0;NON DECEDUTO;Non accertato;
5601741;1;20/09/2021 12:00:00;Strada Urbana;VIA GIOVANNI GIOLITTI;in corrispondenza;;del civico n.;63;;Scontro laterale fra veicoli in marcia;Rettilineo;Pi� di due carreggiate;Asciutto;Asfaltata;Verticale ed orizzontale;Nuvoloso;Intenso;Buona;;0;0;0;5;12.5011;41.9001;0;1;Autovettura privata;In marcia / fermata / arresto;Conducente;M;Illeso;0;;Non accertato;Inesploso
5601741;1;20/09/2021 12:00:00;Strada Urbana;VIA GIOVANNI GIOLITTI;in corrispondenza;;del civico n.;63;;Scontro laterale fra veicoli in marcia;Rettilineo;Pi� di due carreggiate;Asciutto;Asfaltata;Verticale ed orizzontale;Nuvoloso;Intenso;Buona;;0;0;0;5;12.5011;41.9001;0;1;Autovettura privata;In marcia / fermata / arresto;Passeggero;M;Illeso;0;;Non accertato;Inesploso
5601741;1;20/09/2021 12:00:00;Strada Urbana;VIA GIOVANNI GIOLITTI;in corrispondenza;;del civico n.;63;;Scontro laterale fra veicoli in marcia;Rettilineo;Pi� di due carreggiate;Asciutto;Asfaltata;Verticale ed orizzontale;Nuvoloso;Intenso;Buona;;0;0;0;5;12.5011;41.9001;0;1;Autovettura privata;In marcia / fermata / arresto;Passeggero;M;Illeso;0;;Non accertato;Inesploso
5601741;1;20/09/2021 12:00:00;Strada Urbana;VIA GIOVANNI GIOLITTI;in corrispondenza;;del civico n.;63;;Scontro laterale fra veicoli in marcia;Rettilineo;Pi� di due carreggiate;Asciutto;Asfaltata;Verticale ed orizzontale;Nuvoloso;Intenso;Buona;;0;0;0;5;12.5011;41.9001;0;2;Motociclo con passeggero;In marcia / fermata / arresto;Conducente;M;Illeso;0;;Non accertato;
5601741;1;20/09/2021 12:00:00;Strada Urbana;VIA GIOVANNI GIOLITTI;in corrispondenza;;del civico n.;63;;Scontro laterale fra veicoli in marcia;Rettilineo;Pi� di due carreggiate;Asciutto;Asfaltata;Verticale ed orizzontale;Nuvoloso;Intenso;Buona;;0;0;0;5;12.5011;41.9001;0;2;Motociclo con passeggero;In marcia / fermata / arresto;Passeggero;F;Illeso;0;;Non accertato;
5601746;10;20/09/2021 19:40:00;Strada Urbana;VIA TUSCOLANA;all'intersezione con;VIA DEL CASALE FERRANTI;VIA DEL CASALE FERRANTI;;;Scontro frontale/laterale DX fra veicoli in marcia;Intersezione stradale segnalata;Una carreggiata a senso unico di marcia;Asciutto;Asfaltata;Verticale ed orizzontale;Sereno;Normale;Sufficiente;;0;0;0;2;12.5869;41.8407;-1;1;Autovettura privata;In marcia / fermata / arresto;Conducente;F;Illeso;0;;Non accertato;Inesploso
5601746;10;20/09/2021 19:40:00;Strada Urbana;VIA TUSCOLANA;all'intersezione con;VIA DEL CASALE FERRANTI;VIA DEL CASALE FERRANTI;;;Scontro frontale/laterale DX fra veicoli in marcia;Intersezione stradale segnalata;Una carreggiata a senso unico di marcia;Asciutto;Asfaltata;Verticale ed orizzontale;Sereno;Normale;Sufficiente;;0;0;0;2;12.5869;41.8407;-1;2;Autovettura privata;In marcia / fermata / arresto;Conducente;M;Illeso;0;;Non accertato;Inesploso
5601750;18;20/09/2021 16:40:00;Strada Urbana;VIA MATTIA BATTISTINI;all'intersezione semaforizzata con;VIA ENNIO BONIFAZI;VIA ENNIO BONIFAZI;;;Scontro frontale/laterale SX fra veicoli in marcia;Intersezione semaforizzata;Due carreggiate;Asciutto;Asfaltata;Verticale ed orizzontale;Sereno;Intenso;Buona;;1;0;0;2;12.4184;41.9139;-1;1;Autovettura privata;In marcia / fermata / arresto;Conducente;M;Illeso;0;;Non accertato;Inesploso
5601750;18;20/09/2021 16:40:00;Strada Urbana;VIA MATTIA BATTISTINI;all'intersezione semaforizzata con;VIA ENNIO BONIFAZI;VIA ENNIO BONIFAZI;;;Scontro frontale/laterale SX fra veicoli in marcia;Intersezione semaforizzata;Due carreggiate;Asciutto;Asfaltata;Verticale ed orizzontale;Sereno;Intenso;Buona;;1;0;0;2;12.4184;41.9139;-1;1;Autovettura privata;In marcia / fermata / arresto;Passeggero;F;Illeso;0;;Non accertato;Inesploso
5601750;18;20/09/2021 16:40:00;Strada Urbana;VIA MATTIA BATTISTINI;all'intersezione semaforizzata con;VIA ENNIO BONIFAZI;VIA ENNIO BONIFAZI;;;Scontro frontale/laterale SX fra veicoli in marcia;Intersezione semaforizzata;Due carreggiate;Asciutto;Asfaltata;Verticale ed orizzontale;Sereno;Intenso;Buona;;1;0;0;2;12.4184;41.9139;-1;2;Motociclo a solo;In marcia / fermata / arresto;Conducente;M;Rimandato;0;NON DECEDUTO;Non accertato;
5601757;2;20/09/2021 09:30:00;Strada Urbana;VIA DI TRASONE;all'intersezione con;VIA DI NOVELLA;VIA DI NOVELLA;;;Veicolo in marcia contro veicolo in sosta;Incrocio;Una carreggiata a senso unico di marcia;Asciutto;Asfaltata;Verticale ed orizzontale;Sereno;Normale;Buona;;0;0;0;1;12.5115;41.9297;-1;1;Autovettura privata;In marcia / fermata / arresto;Conducente;F;Illeso;0;;Non accertato;Inesploso
5601757;2;20/09/2021 09:30:00;Strada Urbana;VIA DI TRASONE;all'intersezione con;VIA DI NOVELLA;VIA DI NOVELLA;;;Veicolo in marcia contro veicolo in sosta;Incrocio;Una carreggiata a senso unico di marcia;Asciutto;Asfaltata;Verticale ed orizzontale;Sereno;Normale;Buona;;0;0;0;1;12.5115;41.9297;-1;2;Autovettura privata;Sosta;;;;;;;
5601760;2;20/09/2021 10:20:00;Strada Urbana;CORSO TRIESTE;all'intersezione con;VIA DALMAZIA;VIA DALMAZIA;;;Scontro frontale/laterale DX fra veicoli in marcia;Incrocio;Una carreggiata a senso unico di marcia;Asciutto;Asfaltata;Verticale ed orizzontale;Sereno;Normale;Buona;;0;0;0;2;12.5094;41.9204;-1;1;Autovettura privata;In marcia / fermata / arresto;Conducente;M;Illeso;0;;Non accertato;Inesploso
5601760;2;20/09/2021 10:20:00;Strada Urbana;CORSO TRIESTE;all'intersezione con;VIA DALMAZIA;VIA DALMAZIA;;;Scontro frontale/laterale DX fra veicoli in marcia;Incrocio;Una carreggiata a senso unico di marcia;Asciutto;Asfaltata;Verticale ed orizzontale;Sereno;Normale;Buona;;0;0;0;2;12.5094;41.9204;-1;2;Motociclo a solo;In marcia / fermata / arresto;Conducente;M;Illeso;0;;Non accertato;
5601761;2;20/09/2021 10:30:00;Strada Urbana;VIA GUIDO RENI;in prossimit�;;del civico n.;4a;;Scontro frontale/laterale DX fra veicoli in marcia;Rettilineo;Una carreggiata a senso unico di marcia;Asciutto;Asfaltata;Verticale ed orizzontale;Sereno;Normale;Buona;;1;0;0;1;12.4663;41.9287;-1;1;Autocarro inferiore 35 q.;In marcia / fermata / arresto;Conducente;M;Illeso;0;;Non accertato;Inesploso
5601761;2;20/09/2021 10:30:00;Strada Urbana;VIA GUIDO RENI;in prossimit�;;del civico n.;4a;;Scontro frontale/laterale DX fra veicoli in marcia;Rettilineo;Una carreggiata a senso unico di marcia;Asciutto;Asfaltata;Verticale ed orizzontale;Sereno;Normale;Buona;;1;0;0;1;12.4663;41.9287;-1;2;Motociclo a solo;In marcia / fermata / arresto;Conducente;M;Ricoverato;0;NON DECEDUTO;;
5601762;2;20/09/2021 12:40:00;Strada Urbana;VIALE LIBIA;all'intersezione semaforizzata con;PIAZZA GONDAR;PIAZZA GONDAR;;;Tamponamento;Intersezione semaforizzata;Due carreggiate;Asciutto;Asfaltata;Verticale ed orizzontale;Sereno;Normale;Buona;;3;0;0;4;12.5209;41.9333;-1;1;Autovettura privata;In marcia / fermata / arresto;Conducente;F;Illeso;0;;;
5601762;2;20/09/2021 12:40:00;Strada Urbana;VIALE LIBIA;all'intersezione semaforizzata con;PIAZZA GONDAR;PIAZZA GONDAR;;;Tamponamento;Intersezione semaforizzata;Due carreggiate;Asciutto;Asfaltata;Verticale ed orizzontale;Sereno;Normale;Buona;;3;0;0;4;12.5209;41.9333;-1;1;Autovettura privata;In marcia / fermata / arresto;Passeggero;F;Illeso;0;;;
5601762;2;20/09/2021 12:40:00;Strada Urbana;VIALE LIBIA;all'intersezione semaforizzata con;PIAZZA GONDAR;PIAZZA GONDAR;;;Tamponamento;Intersezione semaforizzata;Due carreggiate;Asciutto;Asfaltata;Verticale ed orizzontale;Sereno;Normale;Buona;;3;0;0;4;12.5209;41.9333;-1;2;Autobus di linea;In marcia / fermata / arresto;Conducente;M;Illeso;0;;;
5601762;2;20/09/2021 12:40:00;Strada Urbana;VIALE LIBIA;all'intersezione semaforizzata con;PIAZZA GONDAR;PIAZZA GONDAR;;;Tamponamento;Intersezione semaforizzata;Due carreggiate;Asciutto;Asfaltata;Verticale ed orizzontale;Sereno;Normale;Buona;;3;0;0;4;12.5209;41.9333;-1;2;Autobus di linea;In marcia / fermata / arresto;Passeggero;M;Rimandato;0;NON DECEDUTO;;
5601762;2;20/09/2021 12:40:00;Strada Urbana;VIALE LIBIA;all'intersezione semaforizzata con;PIAZZA GONDAR;PIAZZA GONDAR;;;Tamponamento;Intersezione semaforizzata;Due carreggiate;Asciutto;Asfaltata;Verticale ed orizzontale;Sereno;Normale;Buona;;3;0;0;4;12.5209;41.9333;-1;2;Autobus di linea;In marcia / fermata / arresto;Passeggero;F;Illeso;0;;;
5601762;2;20/09/2021 12:40:00;Strada Urbana;VIALE LIBIA;all'intersezione semaforizzata con;PIAZZA GONDAR;PIAZZA GONDAR;;;Tamponamento;Intersezione semaforizzata;Due carreggiate;Asciutto;Asfaltata;Verticale ed orizzontale;Sereno;Normale;Buona;;3;0;0;4;12.5209;41.9333;-1;2;Autobus di linea;In marcia / fermata / arresto;Passeggero;F;Rimandato;0;NON DECEDUTO;;
5601762;2;20/09/2021 12:40:00;Strada Urbana;VIALE LIBIA;all'intersezione semaforizzata con;PIAZZA GONDAR;PIAZZA GONDAR;;;Tamponamento;Intersezione semaforizzata;Due carreggiate;Asciutto;Asfaltata;Verticale ed orizzontale;Sereno;Normale;Buona;;3;0;0;4;12.5209;41.9333;-1;2;Autobus di linea;In marcia / fermata / arresto;Passeggero;M;Rimandato;0;NON DECEDUTO;Esente;Inesistente
5601766;2;20/09/2021 16:15:00;Strada Urbana;VIA PANAMA;in prossimit�;;del civico n.;118;;Veicolo in marcia contro veicoli in sosta;Rettilineo;Una carreggiata a doppio senso;Asciutto;Asfaltata;Verticale ed orizzontale;Sereno;Normale;Buona;;0;0;0;0;12.5012;41.9234;-1;1;Autovettura privata;Sosta;;;;;;;
5601766;2;20/09/2021 16:15:00;Strada Urbana;VIA PANAMA;in prossimit�;;del civico n.;118;;Veicolo in marcia contro veicoli in sosta;Rettilineo;Una carreggiata a doppio senso;Asciutto;Asfaltata;Verticale ed orizzontale;Sereno;Normale;Buona;;0;0;0;0;12.5012;41.9234;-1;2;Motociclo a solo;Sosta;;;;;;;
5601769;2;20/09/2021 21:50:00;Strada Urbana;VIALE LIEGI;all'intersezione con;VIA DOMENICO CIMAROSA;VIA DOMENICO CIMAROSA;;;Veicolo in marcia contro veicolo in sosta;Intersezione stradale segnalata;Una carreggiata a doppio senso;Asciutto;Asfaltata;Verticale ed orizzontale;Sereno;Normale;Buona;;0;0;0;1;12.4957;41.9212;-1;1;Autovettura privata;In marcia / fermata / arresto;Conducente;M;Illeso;0;;Non accertato;Inesploso
5601769;2;20/09/2021 21:50:00;Strada Urbana;VIALE LIEGI;all'intersezione con;VIA DOMENICO CIMAROSA;VIA DOMENICO CIMAROSA;;;Veicolo in marcia contro veicolo in sosta;Intersezione stradale segnalata;Una carreggiata a doppio senso;Asciutto;Asfaltata;Verticale ed orizzontale;Sereno;Normale;Buona;;0;0;0;1;12.4957;41.9212;-1;2;Autovettura privata;Sosta;;;;;;;
5601773;5;21/09/2021 02:30:00;Strada Urbana;VIA DI TOR CERVARA;da specificare;;;;alt. via Amarilli;Veicolo in marcia contro ostacolo fisso;Curva senza visuale libera;Una carreggiata a doppio senso;Asciutto;Asfaltata;Orizzontale;Sereno;Scarso;Sufficiente;;2;0;0;0;12.5895;41.9183;-1;1;Autovettura di polizia;In marcia / fermata / arresto;Conducente;M;Rimandato;0;NON DECEDUTO;;
5601773;5;21/09/2021 02:30:00;Strada Urbana;VIA DI TOR CERVARA;da specificare;;;;alt. via Amarilli;Veicolo in marcia contro ostacolo fisso;Curva senza visuale libera;Una carreggiata a doppio senso;Asciutto;Asfaltata;Orizzontale;Sereno;Scarso;Sufficiente;;2;0;0;0;12.5895;41.9183;-1;1;Autovettura di polizia;In marcia / fermata / arresto;Passeggero;M;Rimandato;0;NON DECEDUTO;;
5601774;15;20/09/2021 14:25:00;Strada Urbana;VIA FULDA;in prossimit�;;del civico n.;14;;Tamponamento Multiplo;Curva senza visuale libera;Una carreggiata a senso unico di marcia;Asciutto;Asfaltata;Verticale ed orizzontale;Sereno;Normale;Buona;;0;0;0;3;12.4279;41.8357;-1;1;Autovettura privata;In marcia / fermata / arresto;Conducente;F;Illeso;0;;Non accertato;Inesploso
5601774;15;20/09/2021 14:25:00;Strada Urbana;VIA FULDA;in prossimit�;;del civico n.;14;;Tamponamento Multiplo;Curva senza visuale libera;Una carreggiata a senso unico di marcia;Asciutto;Asfaltata;Verticale ed orizzontale;Sereno;Normale;Buona;;0;0;0;3;12.4279;41.8357;-1;2;Autovettura privata;In marcia / fermata / arresto;Conducente;M;Illeso;0;;Non accertato;Inesploso
5601774;15;20/09/2021 14:25:00;Strada Urbana;VIA FULDA;in prossimit�;;del civico n.;14;;Tamponamento Multiplo;Curva senza visuale libera;Una carreggiata a senso unico di marcia;Asciutto;Asfaltata;Verticale ed orizzontale;Sereno;Normale;Buona;;0;0;0;3;12.4279;41.8357;-1;3;Autovettura privata;In marcia / fermata / arresto;Conducente;M;Illeso;0;;Non accertato;Inesploso
5601777;4;20/09/2021 10:40:00;Provinciale entro l'abitato;VIA NOMENTANA;all'intersezione con;VIA BONVESIN DE LA RIVA;VIA BONVESIN DE LA RIVA;;;Scontro frontale/laterale SX fra veicoli in marcia;Intersezione stradale segnalata;Una carreggiata a doppio senso;Asciutto;Asfaltata;Verticale ed orizzontale;Sereno;Normale;Buona;;1;0;0;1;12.5737;41.959;-1;1;Autovettura privata;In marcia / fermata / arresto;Conducente;M;Illeso;0;;Non accertato;Inesploso
5601777;4;20/09/2021 10:40:00;Provinciale entro l'abitato;VIA NOMENTANA;all'intersezione con;VIA BONVESIN DE LA RIVA;VIA BONVESIN DE LA RIVA;;;Scontro frontale/laterale SX fra veicoli in marcia;Intersezione stradale segnalata;Una carreggiata a doppio senso;Asciutto;Asfaltata;Verticale ed orizzontale;Sereno;Normale;Buona;;1;0;0;1;12.5737;41.959;-1;2;Autovettura privata;In marcia / fermata / arresto;Conducente;M;Rifiuta cure immediate;0;NON DECEDUTO;Non accertato;Inesploso
5601788;1;19/09/2021 13:20:00;Strada Urbana;VIA DI PONTE SISTO;in corrispondenza;;del civico n.;76;;Investimento di pedone;Rettilineo;Una carreggiata a senso unico di marcia;Asciutto;In cubetti di porfido;Assente;Sereno;Scarso;Buona;;1;0;0;1;12.4694;41.8919;-1;;;;Pedone;F;Rifiuta cure immediate;0;NON DECEDUTO;;
5601788;1;19/09/2021 13:20:00;Strada Urbana;VIA DI PONTE SISTO;in corrispondenza;;del civico n.;76;;Investimento di pedone;Rettilineo;Una carreggiata a senso unico di marcia;Asciutto;In cubetti di porfido;Assente;Sereno;Scarso;Buona;;1;0;0;1;12.4694;41.8919;-1;1;Autovettura privata;In marcia / fermata / arresto;Conducente;M;Illeso;0;;Non accertato;Inesploso
5601792;4;21/09/2021 03:30:00;Strada Urbana;VIA NOMENTANA;da specificare;;;;ross. fronte via quinto tosatti;Veicolo in marcia contro ostacolo fisso;Rettilineo;Una carreggiata a doppio senso;Asciutto;Asfaltata;Verticale ed orizzontale;Sereno;Scarso;Sufficiente;;1;0;0;0;12.5737;41.959;-1;1;Autovettura privata;In marcia / fermata / arresto;Conducente;F;Rimandato;0;NON DECEDUTO;Non accertato;Esploso
5601803;9;20/09/2021 18:25:00;;VIA NOLA;all'intersezione semaforizzata con;VIALE CASTRENSE;VIALE CASTRENSE;;;Investimento di pedone;;;;;;;;;;0;0;0;2;12.5151;41.8872;0;;;;Pedone;F;Illeso;0;;;