Protocollo;Gruppo;DataOraIncidente;Localizzazione1;STRADA1;Localizzazione2;STRADA2;Strada02;Chilometrica;DaSpecificare;NaturaIncidente;particolaritastrade;TipoStrada;FondoStradale;Pavimentazione;Segnaletica;CondizioneAtmosferica;Traffico;Visibilita;Illuminazione;NUM_FERITI;NUM_RISERVATA;NUM_MORTI;NUM_ILLESI;Longitudine;Latitudine;Confermato;Progressivo;TipoVeicolo;StatoVeicolo;TipoPersona;Sesso;Tipolesione;Deceduto;DecedutoDopo;CinturaCascoUtilizzato;Airbag;
5602697;15;21/09/2021 08:15:00;Strada Urbana;VIA DI AFFOGALASINO;da specificare;;;;fronte civico 131;Veicolo in marcia contro veicolo in sosta;Rettilineo;Una carreggiata a doppio senso;Asciutto;Asfaltata;Orizzontale;Sereno;Scarso;Buona;;0;0;0;2;12.4352;41.8585;-1;1;Autovettura privata;In marcia / fermata / arresto;Conducente;M;Illeso;0;;Non accertato;Inesploso
5602697;15;21/09/2021 08:15:00;Strada Urbana;VIA DI AFFOGALASINO;da specificare;;;;fronte civico 131;Veicolo in marcia contro veicolo in sosta;Rettilineo;Una carreggiata a doppio senso;Asciutto;Asfaltata;Orizzontale;Sereno;Scarso;Buona;;0;0;0;2;12.4352;41.8585;-1;2;Autovettura privata;Sosta;;;;;;;
5602697;15;21/09/2021 08:15:00;Strada Urbana;VIA DI AFFOGALASINO;da specificare;;;;fronte civico 131;Veicolo in marcia contro veicolo in sosta;Rettilineo;Una carreggiata a doppio senso;Asciutto;Asfaltata;Orizzontale;Sereno;Scarso;Buona;;0;0;0;2;12.4352;41.8585;-1;3;Autovettura privata;In marcia / fermata / arresto;Conducente;F;Illeso;0;;Non accertato;Inesploso
5602708;15;21/09/2021 06:05:00;Strada Urbana;VIALE CASTELLO DELLA MAGLIANA;da specificare;;;;prossimit� rampa accesso autostrada RM/FIU;Scontro frontale/laterale DX fra veicoli in marcia;Rettilineo;Due carreggiate;Asciutto;Asfaltata;Verticale ed orizzontale;Sereno;Scarso;Buona;;0;0;0;2;12.4134;41.8233;-1;1;Autovettura privata;In marcia / fermata / arresto;Conducente;M;Illeso;0;;Non accertato;Inesploso
5602708;15;21/09/2021 06:05:00;Strada Urbana;VIALE CASTELLO DELLA MAGLIANA;da specificare;;;;prossimit� rampa accesso autostrada RM/FIU;Scontro frontale/laterale DX fra veicoli in marcia;Rettilineo;Due carreggiate;Asciutto;Asfaltata;Verticale ed orizzontale;Sereno;Scarso;Buona;;0;0;0;2;12.4134;41.8233;-1;2;Autocarro inferiore 35 q.;In marcia / fermata / arresto;Conducente;M;Illeso;0;;Non accertato;Inesploso
5602729;15;21/09/2021 10:00:00;Strada Urbana;VIADOTTO DELLA MAGLIANA;da specificare;;;;rampa di accesso  prov via della Magliana  dir Eur;Scontro laterale fra veicoli in marcia;Curva a visuale libera;Due carreggiate;Asciutto;Asfaltata;Orizzontale;Sereno;Normale;Buona;;0;0;0;2;12.4634;41.842;-1;1;Autovettura privata;In marcia / fermata / arresto;Conducente;M;Illeso;0;;Non accertato;Inesploso
5602729;15;21/09/2021 10:00:00;Strada Urbana;VIADOTTO DELLA MAGLIANA;da specificare;;;;rampa di accesso  prov via della Magliana  dir Eur;Scontro laterale fra veicoli in marcia;Curva a visuale libera;Due carreggiate;Asciutto;Asfaltata;Orizzontale;Sereno;Normale;Buona;;0;0;0;2;12.4634;41.842;-1;2;Autocarro inferiore 35 q.;In marcia / fermata / arresto;Conducente;M;Illeso;0;;Non accertato;Inesploso
5602756;10;21/09/2021 15:45:00;Strada Urbana;VIALE SPARTACO;all'intersezione semaforizzata con;VIA VALERIO PUBLICOLA;VIA VALERIO PUBLICOLA;;;Scontro frontale/laterale SX fra veicoli in marcia;Intersezione semaforizzata;Pi� di due carreggiate;Asciutto;Asfaltata;Verticale ed orizzontale;Sereno;Normale;Buona;;0;0;0;2;12.5572;41.8569;-1;1;Autovettura privata;In marcia / fermata / arresto;Conducente;M;Illeso;0;;Non accertato;Inesploso
5602756;10;21/09/2021 15:45:00;Strada Urbana;VIALE SPARTACO;all'intersezione semaforizzata con;VIA VALERIO PUBLICOLA;VIA VALERIO PUBLICOLA;;;Scontro frontale/laterale SX fra veicoli in marcia;Intersezione semaforizzata;Pi� di due carreggiate;Asciutto;Asfaltata;Verticale ed orizzontale;Sereno;Normale;Buona;;0;0;0;2;12.5572;41.8569;-1;2;Autovettura privata;In marcia / fermata / arresto;Conducente;M;Illeso;0;;Non accertato;Inesploso
5602809;18;21/09/2021 15:30:00;Strada Urbana;VIA MATTIA BATTISTINI;all'intersezione semaforizzata con;VIA DEI MONTI DI PRIMAVALLE;VIA DEI MONTI DI PRIMAVALLE;;;Scontro frontale/laterale DX fra veicoli in marcia;Intersezione semaforizzata;Una carreggiata a doppio senso;Asciutto;Asfaltata;Verticale ed orizzontale;Sereno;Normale;Buona;;1;0;0;1;12.4147;41.9065;-1;1;Autovettura privata;In marcia / fermata / arresto;Conducente;M;Illeso;0;;;
5602809;18;21/09/2021 15:30:00;Strada Urbana;VIA MATTIA BATTISTINI;all'intersezione semaforizzata con;VIA DEI MONTI DI PRIMAVALLE;VIA DEI MONTI DI PRIMAVALLE;;;Scontro frontale/laterale DX fra veicoli in marcia;Intersezione semaforizzata;Una carreggiata a doppio senso;Asciutto;Asfaltata;Verticale ed orizzontale;Sereno;Normale;Buona;;1;0;0;1;12.4147;41.9065;-1;2;Motociclo a solo;In marcia / fermata / arresto;Conducente;M;Rifiuta cure immediate;0;NON DECEDUTO;;
5602846;2;13/09/2021 10:30:00;Strada Urbana;VIALE ETIOPIA;in prossimit�;;del civico n.;19;;Veicolo in marcia contro veicolo fermo;Rettilineo;Due carreggiate;Asciutto;Asfaltata;Verticale ed orizzontale;Sereno;Intenso;Buona;;0;0;0;1;12.5239;41.9308;-1;1;Autovettura privata;In marcia / fermata / arresto;Conducente;M;Illeso;0;;;
5602955;12;21/09/2021 14:20:00;Provinciale;VIA DI TRIGORIA;all'intersezione con;VIA LAURENTINA;VIA LAURENTINA;;;Tamponamento;Rotatoria;Una carreggiata a senso unico di marcia;Asciutto;Asfaltata;Verticale ed orizzontale;Sereno;Normale;Buona;;0;0;0;1;12.4804;41.7752;-1;1;Autovettura privata;In marcia / fermata / arresto;Conducente;F;Illeso;0;;Non accertato;Inesploso
5602955;12;21/09/2021 14:20:00;Provinciale;VIA DI TRIGORIA;all'intersezione con;VIA LAURENTINA;VIA LAURENTINA;;;Tamponamento;Rotatoria;Una carreggiata a senso unico di marcia;Asciutto;Asfaltata;Verticale ed orizzontale;Sereno;Normale;Buona;;0;0;0;1;12.4804;41.7752;-1;2;Autovettura privata;Allontanatosi;;;;;;;
5602957;12;21/09/2021 14:50:00;Strada Urbana;VIA LAURENTINA;da specificare;;;;prossimit� G.R.A. dir. Trigoria;Scontro laterale fra veicoli in marcia;Rettilineo;Due carreggiate;Asciutto;Asfaltata;Verticale ed orizzontale;Nuvoloso;Normale;Buona;;0;0;0;4;12.4808;41.7984;-1;1;Autovettura privata;In marcia / fermata / arresto;Conducente;F;Illeso;0;;Non accertato;Inesploso
5602957;12;21/09/2021 14:50:00;Strada Urbana;VIA LAURENTINA;da specificare;;;;prossimit� G.R.A. dir. Trigoria;Scontro laterale fra veicoli in marcia;Rettilineo;Due carreggiate;Asciutto;Asfaltata;Verticale ed orizzontale;Nuvoloso;Normale;Buona;;0;0;0;4;12.4808;41.7984;-1;1;Autovettura privata;In marcia / fermata / arresto;Passeggero;M;Illeso;0;;Non accertato;Inesploso
5602957;12;21/09/2021 14:50:00;Strada Urbana;VIA LAURENTINA;da specificare;;;;prossimit� G.R.A. dir. Trigoria;Scontro laterale fra veicoli in marcia;Rettilineo;Due carreggiate;Asciutto;Asfaltata;Verticale ed orizzontale;Nuvoloso;Normale;Buona;;0;0;0;4;12.4808;41.7984;-1;1;Autovettura privata;In marcia / fermata / arresto;Passeggero;M;Illeso;0;;Non accertato;
5602957;12;21/09/2021 14:50:00;Strada Urbana;VIA LAURENTINA;da specificare;;;;prossimit� G.R.A. dir. Trigoria;Scontro laterale fra veicoli in marcia;Rettilineo;Due carreggiate;Asciutto;Asfaltata;Verticale ed orizzontale;Nuvoloso;Normale;Buona;;0;0;0;4;12.4808;41.7984;-1;2;Autocarro inferiore 35 q.;In marcia / fermata / arresto;Conducente;M;Illeso;0;;Non accertato;Inesploso
5602959;12;21/09/2021 16:00:00;Strada Urbana;VIALE DEI CADUTI PER LA RESISTENZA;in corrispondenza;;del civico n.;622;;Veicolo in marcia contro veicolo in sosta;Rettilineo;Una carreggiata a senso unico di marcia;Asciutto;Asfaltata;Verticale ed orizzontale;Sereno;Scarso;Buona;;0;0;0;1;12.4411;41.7822;-1;1;Autovettura privata;In marcia / fermata / arresto;Conducente;M;Illeso;0;;Non accertato;Esploso
5602959;12;21/09/2021 16:00:00;Strada Urbana;VIALE DEI CADUTI PER LA RESISTENZA;in corrispondenza;;del civico n.;622;;Veicolo in marcia contro veicolo in sosta;Rettilineo;Una carreggiata a senso unico di marcia;Asciutto;Asfaltata;Verticale ed orizzontale;Sereno;Scarso;Buona;;0;0;0;1;12.4411;41.7822;-1;2;Autocarro inferiore 35 q.;Sosta;;;;;;;
5602964;6;21/09/2021 14:10:00;Strada Urbana;VIALE DELLA SERENISSIMA;all'intersezione con;VIA CHERSO;VIA CHERSO;;;Veicolo in marcia contro veicolo fermo;Incrocio;Due carreggiate;Asciutto;Asfaltata;Verticale ed orizzontale;Sereno;Normale;Buona;;0;0;0;2;12.5582;41.8987;-1;1;Autovettura privata;In marcia / fermata / arresto;Conducente;M;Illeso;0;;Non accertato;Inesploso
5602964;6;21/09/2021 14:10:00;Strada Urbana;VIALE DELLA SERENISSIMA;all'intersezione con;VIA CHERSO;VIA CHERSO;;;Veicolo in marcia contro veicolo fermo;Incrocio;Due carreggiate;Asciutto;Asfaltata;Verticale ed orizzontale;Sereno;Normale;Buona;;0;0;0;2;12.5582;41.8987;-1;2;Autovettura privata;In marcia / fermata / arresto;Conducente;M;Illeso;0;;Non accertato;Inesploso
5602971;6;21/09/2021 15:40:00;Strada Urbana;VIA PRENESTINA;all'intersezione con;VIA GUGLIELMO ALBIMONTE;VIA GUGLIELMO ALBIMONTE;;;Scontro frontale/laterale DX fra veicoli in marcia;Incrocio;Pi� di due carreggiate;Asciutto;Asfaltata;Verticale ed orizzontale;Sereno;Normale;Buona;;1;0;0;1;12.5361;41.8924;-1;1;Autovettura privata;In marcia / fermata / arresto;Conducente;M;Illeso;0;;Non accertato;Inesploso
5602971;6;21/09/2021 15:40:00;Strada Urbana;VIA PRENESTINA;all'intersezione con;VIA GUGLIELMO ALBIMONTE;VIA GUGLIELMO ALBIMONTE;;;Scontro frontale/laterale DX fra veicoli in marcia;Incrocio;Pi� di due carreggiate;Asciutto;Asfaltata;Verticale ed orizzontale;Sereno;Normale;Buona;;1;0;0;1;12.5361;41.8924;-1;2;Monopattino elettrico;In marcia / fermata / arresto;Conducente;M;Rifiuta cure immediate;0;NON DECEDUTO;Non accertato;Inesistente
5602973;6;21/09/2021 16:50:00;Strada Urbana;VIA PRENESTINA;da specificare;;;;altezza via g. brancaleone;Scontro laterale fra veicoli in marcia;Rettilineo;Pi� di due carreggiate;Asciutto;Asfaltata;Verticale ed orizzontale;Sereno;Intenso;Buona;;0;0;0;2;12.5306;41.8918;-1;1;Autocarro inferiore 35 q.;In marcia / fermata / arresto;Conducente;M;Illeso;0;;;
5602973;6;21/09/2021 16:50:00;Strada Urbana;VIA PRENESTINA;da specificare;;;;altezza via g. brancaleone;Scontro laterale fra veicoli in marcia;Rettilineo;Pi� di due carreggiate;Asciutto;Asfaltata;Verticale ed orizzontale;Sereno;Intenso;Buona;;0;0;0;2;12.5306;41.8918;-1;2;Autocarro inferiore 35 q.;In marcia / fermata / arresto;Conducente;M;Illeso;0;;;
5602975;2;21/09/2021 15:15:00;Strada Urbana;VIA DEL FORO ITALICO;all'intersezione con;VIALE DELLA MOSCHEA;VIALE DELLA MOSCHEA;;;Scontro laterale fra veicoli in marcia;Incrocio;Pi� di due carreggiate;Asciutto;Asfaltata;Verticale ed orizzontale;Sereno;Normale;Buona;;1;0;0;3;12.4974;41.9404;-1;1;Motociclo a solo;In marcia / fermata / arresto;Conducente;M;Rimandato;0;NON DECEDUTO;Utilizzato;
5602975;2;21/09/2021 15:15:00;Strada Urbana;VIA DEL FORO ITALICO;all'intersezione con;VIALE DELLA MOSCHEA;VIALE DELLA MOSCHEA;;;Scontro laterale fra veicoli in marcia;Incrocio;Pi� di due carreggiate;Asciutto;Asfaltata;Verticale ed orizzontale;Sereno;Normale;Buona;;1;0;0;3;12.4974;41.9404;-1;2;Autovettura privata;In marcia / fermata / arresto;Conducente;M;Illeso;0;;Non accertato;Inesploso
5602975;2;21/09/2021 15:15:00;Strada Urbana;VIA DEL FORO ITALICO;all'intersezione con;VIALE DELLA MOSCHEA;VIALE DELLA MOSCHEA;;;Scontro laterale fra veicoli in marcia;Incrocio;Pi� di due carreggiate;Asciutto;Asfaltata;Verticale ed orizzontale;Sereno;Normale;Buona;;1;0;0;3;12.4974;41.9404;-1;2;Autovettura privata;In marcia / fermata / arresto;Passeggero;M;Illeso;0;;;
5602975;2;21/09/2021 15:15:00;Strada Urbana;VIA DEL FORO ITALICO;all'intersezione con;VIALE DELLA MOSCHEA;VIALE DELLA MOSCHEA;;;Scontro laterale fra veicoli in marcia;Incrocio;Pi� di due carreggiate;Asciutto;Asfaltata;Verticale ed orizzontale;Sereno;Normale;Buona;;1;0;0;3;12.4974;41.9404;-1;2;Autovettura privata;In marcia / fermata / arresto;Passeggero;M;Illeso;0;;;
5603046;10;21/09/2021 18:15:00;Strada Urbana;VIA LUCREZIA ROMANA;all'intersezione con;VIA PAUL CEZANNE;VIA PAUL CEZANNE;;;Scontro frontale/laterale DX fra veicoli in marcia;Incrocio;Due carreggiate;Asciutto;Asfaltata;Verticale ed orizzontale;Sereno;Normale;Buona;;1;0;0;1;12.5784;41.8323;-1;1;Autovettura privata;In marcia / fermata / arresto;Conducente;M;Illeso;0;;Non accertato;Inesploso
5603046;10;21/09/2021 18:15:00;Strada Urbana;VIA LUCREZIA ROMANA;all'intersezione con;VIA PAUL CEZANNE;VIA PAUL CEZANNE;;;Scontro frontale/laterale DX fra veicoli in marcia;Incrocio;Due carreggiate;Asciutto;Asfaltata;Verticale ed orizzontale;Sereno;Normale;Buona;;1;0;0;1;12.5784;41.8323;-1;2;Monopattino elettrico;In marcia / fermata / arresto;Conducente;M;Rifiuta cure immediate;0;NON DECEDUTO;Esente;Inesistente
5603124;2;20/09/2021 23:00:00;Strada Urbana;VIALE MARESCIALLO PILSUDSKI;da specificare;;;;alt. rampa c.so Francia dir. c.so Francia;Scontro laterale fra veicoli in marcia;Rettilineo;Una carreggiata a doppio senso;Asciutto;Asfaltata;Verticale ed orizzontale;Sereno;Normale;Buona;;0;0;0;1;12.4752;41.9277;-1;1;Autovettura privata;In marcia / fermata / arresto;Conducente;F;Illeso;0;;;
5603414;8;21/09/2021 06:35:00;Strada Urbana;VIA GIZZERIA;all'intersezione con;VIA BORGHESIANA;VIA BORGHESIANA;;;Scontro frontale/laterale DX fra veicoli in marcia;Incrocio;Una carreggiata a doppio senso;Asciutto;Asfaltata;Verticale ed orizzontale;Sereno;Normale;Buona;;1;0;0;2;12.6751;41.8723;-1;1;Autocarro inferiore 35 q.;In marcia / fermata / arresto;Conducente;F;Illeso;0;;Non accertato;Inesploso
5603414;8;21/09/2021 06:35:00;Strada Urbana;VIA GIZZERIA;all'intersezione con;VIA BORGHESIANA;VIA BORGHESIANA;;;Scontro frontale/laterale DX fra veicoli in marcia;Incrocio;Una carreggiata a doppio senso;Asciutto;Asfaltata;Verticale ed orizzontale;Sereno;Normale;Buona;;1;0;0;2;12.6751;41.8723;-1;1;Autocarro inferiore 35 q.;In marcia / fermata / arresto;Passeggero;M;Rifiuta cure immediate;0;NON DECEDUTO;Non accertato;Inesploso
5603414;8;21/09/2021 06:35:00;Strada Urbana;VIA GIZZERIA;all'intersezione con;VIA BORGHESIANA;VIA BORGHESIANA;;;Scontro frontale/laterale DX fra veicoli in marcia;Incrocio;Una carreggiata a doppio senso;Asciutto;Asfaltata;Verticale ed orizzontale;Sereno;Normale;Buona;;1;0;0;2;12.6751;41.8723;-1;2;Autovettura privata;In marcia / fermata / arresto;Conducente;M;Illeso;0;;;
5603416;8;21/09/2021 09:15:00;Strada Urbana;VIA COLLATINA;in prossimit�;;del civico n.;881;;Scontro frontale/laterale DX fra veicoli in marcia;Curva senza visuale libera;Una carreggiata a doppio senso;Asciutto;Asfaltata;Verticale;Sereno;Normale;Buona;;1;0;0;3;12.6546;41.9194;-1;1;Autovettura privata;In marcia / fermata / arresto;Conducente;M;Illeso;0;;Non accertato;Esploso
5603416;8;21/09/2021 09:15:00;Strada Urbana;VIA COLLATINA;in prossimit�;;del civico n.;881;;Scontro frontale/laterale DX fra veicoli in marcia;Curva senza visuale libera;Una carreggiata a doppio senso;Asciutto;Asfaltata;Verticale;Sereno;Normale;Buona;;1;0;0;3;12.6546;41.9194;-1;1;Autovettura privata;In marcia / fermata / arresto;Passeggero;F;Illeso;0;;;
5603416;8;21/09/2021 09:15:00;Strada Urbana;VIA COLLATINA;in prossimit�;;del civico n.;881;;Scontro frontale/laterale DX fra veicoli in marcia;Curva senza visuale libera;Una carreggiata a doppio senso;Asciutto;Asfaltata;Verticale;Sereno;Normale;Buona;;1;0;0;3;12.6546;41.9194;-1;2;Autovettura privata;In marcia / fermata / arresto;Conducente;M;Illeso;0;;;
5603416;8;21/09/2021 09:15:00;Strada Urbana;VIA COLLATINA;in prossimit�;;del civico n.;881;;Scontro frontale/laterale DX fra veicoli in marcia;Curva senza visuale libera;Una carreggiata a doppio senso;Asciutto;Asfaltata;Verticale;Sereno;Normale;Buona;;1;0;0;3;12.6546;41.9194;-1;2;Autovettura privata;In marcia / fermata / arresto;Passeggero;F;Rifiuta cure immediate;0;NON DECEDUTO;Non accertato;Inesploso
5603418;8;21/09/2021 09:20:00;Strada Urbana;VIA BORGHESIANA;all'intersezione con;VIA TORREGROTTA;VIA TORREGROTTA;;;Scontro frontale/laterale SX fra veicoli in marcia;Incrocio;Una carreggiata a doppio senso;Asciutto;Asfaltata;Verticale;Sereno;Normale;Buona;;0;0;0;2;12.6745;41.8681;-1;1;Autovettura privata;In marcia / fermata / arresto;Conducente;M;Illeso;0;;Non accertato;Inesploso
5603418;8;21/09/2021 09:20:00;Strada Urbana;VIA BORGHESIANA;all'intersezione con;VIA TORREGROTTA;VIA TORREGROTTA;;;Scontro frontale/laterale SX fra veicoli in marcia;Incrocio;Una carreggiata a doppio senso;Asciutto;Asfaltata;Verticale;Sereno;Normale;Buona;;0;0;0;2;12.6745;41.8681;-1;2;Autovettura privata;In marcia / fermata / arresto;Conducente;M;Illeso;0;;Non accertato;Inesploso
5603419;8;21/09/2021 21:30:00;Strada Urbana;VIA CASILINA;in prossimit�;;del civico n.;1014;;Tamponamento Multiplo;Rettilineo;Una carreggiata a doppio senso;Asciutto;Asfaltata;Verticale ed orizzontale;Sereno;Normale;Buona;;7;0;0;1;12.584;41.8695;-1;1;Autocarro inferiore 35 q.;In marcia / fermata / arresto;Conducente;M;Illeso;0;;Non utilizzato;Inesploso
5603419;8;21/09/2021 21:30:00;Strada Urbana;VIA CASILINA;in prossimit�;;del civico n.;1014;;Tamponamento Multiplo;Rettilineo;Una carreggiata a doppio senso;Asciutto;Asfaltata;Verticale ed orizzontale;Sereno;Normale;Buona;;7;0;0;1;12.584;41.8695;-1;2;Autovettura privata;In marcia / fermata / arresto;Conducente;F;Rifiuta cure immediate;0;NON DECEDUTO;Non accertato;Inesploso
5603419;8;21/09/2021 21:30:00;Strada Urbana;VIA CASILINA;in prossimit�;;del civico n.;1014;;Tamponamento Multiplo;Rettilineo;Una carreggiata a doppio senso;Asciutto;Asfaltata;Verticale ed orizzontale;Sereno;Normale;Buona;;7;0;0;1;12.584;41.8695;-1;2;Autovettura privata;In marcia / fermata / arresto;Passeggero;F;Rifiuta cure immediate;0;NON DECEDUTO;Non accertato;Inesploso
5603419;8;21/09/2021 21:30:00;Strada Urbana;VIA CASILINA;in prossimit�;;del civico n.;1014;;Tamponamento Multiplo;Rettilineo;Una carreggiata a doppio senso;Asciutto;Asfaltata;Verticale ed orizzontale;Sereno;Normale;Buona;;7;0;0;1;12.584;41.8695;-1;3;Autovettura privata;In marcia / fermata / arresto;Conducente;F;Rifiuta cure immediate;0;NON DECEDUTO;Non accertato;Inesploso
5603419;8;21/09/2021 21:30:00;Strada Urbana;VIA CASILINA;in prossimit�;;del civico n.;1014;;Tamponamento Multiplo;Rettilineo;Una carreggiata a doppio senso;Asciutto;Asfaltata;Verticale ed orizzontale;Sereno;Normale;Buona;;7;0;0;1;12.584;41.8695;-1;3;Autovettura privata;In marcia / fermata / arresto;Passeggero;F;Rifiuta cure immediate;0;NON DECEDUTO;Non accertato;Inesploso
5603419;8;21/09/2021 21:30:00;Strada Urbana;VIA CASILINA;in prossimit�;;del civico n.;1014;;Tamponamento Multiplo;Rettilineo;Una carreggiata a doppio senso;Asciutto;Asfaltata;Verticale ed orizzontale;Sereno;Normale;Buona;;7;0;0;1;12.584;41.8695;-1;3;Autovettura privata;In marcia / fermata / arresto;Passeggero;F;Rifiuta cure immediate;0;NON DECEDUTO;Non accertato;Inesploso
5603419;8;21/09/2021 21:30:00;Strada Urbana;VIA CASILINA;in prossimit�;;del civico n.;1014;;Tamponamento Multiplo;Rettilineo;Una carreggiata a doppio senso;Asciutto;Asfaltata;Verticale ed orizzontale;Sereno;Normale;Buona;;7;0;0;1;12.584;41.8695;-1;3;Autovettura privata;In marcia / fermata / arresto;Passeggero;F;Rifiuta cure immediate;0;NON DECEDUTO;Non accertato;Inesploso
5603420;8;21/09/2021 23:25:00;Statale entro l'abitato;VIA CASILINA;in prossimit�;;del civico n.;1116;;Tamponamento;Rettilineo;Una carreggiata a doppio senso;Asciutto;Asfaltata;Orizzontale;Sereno;Scarso;Buona;;3;0;0;1;12.5986;41.8658;-1;1;Autovettura privata;In marcia / fermata / arresto;Conducente;F;Rifiuta cure immediate;0;NON DECEDUTO;;
5603420;8;21/09/2021 23:25:00;Statale entro l'abitato;VIA CASILINA;in prossimit�;;del civico n.;1116;;Tamponamento;Rettilineo;Una carreggiata a doppio senso;Asciutto;Asfaltata;Orizzontale;Sereno;Scarso;Buona;;3;0;0;1;12.5986;41.8658;-1;1;Autovettura privata;In marcia / fermata / arresto;Passeggero;M;Rimandato;0;NON DECEDUTO;;
5603420;8;21/09/2021 23:25:00;Statale entro l'abitato;VIA CASILINA;in prossimit�;;del civico n.;1116;;Tamponamento;Rettilineo;Una carreggiata a doppio senso;Asciutto;Asfaltata;Orizzontale;Sereno;Scarso;Buona;;3;0;0;1;12.5986;41.8658;-1;1;Autovettura privata;In marcia / fermata / arresto;Passeggero;M;Rifiuta cure immediate;0;NON DECEDUTO;;
5603420;8;21/09/2021 23:25:00;Statale entro l'abitato;VIA CASILINA;in prossimit�;;del civico n.;1116;;Tamponamento;Rettilineo;Una carreggiata a doppio senso;Asciutto;Asfaltata;Orizzontale;Sereno;Scarso;Buona;;3;0;0;1;12.5986;41.8658;-1;2;Autovettura privata;In marcia / fermata / arresto;Conducente;M;Illeso;0;;;
5603491;9;22/09/2021 02:15:00;Strada Urbana;VIA TUSCOLANA;in corrispondenza;;del civico n.;726;;Veicolo in marcia contro veicolo in sosta;Curva a visuale libera;Una carreggiata a senso unico di marcia;Asciutto;Asfaltata;Verticale ed orizzontale;Sereno;Scarso;Sufficiente;;0;0;0;0;12.5427;41.8652;-1;1;Autovettura privata;In marcia / fermata / arresto;;;;;;;
5603491;9;22/09/2021 02:15:00;Strada Urbana;VIA TUSCOLANA;in corrispondenza;;del civico n.;726;;Veicolo in marcia contro veicolo in sosta;Curva a visuale libera;Una carreggiata a senso unico di marcia;Asciutto;Asfaltata;Verticale ed orizzontale;Sereno;Scarso;Sufficiente;;0;0;0;0;12.5427;41.8652;-1;2;Autocarro inferiore 35 q.;Sosta;;;;;;;
5603520;11;21/09/2021 08:55:00;Strada Urbana;VIA ARDEATINA;in corrispondenza;;del civico n.;342;;Tamponamento Multiplo;Rettilineo;Una carreggiata a doppio senso;Asciutto;Asfaltata;Verticale ed orizzontale;Sereno;Normale;Buona;;0;0;0;3;12.5164;41.8417;-1;1;Autovettura privata;In marcia / fermata / arresto;Conducente;F;Illeso;0;;Non accertato;
5603520;11;21/09/2021 08:55:00;Strada Urbana;VIA ARDEATINA;in corrispondenza;;del civico n.;342;;Tamponamento Multiplo;Rettilineo;Una carreggiata a doppio senso;Asciutto;Asfaltata;Verticale ed orizzontale;Sereno;Normale;Buona;;0;0;0;3;12.5164;41.8417;-1;2;Autovettura privata;In marcia / fermata / arresto;Conducente;F;Illeso;0;;Non accertato;
5603520;11;21/09/2021 08:55:00;Strada Urbana;VIA ARDEATINA;in corrispondenza;;del civico n.;342;;Tamponamento Multiplo;Rettilineo;Una carreggiata a doppio senso;Asciutto;Asfaltata;Verticale ed orizzontale;Sereno;Normale;Buona;;0;0;0;3;12.5164;41.8417;-1;3;Autovettura privata;In marcia / fermata / arresto;Conducente;M;Illeso;0;;Non accertato;
5603521;15;21/09/2021 18:30:00;Strada Urbana;VIA DEL TRULLO;all'intersezione con;VIA SARZANA;VIA SARZANA;;;Scontro frontale/laterale DX fra veicoli in marcia;Intersezione non regolata/non segnalata;Una carreggiata a doppio senso;Asciutto;Asfaltata;Assente;Sereno;Normale;Buona;;2;0;0;1;12.4368;41.843;-1;1;Motociclo con passeggero;In marcia / fermata / arresto;Conducente;M;Rimandato;0;NON DECEDUTO;Non accertato;
5603521;15;21/09/2021 18:30:00;Strada Urbana;VIA DEL TRULLO;all'intersezione con;VIA SARZANA;VIA SARZANA;;;Scontro frontale/laterale DX fra veicoli in marcia;Intersezione non regolata/non segnalata;Una carreggiata a doppio senso;Asciutto;Asfaltata;Assente;Sereno;Normale;Buona;;2;0;0;1;12.4368;41.843;-1;1;Motociclo con passeggero;In marcia / fermata / arresto;Passeggero;F;Rimandato;0;NON DECEDUTO;Non accertato;
5603521;15;21/09/2021 18:30:00;Strada Urbana;VIA DEL TRULLO;all'intersezione con;VIA SARZANA;VIA SARZANA;;;Scontro frontale/laterale DX fra veicoli in marcia;Intersezione non regolata/non segnalata;Una carreggiata a doppio senso;Asciutto;Asfaltata;Assente;Sereno;Normale;Buona;;2;0;0;1;12.4368;41.843;-1;2;Autovettura privata;In marcia / fermata / arresto;Conducente;F;Illeso;0;;Non accertato;Inesploso
5603541;20;21/09/2021 10:15:00;Strada Urbana;VIA CASSIA;in corrispondenza;;del civico n.;1286;;Tamponamento;Rettilineo;Una carreggiata a senso unico di marcia;Asciutto;Asfaltata;Verticale ed orizzontale;Sereno;Intenso;Buona;;1;0;0;1;12.4081;41.9845;-1;1;Autovettura privata;In marcia / fermata / arresto;Conducente;F;Illeso;0;;Non accertato;
5603541;20;21/09/2021 10:15:00;Strada Urbana;VIA CASSIA;in corrispondenza;;del civico n.;1286;;Tamponamento;Rettilineo;Una carreggiata a senso unico di marcia;Asciutto;Asfaltata;Verticale ed orizzontale;Sereno;Intenso;Buona;;1;0;0;1;12.4081;41.9845;-1;2;Motociclo a solo;In marcia / fermata / arresto;Conducente;M;Ricoverato;0;NON DECEDUTO;Non accertato;