Protocollo;Gruppo;DataOraIncidente;Localizzazione1;STRADA1;Localizzazione2;STRADA2;Strada02;Chilometrica;DaSpecificare;NaturaIncidente;particolaritastrade;TipoStrada;FondoStradale;Pavimentazione;Segnaletica;CondizioneAtmosferica;Traffico;Visibilita;Illuminazione;NUM_FERITI;NUM_RISERVATA;NUM_MORTI;NUM_ILLESI;Longitudine;Latitudine;Confermato;Progressivo;TipoVeicolo;StatoVeicolo;TipoPersona;Sesso;Tipolesione;Deceduto;DecedutoDopo;CinturaCascoUtilizzato;Airbag;
5603781;7;21/09/2021 18:55:00;Strada Urbana;VIA MOLFETTA;all'intersezione con;VIALE ALESSANDRINO;VIALE ALESSANDRINO;;;Scontro frontale/laterale DX fra veicoli in marcia;Incrocio;Una carreggiata a doppio senso;Asciutto;Asfaltata;Verticale ed orizzontale;Sereno;Normale;Buona;;1;0;0;2;12.5764;41.89;-1;2;Autovettura privata;In marcia / fermata / arresto;Conducente;M;Illeso;0;;Non accertato;Inesploso
5603794;5;21/09/2021 08:45:00;Strada Urbana;NUOVA CIRCONVALLAZIONE INTERNA;da specificare;;;;dir. S. Giovanni 200 mt prima di uscita via Tiburt;Infortunio per sola frenata improvvisa;Rettilineo;Due carreggiate;Asciutto;Asfaltata;Orizzontale;Sereno;Normale;Buona;;1;0;0;0;12.5329;41.9106;-1;1;Motociclo a solo;In marcia / fermata / arresto;Conducente;M;Rimandato;0;NON DECEDUTO;Non accertato;
5603798;1;21/09/2021 20:15:00;Strada Urbana;PIAZZA TESTACCIO;all'intersezione con;VIA ALDO MANUZIO;VIA ALDO MANUZIO;;;Scontro frontale/laterale DX fra veicoli in marcia;Intersezione stradale segnalata;Una carreggiata a senso unico di marcia;Asciutto;Asfaltata;Verticale;Sereno;Scarso;Sufficiente;;1;0;0;1;12.4768;41.8793;-1;1;Autovettura privata;In marcia / fermata / arresto;Conducente;M;Illeso;0;;;
5603798;1;21/09/2021 20:15:00;Strada Urbana;PIAZZA TESTACCIO;all'intersezione con;VIA ALDO MANUZIO;VIA ALDO MANUZIO;;;Scontro frontale/laterale DX fra veicoli in marcia;Intersezione stradale segnalata;Una carreggiata a senso unico di marcia;Asciutto;Asfaltata;Verticale;Sereno;Scarso;Sufficiente;;1;0;0;1;12.4768;41.8793;-1;2;Motociclo a solo;In marcia / fermata / arresto;Conducente;M;Rimandato;0;NON DECEDUTO;;
5603808;10;21/09/2021 08:00:00;Strada Urbana;VIA TUSCOLANA;all'intersezione con;VIA CARTAGINE;VIA CARTAGINE;;;Scontro frontale fra veicoli in marcia;Incrocio;Due carreggiate;Asciutto;Asfaltata;Verticale ed orizzontale;Sereno;Normale;Buona;;0;0;0;2;12.5526;41.862;-1;1;Autovettura privata;In marcia / fermata / arresto;Conducente;F;Illeso;0;;Non accertato;Inesploso
5603808;10;21/09/2021 08:00:00;Strada Urbana;VIA TUSCOLANA;all'intersezione con;VIA CARTAGINE;VIA CARTAGINE;;;Scontro frontale fra veicoli in marcia;Incrocio;Due carreggiate;Asciutto;Asfaltata;Verticale ed orizzontale;Sereno;Normale;Buona;;0;0;0;2;12.5526;41.862;-1;2;Autocarro inferiore 35 q.;In marcia / fermata / arresto;Conducente;M;Illeso;0;;Non accertato;Inesploso
5603811;5;21/09/2021 14:20:00;Strada Urbana;VIA TIBURTINA;da specificare;;;;prossimit� via S. Polo dei Cavalieri;Scontro laterale fra veicoli in marcia;Rettilineo;Pi� di due carreggiate;Asciutto;Asfaltata;Orizzontale;Sereno;Normale;Buona;;0;0;0;5;12.544;41.9086;-1;1;Autocarro inferiore 35 q.;In marcia / fermata / arresto;Conducente;M;Illeso;0;;Non accertato;
5603811;5;21/09/2021 14:20:00;Strada Urbana;VIA TIBURTINA;da specificare;;;;prossimit� via S. Polo dei Cavalieri;Scontro laterale fra veicoli in marcia;Rettilineo;Pi� di due carreggiate;Asciutto;Asfaltata;Orizzontale;Sereno;Normale;Buona;;0;0;0;5;12.544;41.9086;-1;1;Autocarro inferiore 35 q.;In marcia / fermata / arresto;Passeggero;M;Illeso;0;;Non accertato;
5603811;5;21/09/2021 14:20:00;Strada Urbana;VIA TIBURTINA;da specificare;;;;prossimit� via S. Polo dei Cavalieri;Scontro laterale fra veicoli in marcia;Rettilineo;Pi� di due carreggiate;Asciutto;Asfaltata;Orizzontale;Sereno;Normale;Buona;;0;0;0;5;12.544;41.9086;-1;2;Autovettura privata;In marcia / fermata / arresto;Conducente;M;Illeso;0;;Non accertato;
5603811;5;21/09/2021 14:20:00;Strada Urbana;VIA TIBURTINA;da specificare;;;;prossimit� via S. Polo dei Cavalieri;Scontro laterale fra veicoli in marcia;Rettilineo;Pi� di due carreggiate;Asciutto;Asfaltata;Orizzontale;Sereno;Normale;Buona;;0;0;0;5;12.544;41.9086;-1;2;Autovettura privata;In marcia / fermata / arresto;Passeggero;F;Illeso;0;;Non accertato;
5603811;5;21/09/2021 14:20:00;Strada Urbana;VIA TIBURTINA;da specificare;;;;prossimit� via S. Polo dei Cavalieri;Scontro laterale fra veicoli in marcia;Rettilineo;Pi� di due carreggiate;Asciutto;Asfaltata;Orizzontale;Sereno;Normale;Buona;;0;0;0;5;12.544;41.9086;-1;2;Autovettura privata;In marcia / fermata / arresto;Passeggero;F;Illeso;0;;Non accertato;
5603824;7;21/09/2021 22:30:00;Strada Urbana;VIALE PALMIRO TOGLIATTI;all'intersezione con;VIA DEI PAMPINI;VIA DEI PAMPINI;;;Scontro frontale fra veicoli in marcia;Intersezione non regolata/non segnalata;Due carreggiate;Asciutto;Asfaltata;Verticale ed orizzontale;Sereno;Normale;Buona;;1;0;0;1;12.5733;41.8872;-1;1;Autovettura privata;In marcia / fermata / arresto;Conducente;M;Illeso;0;;;
5603824;7;21/09/2021 22:30:00;Strada Urbana;VIALE PALMIRO TOGLIATTI;all'intersezione con;VIA DEI PAMPINI;VIA DEI PAMPINI;;;Scontro frontale fra veicoli in marcia;Intersezione non regolata/non segnalata;Due carreggiate;Asciutto;Asfaltata;Verticale ed orizzontale;Sereno;Normale;Buona;;1;0;0;1;12.5733;41.8872;-1;2;Motociclo a solo;In marcia / fermata / arresto;Conducente;M;Rimandato;0;NON DECEDUTO;;
5603827;5;21/09/2021 10:10:00;Strada Urbana;VIA MONTEGIORGIO;all'intersezione con;VIA RECANATI;VIA RECANATI;;;Scontro laterale fra veicoli in marcia;Incrocio;Due carreggiate;Asciutto;Asfaltata;Verticale ed orizzontale;Sereno;Scarso;Buona;;1;0;0;3;12.587;41.9412;-1;1;Motociclo a solo;In marcia / fermata / arresto;Conducente;M;Ricoverato;0;NON DECEDUTO;Non accertato;
5603827;5;21/09/2021 10:10:00;Strada Urbana;VIA MONTEGIORGIO;all'intersezione con;VIA RECANATI;VIA RECANATI;;;Scontro laterale fra veicoli in marcia;Incrocio;Due carreggiate;Asciutto;Asfaltata;Verticale ed orizzontale;Sereno;Scarso;Buona;;1;0;0;3;12.587;41.9412;-1;2;Autovettura privata;In marcia / fermata / arresto;Conducente;F;Illeso;0;;Non accertato;Inesploso
5603827;5;21/09/2021 10:10:00;Strada Urbana;VIA MONTEGIORGIO;all'intersezione con;VIA RECANATI;VIA RECANATI;;;Scontro laterale fra veicoli in marcia;Incrocio;Due carreggiate;Asciutto;Asfaltata;Verticale ed orizzontale;Sereno;Scarso;Buona;;1;0;0;3;12.587;41.9412;-1;2;Autovettura privata;In marcia / fermata / arresto;Passeggero;F;Illeso;0;;Non accertato;Inesploso
5603827;5;21/09/2021 10:10:00;Strada Urbana;VIA MONTEGIORGIO;all'intersezione con;VIA RECANATI;VIA RECANATI;;;Scontro laterale fra veicoli in marcia;Incrocio;Due carreggiate;Asciutto;Asfaltata;Verticale ed orizzontale;Sereno;Scarso;Buona;;1;0;0;3;12.587;41.9412;-1;2;Autovettura privata;In marcia / fermata / arresto;Passeggero;M;Illeso;0;;Non accertato;Inesploso
5603829;7;21/09/2021 18:15:00;Strada Urbana;VIA DI TOR TRE TESTE;in corrispondenza;;del palo luce n.;63;;Tamponamento Multiplo;Rettilineo;Una carreggiata a doppio senso;Asciutto;Asfaltata;Orizzontale;Sereno;Normale;Buona;;0;0;0;3;12.5917;41.8811;-1;1;Autovettura privata;In marcia / fermata / arresto;Conducente;M;Illeso;0;;Non accertato;Inesploso
5603829;7;21/09/2021 18:15:00;Strada Urbana;VIA DI TOR TRE TESTE;in corrispondenza;;del palo luce n.;63;;Tamponamento Multiplo;Rettilineo;Una carreggiata a doppio senso;Asciutto;Asfaltata;Orizzontale;Sereno;Normale;Buona;;0;0;0;3;12.5917;41.8811;-1;2;Autovettura privata;In marcia / fermata / arresto;Conducente;M;Illeso;0;;Non accertato;Inesploso
5603829;7;21/09/2021 18:15:00;Strada Urbana;VIA DI TOR TRE TESTE;in corrispondenza;;del palo luce n.;63;;Tamponamento Multiplo;Rettilineo;Una carreggiata a doppio senso;Asciutto;Asfaltata;Orizzontale;Sereno;Normale;Buona;;0;0;0;3;12.5917;41.8811;-1;3;Autovettura privata;In marcia / fermata / arresto;Conducente;F;Illeso;0;;Non accertato;Esploso
5603830;13;21/09/2021 07:50:00;;VIALE CRISTOFORO COLOMBO;da specificare;;;;alt. km 20,980;Scontro laterale fra veicoli in marcia;;;;;;;;;;1;0;0;2;12.3779;41.7598;0;1;Autovettura privata;In marcia / fermata / arresto;Conducente;F;Illeso;0;;Non accertato;Inesploso
5603830;13;21/09/2021 07:50:00;;VIALE CRISTOFORO COLOMBO;da specificare;;;;alt. km 20,980;Scontro laterale fra veicoli in marcia;;;;;;;;;;1;0;0;2;12.3779;41.7598;0;1;Autovettura privata;In marcia / fermata / arresto;Passeggero;M;Illeso;0;;Non accertato;Inesploso
5603830;13;21/09/2021 07:50:00;;VIALE CRISTOFORO COLOMBO;da specificare;;;;alt. km 20,980;Scontro laterale fra veicoli in marcia;;;;;;;;;;1;0;0;2;12.3779;41.7598;0;2;Motociclo a solo;In marcia / fermata / arresto;Conducente;M;Rimandato;0;NON DECEDUTO;;
5603847;17;21/09/2021 23:10:00;Strada Urbana;VIA QUINTINO SELLA;all'intersezione con;VIA SALLUSTIANA;VIA SALLUSTIANA;;;Scontro laterale fra veicoli in marcia;Intersezione stradale segnalata;Una carreggiata a senso unico di marcia;Asciutto;Asfaltata;Verticale ed orizzontale;Sereno;Scarso;Buona;;0;0;0;4;12.4957;41.9077;-1;1;Autovettura privata;In marcia / fermata / arresto;Conducente;M;Illeso;0;;;
5603847;17;21/09/2021 23:10:00;Strada Urbana;VIA QUINTINO SELLA;all'intersezione con;VIA SALLUSTIANA;VIA SALLUSTIANA;;;Scontro laterale fra veicoli in marcia;Intersezione stradale segnalata;Una carreggiata a senso unico di marcia;Asciutto;Asfaltata;Verticale ed orizzontale;Sereno;Scarso;Buona;;0;0;0;4;12.4957;41.9077;-1;1;Autovettura privata;In marcia / fermata / arresto;Passeggero;F;Illeso;0;;Non accertato;
5603847;17;21/09/2021 23:10:00;Strada Urbana;VIA QUINTINO SELLA;all'intersezione con;VIA SALLUSTIANA;VIA SALLUSTIANA;;;Scontro laterale fra veicoli in marcia;Intersezione stradale segnalata;Una carreggiata a senso unico di marcia;Asciutto;Asfaltata;Verticale ed orizzontale;Sereno;Scarso;Buona;;0;0;0;4;12.4957;41.9077;-1;2;Autovettura privata;In marcia / fermata / arresto;Conducente;M;Illeso;0;;Non accertato;
5603847;17;21/09/2021 23:10:00;Strada Urbana;VIA QUINTINO SELLA;all'intersezione con;VIA SALLUSTIANA;VIA SALLUSTIANA;;;Scontro laterale fra veicoli in marcia;Intersezione stradale segnalata;Una carreggiata a senso unico di marcia;Asciutto;Asfaltata;Verticale ed orizzontale;Sereno;Scarso;Buona;;0;0;0;4;12.4957;41.9077;-1;2;Autovettura privata;In marcia / fermata / arresto;Passeggero;M;Illeso;0;;Non accertato;
5603849;19;21/09/2021 08:40:00;Strada Urbana;VIA TRIONFALE;in corrispondenza;;del civico n.;10104;;Scontro laterale fra veicoli in marcia;Rettilineo;Una carreggiata a doppio senso;Asciutto;Asfaltata;Verticale ed orizzontale;Sereno;Intenso;Buona;;1;0;0;1;12.4124;41.9509;-1;1;Motociclo a solo;In marcia / fermata / arresto;Conducente;M;Rimandato;0;NON DECEDUTO;Non accertato;
5603849;19;21/09/2021 08:40:00;Strada Urbana;VIA TRIONFALE;in corrispondenza;;del civico n.;10104;;Scontro laterale fra veicoli in marcia;Rettilineo;Una carreggiata a doppio senso;Asciutto;Asfaltata;Verticale ed orizzontale;Sereno;Intenso;Buona;;1;0;0;1;12.4124;41.9509;-1;2;Autovettura privata;In marcia / fermata / arresto;Conducente;M;Illeso;0;;Non accertato;Inesploso
5603849;19;21/09/2021 08:40:00;Strada Urbana;VIA TRIONFALE;in corrispondenza;;del civico n.;10104;;Scontro laterale fra veicoli in marcia;Rettilineo;Una carreggiata a doppio senso;Asciutto;Asfaltata;Verticale ed orizzontale;Sereno;Intenso;Buona;;1;0;0;1;12.4124;41.9509;-1;3;Autovettura privata;Allontanatosi;;;;;;;
5603860;12;22/09/2021 00:40:00;Altra strada;VIA PONTINA;da specificare;;;;Altezza Campo Nomadi km 24,00;Veicolo in marcia contro ostacolo accidentale;Rettilineo;Due carreggiate;Asciutto;Asfaltata;Verticale ed orizzontale;Sereno;Scarso;Insufficiente;;0;0;0;1;12.4522;41.794;-1;1;Autovettura privata;In marcia / fermata / arresto;Conducente;M;Illeso;0;;Utilizzato;Inesploso
5603862;4;21/09/2021 22:50:00;Strada Urbana;VIALE SORA LELLA;da specificare;;;;fronte Palo Acea n� 43;Fuoriuscita dalla sede stradale;Rettilineo;Due carreggiate;Asciutto;Asfaltata;Verticale ed orizzontale;Sereno;Scarso;Buona;;1;0;0;0;12.5698;41.9522;-1;1;Autovettura privata;In marcia / fermata / arresto;Conducente;M;Rimandato;0;NON DECEDUTO;;
5603919;10;21/09/2021 19:35:00;Strada Urbana;VIA STATILIO OTTATO;in corrispondenza;;del civico n.;20;;Investimento di pedone;Rettilineo;Una carreggiata a senso unico di marcia;Asciutto;Asfaltata;Verticale ed orizzontale;Sereno;Normale;Buona;;1;0;0;0;12.5666;41.855;-1;;;;Pedone;F;Rimandato;0;NON DECEDUTO;;
5603919;10;21/09/2021 19:35:00;Strada Urbana;VIA STATILIO OTTATO;in corrispondenza;;del civico n.;20;;Investimento di pedone;Rettilineo;Una carreggiata a senso unico di marcia;Asciutto;Asfaltata;Verticale ed orizzontale;Sereno;Normale;Buona;;1;0;0;0;12.5666;41.855;-1;1;Autovettura privata;Allontanatosi;;;;;;;
5603924;12;21/09/2021 19:00:00;Strada Urbana;VIALE DELL'UMANESIMO;all'intersezione con;PIAZZALE DELL'UMANESIMO;PIAZZALE DELL'UMANESIMO;;;Scontro frontale/laterale SX fra veicoli in marcia;Intersezione semaforizzata;Una carreggiata a doppio senso;Asciutto;Asfaltata;Verticale ed orizzontale;Sereno;Normale;Buona;;1;0;0;1;12.4716;41.8226;-1;1;Autovettura privata;In marcia / fermata / arresto;Conducente;F;Illeso;0;;Non accertato;Inesploso
5603924;12;21/09/2021 19:00:00;Strada Urbana;VIALE DELL'UMANESIMO;all'intersezione con;PIAZZALE DELL'UMANESIMO;PIAZZALE DELL'UMANESIMO;;;Scontro frontale/laterale SX fra veicoli in marcia;Intersezione semaforizzata;Una carreggiata a doppio senso;Asciutto;Asfaltata;Verticale ed orizzontale;Sereno;Normale;Buona;;1;0;0;1;12.4716;41.8226;-1;2;Motociclo a solo;In marcia / fermata / arresto;Conducente;M;Rimandato;0;NON DECEDUTO;Non accertato;
5603925;17;21/09/2021 18:40:00;;VIA CIPRO;da specificare;;;;PIAZZALE ANTISTANTE METRO A USCITA VIA DELLA MELOR;Investimento di pedone;;;;;;;;;;1;0;0;0;12.447;41.9068;0;;;;Pedone;F;Rimandato;0;NON DECEDUTO;;
5603925;17;21/09/2021 18:40:00;;VIA CIPRO;da specificare;;;;PIAZZALE ANTISTANTE METRO A USCITA VIA DELLA MELOR;Investimento di pedone;;;;;;;;;;1;0;0;0;12.447;41.9068;0;1;Altro;Allontanatosi;;;;;;;
5603927;5;21/09/2021 16:05:00;Strada Urbana;VIA DI PIETRALATA;in corrispondenza;;del civico n.;436;;Scontro frontale/laterale SX fra veicoli in marcia;Rettilineo;Una carreggiata a doppio senso;Asciutto;Asfaltata;Orizzontale;Sereno;Normale;Buona;;0;0;0;2;12.5556;41.9155;-1;1;Autovettura privata;In marcia / fermata / arresto;Conducente;M;Illeso;0;;Non accertato;Inesploso
5603927;5;21/09/2021 16:05:00;Strada Urbana;VIA DI PIETRALATA;in corrispondenza;;del civico n.;436;;Scontro frontale/laterale SX fra veicoli in marcia;Rettilineo;Una carreggiata a doppio senso;Asciutto;Asfaltata;Orizzontale;Sereno;Normale;Buona;;0;0;0;2;12.5556;41.9155;-1;2;Autovettura privata;In marcia / fermata / arresto;Conducente;M;Illeso;0;;Non accertato;Inesploso
5603933;19;21/09/2021 13:00:00;Strada Urbana;VIA TRIONFALE;in corrispondenza;;del civico n.;8167;;Scontro laterale fra veicoli in marcia;Rettilineo;Una carreggiata a senso unico di marcia;Asciutto;Asfaltata;Verticale ed orizzontale;Sereno;Intenso;Buona;;0;0;0;3;12.4285;41.9372;-1;1;Autocarro inferiore 35 q.;In marcia / fermata / arresto;Conducente;M;Illeso;0;;Non accertato;Inesploso
5603933;19;21/09/2021 13:00:00;Strada Urbana;VIA TRIONFALE;in corrispondenza;;del civico n.;8167;;Scontro laterale fra veicoli in marcia;Rettilineo;Una carreggiata a senso unico di marcia;Asciutto;Asfaltata;Verticale ed orizzontale;Sereno;Intenso;Buona;;0;0;0;3;12.4285;41.9372;-1;1;Autocarro inferiore 35 q.;In marcia / fermata / arresto;Passeggero;M;Illeso;0;;Non accertato;Inesploso
5603933;19;21/09/2021 13:00:00;Strada Urbana;VIA TRIONFALE;in corrispondenza;;del civico n.;8167;;Scontro laterale fra veicoli in marcia;Rettilineo;Una carreggiata a senso unico di marcia;Asciutto;Asfaltata;Verticale ed orizzontale;Sereno;Intenso;Buona;;0;0;0;3;12.4285;41.9372;-1;2;Autovettura privata;In marcia / fermata / arresto;Conducente;M;Illeso;0;;Non accertato;Inesploso
5603935;1;21/09/2021 09:30:00;Strada Urbana;PIAZZA DI PONTE UMBERTO I;all'intersezione semaforizzata con;LUNGOTEVERE MARZIO;LUNGOTEVERE MARZIO;;;Investimento di pedone;Intersezione semaforizzata;Una carreggiata a senso unico di marcia;Asciutto;Asfaltata;Verticale ed orizzontale;Sereno;Intenso;Buona;;1;0;0;1;;;0;;;;Pedone;F;Rimandato;0;NON DECEDUTO;;
5603935;1;21/09/2021 09:30:00;Strada Urbana;PIAZZA DI PONTE UMBERTO I;all'intersezione semaforizzata con;LUNGOTEVERE MARZIO;LUNGOTEVERE MARZIO;;;Investimento di pedone;Intersezione semaforizzata;Una carreggiata a senso unico di marcia;Asciutto;Asfaltata;Verticale ed orizzontale;Sereno;Intenso;Buona;;1;0;0;1;;;0;1;Motociclo a solo;In marcia / fermata / arresto;Conducente;M;Illeso;0;;;
5603939;5;21/09/2021 15:45:00;Strada Urbana;VIA GIUSEPPE GOVONE;da specificare;;;;prossimit� via Marselli;Veicolo in marcia contro veicolo in sosta;Rettilineo;Una carreggiata a senso unico di marcia;Asciutto;Asfaltata;Orizzontale;Sereno;Scarso;Buona;;0;0;0;1;12.5355;41.8974;-1;1;Autovettura privata;Sosta;;;;;;;
5603939;5;21/09/2021 15:45:00;Strada Urbana;VIA GIUSEPPE GOVONE;da specificare;;;;prossimit� via Marselli;Veicolo in marcia contro veicolo in sosta;Rettilineo;Una carreggiata a senso unico di marcia;Asciutto;Asfaltata;Orizzontale;Sereno;Scarso;Buona;;0;0;0;1;12.5355;41.8974;-1;2;Autocarro inferiore 35 q.;In marcia / fermata / arresto;Conducente;M;Illeso;0;;Non accertato;Inesploso
5604000;2;21/09/2021 08:15:00;Strada Urbana;VIA NOMENTANA;in corrispondenza;;del civico n.;188;;Veicolo in marcia contro veicoli in sosta;Rettilineo;Una carreggiata a doppio senso;Asciutto;Asfaltata;Verticale ed orizzontale;Sereno;Intenso;Buona;;0;0;0;1;12.5202;41.9233;-1;1;Autocarro inferiore 35 q.;In marcia / fermata / arresto;Conducente;M;Illeso;0;;;
5604000;2;21/09/2021 08:15:00;Strada Urbana;VIA NOMENTANA;in corrispondenza;;del civico n.;188;;Veicolo in marcia contro veicoli in sosta;Rettilineo;Una carreggiata a doppio senso;Asciutto;Asfaltata;Verticale ed orizzontale;Sereno;Intenso;Buona;;0;0;0;1;12.5202;41.9233;-1;2;Autovettura privata;Sosta;;;;;;;
5604007;2;21/09/2021 09:35:00;Strada Urbana;VIALE XVII OLIMPIADE;da specificare;;;;fr. VIA U. SOVIETICA - carreggiata centrale;Veicolo in marcia contro veicolo in sosta;Rettilineo;Pi� di due carreggiate;Asciutto;Asfaltata;Verticale ed orizzontale;Sereno;Normale;Buona;;0;0;0;1;12.4708;41.9319;-1;1;Autovettura privata;In marcia / fermata / arresto;Conducente;F;Illeso;0;;;
5604007;2;21/09/2021 09:35:00;Strada Urbana;VIALE XVII OLIMPIADE;da specificare;;;;fr. VIA U. SOVIETICA - carreggiata centrale;Veicolo in marcia contro veicolo in sosta;Rettilineo;Pi� di due carreggiate;Asciutto;Asfaltata;Verticale ed orizzontale;Sereno;Normale;Buona;;0;0;0;1;12.4708;41.9319;-1;2;Autovettura privata;Sosta;;;;;;;
5604011;2;21/09/2021 08:20:00;Strada Urbana;VIA DALMAZIA;in prossimit�;;del civico n.;28;;Investimento di pedone;Rettilineo;Una carreggiata a doppio senso;Asciutto;Asfaltata;Verticale ed orizzontale;Sereno;Intenso;Buona;;1;0;0;1;12.505;41.915;-1;;;;Pedone;F;Rimandato;0;NON DECEDUTO;;
5604011;2;21/09/2021 08:20:00;Strada Urbana;VIA DALMAZIA;in prossimit�;;del civico n.;28;;Investimento di pedone;Rettilineo;Una carreggiata a doppio senso;Asciutto;Asfaltata;Verticale ed orizzontale;Sereno;Intenso;Buona;;1;0;0;1;12.505;41.915;-1;1;Motociclo a solo;In marcia / fermata / arresto;Conducente;M;Illeso;0;;;
5604013;19;21/09/2021 16:45:00;Strada Urbana;VIA DI BOCCEA;all'intersezione con;VIA DI CASAL SELCE;VIA DI CASAL SELCE;;;Scontro frontale/laterale SX fra veicoli in marcia;Incrocio;Una carreggiata a doppio senso;Asciutto;Asfaltata;Verticale ed orizzontale;Sereno;Normale;Buona;;0;0;0;2;12.3533;41.928;-1;1;Autovettura privata;In marcia / fermata / arresto;Conducente;M;Illeso;0;;;
5604013;19;21/09/2021 16:45:00;Strada Urbana;VIA DI BOCCEA;all'intersezione con;VIA DI CASAL SELCE;VIA DI CASAL SELCE;;;Scontro frontale/laterale SX fra veicoli in marcia;Incrocio;Una carreggiata a doppio senso;Asciutto;Asfaltata;Verticale ed orizzontale;Sereno;Normale;Buona;;0;0;0;2;12.3533;41.928;-1;2;Autocarro inferiore 35 q.;In marcia / fermata / arresto;Conducente;M;Illeso;0;;;
5604014;13;21/09/2021 18:40:00;Strada Urbana;VIALE DEI ROMAGNOLI;all'intersezione con;VIA GIUSEPPE BERNARDO GAMBARO;VIA GIUSEPPE BERNARDO GAMBARO;;;Scontro frontale/laterale SX fra veicoli in marcia;Incrocio;Una carreggiata a doppio senso;Asciutto;Asfaltata;Assente;Sereno;Normale;Sufficiente;;1;0;0;1;12.3545;41.7813;-1;1;Autovettura privata;In marcia / fermata / arresto;Conducente;M;Illeso;0;;;
5604014;13;21/09/2021 18:40:00;Strada Urbana;VIALE DEI ROMAGNOLI;all'intersezione con;VIA GIUSEPPE BERNARDO GAMBARO;VIA GIUSEPPE BERNARDO GAMBARO;;;Scontro frontale/laterale SX fra veicoli in marcia;Incrocio;Una carreggiata a doppio senso;Asciutto;Asfaltata;Assente;Sereno;Normale;Sufficiente;;1;0;0;1;12.3545;41.7813;-1;2;Motociclo a solo;In marcia / fermata / arresto;Conducente;M;Rimandato;0;NON DECEDUTO;;
5604024;2;21/09/2021 14:50:00;Strada Urbana;VIA NOMENTANA;in corrispondenza;;del civico n.;146;;Infortunio per sola frenata improvvisa;Rettilineo;Una carreggiata a senso unico alternato;Asciutto;Asfaltata;Verticale ed orizzontale;Sereno;Scarso;Buona;;1;0;0;1;12.519;41.9219;-1;1;Monopattino elettrico;In marcia / fermata / arresto;Conducente;M;Illeso;0;;Non accertato;Inesistente
5604024;2;21/09/2021 14:50:00;Strada Urbana;VIA NOMENTANA;in corrispondenza;;del civico n.;146;;Infortunio per sola frenata improvvisa;Rettilineo;Una carreggiata a senso unico alternato;Asciutto;Asfaltata;Verticale ed orizzontale;Sereno;Scarso;Buona;;1;0;0;1;12.519;41.9219;-1;2;Monopattino elettrico;In marcia / fermata / arresto;Conducente;F;Rimandato;0;NON DECEDUTO;Non accertato;Inesistente
5604028;2;21/09/2021 20:00:00;Strada Urbana;VIALE REGINA MARGHERITA;in prossimit�;;del civico n.;240;;Veicolo in marcia contro veicolo fermo;Rettilineo;Due carreggiate;Asciutto;Asfaltata;Verticale ed orizzontale;Sereno;Normale;Buona;;1;0;0;1;12.5059;41.9133;-1;1;Autovettura privata;In marcia / fermata / arresto;Conducente;M;Illeso;0;;Non accertato;Inesploso
5604028;2;21/09/2021 20:00:00;Strada Urbana;VIALE REGINA MARGHERITA;in prossimit�;;del civico n.;240;;Veicolo in marcia contro veicolo fermo;Rettilineo;Due carreggiate;Asciutto;Asfaltata;Verticale ed orizzontale;Sereno;Normale;Buona;;1;0;0;1;12.5059;41.9133;-1;2;Monopattino elettrico;In marcia / fermata / arresto;Conducente;M;Rimandato;0;NON DECEDUTO;Non accertato;Inesploso
5604029;2;21/09/2021 12:00:00;Strada Urbana;VIALE PARIOLI;in corrispondenza;;del civico n.;71A;;Investimento di pedone;Rettilineo;Una carreggiata a doppio senso;Asciutto;Asfaltata;Temporanea di cantiere;Sereno;Normale;Buona;;1;0;0;1;12.4872;41.9258;-1;;;;Pedone;M;Rimandato;0;NON DECEDUTO;;
5604029;2;21/09/2021 12:00:00;Strada Urbana;VIALE PARIOLI;in corrispondenza;;del civico n.;71A;;Investimento di pedone;Rettilineo;Una carreggiata a doppio senso;Asciutto;Asfaltata;Temporanea di cantiere;Sereno;Normale;Buona;;1;0;0;1;12.4872;41.9258;-1;1;Autovettura pubblica;In marcia / fermata / arresto;Conducente;M;Illeso;0;;;
5604033;2;21/09/2021 10:15:00;Strada Urbana;CORSO D'ITALIA;all'intersezione semaforizzata con;VIA PO;VIA PO;;;Scontro laterale fra veicoli in marcia;Intersezione semaforizzata;Pi� di due carreggiate;Asciutto;Asfaltata;Verticale ed orizzontale;Sereno;Normale;Buona;;0;0;0;2;12.5243;41.9076;-1;1;Autovettura privata;In marcia / fermata / arresto;Conducente;M;Illeso;0;;Non accertato;Inesploso
5604033;2;21/09/2021 10:15:00;Strada Urbana;CORSO D'ITALIA;all'intersezione semaforizzata con;VIA PO;VIA PO;;;Scontro laterale fra veicoli in marcia;Intersezione semaforizzata;Pi� di due carreggiate;Asciutto;Asfaltata;Verticale ed orizzontale;Sereno;Normale;Buona;;0;0;0;2;12.5243;41.9076;-1;2;Autovettura privata;In marcia / fermata / arresto;Conducente;M;Illeso;0;;Non accertato;Inesploso
5604051;2;21/09/2021 14:54:00;Strada Urbana;PIAZZA UNGHERIA;all'intersezione semaforizzata con;VIALE ROMANIA;VIALE ROMANIA;;;Scontro laterale fra veicoli in marcia;Incrocio;Una carreggiata a doppio senso;Asciutto;Asfaltata;Verticale ed orizzontale;Sereno;Normale;Buona;;0;0;0;2;12.4926;41.9224;-1;1;Autovettura privata;In marcia / fermata / arresto;Conducente;M;Illeso;0;;Non accertato;Inesploso