Protocollo;Gruppo;DataOraIncidente;Localizzazione1;STRADA1;Localizzazione2;STRADA2;Strada02;Chilometrica;DaSpecificare;NaturaIncidente;particolaritastrade;TipoStrada;FondoStradale;Pavimentazione;Segnaletica;CondizioneAtmosferica;Traffico;Visibilita;Illuminazione;NUM_FERITI;NUM_RISERVATA;NUM_MORTI;NUM_ILLESI;Longitudine;Latitudine;Confermato;Progressivo;TipoVeicolo;StatoVeicolo;TipoPersona;Sesso;Tipolesione;Deceduto;DecedutoDopo;CinturaCascoUtilizzato;Airbag;
5605762;20;22/09/2021 16:50:00;Regionale entro l'abitato;VIA CASSIA;all'intersezione con;VIA SILLA;VIA SILLA;;;Tamponamento;Incrocio;Una carreggiata a doppio senso;Asciutto;Asfaltata;Verticale ed orizzontale;Sereno;Normale;Buona;;0;0;0;3;12.4137;41.9828;-1;2;Autovettura privata;In marcia / fermata / arresto;Conducente;M;Illeso;0;;Non accertato;
5605763;6;23/09/2021 01:15:00;Strada Urbana;VIA CASILINA;all'intersezione semaforizzata con;VIA DI VERMICINO;VIA DI VERMICINO;;;Scontro frontale/laterale DX fra veicoli in marcia;Intersezione semaforizzata;Una carreggiata a doppio senso;Asciutto;Asfaltata;Verticale ed orizzontale;Sereno;Scarso;Sufficiente;;1;0;0;3;12.6696;41.8641;-1;1;Autovettura privata;In marcia / fermata / arresto;Conducente;M;Illeso;0;;Non accertato;Inesploso
5605763;6;23/09/2021 01:15:00;Strada Urbana;VIA CASILINA;all'intersezione semaforizzata con;VIA DI VERMICINO;VIA DI VERMICINO;;;Scontro frontale/laterale DX fra veicoli in marcia;Intersezione semaforizzata;Una carreggiata a doppio senso;Asciutto;Asfaltata;Verticale ed orizzontale;Sereno;Scarso;Sufficiente;;1;0;0;3;12.6696;41.8641;-1;2;Autovettura privata;In marcia / fermata / arresto;Conducente;M;Illeso;0;;Non accertato;Inesploso
5605763;6;23/09/2021 01:15:00;Strada Urbana;VIA CASILINA;all'intersezione semaforizzata con;VIA DI VERMICINO;VIA DI VERMICINO;;;Scontro frontale/laterale DX fra veicoli in marcia;Intersezione semaforizzata;Una carreggiata a doppio senso;Asciutto;Asfaltata;Verticale ed orizzontale;Sereno;Scarso;Sufficiente;;1;0;0;3;12.6696;41.8641;-1;2;Autovettura privata;In marcia / fermata / arresto;Passeggero;M;Illeso;0;;Non accertato;Inesploso
5605763;6;23/09/2021 01:15:00;Strada Urbana;VIA CASILINA;all'intersezione semaforizzata con;VIA DI VERMICINO;VIA DI VERMICINO;;;Scontro frontale/laterale DX fra veicoli in marcia;Intersezione semaforizzata;Una carreggiata a doppio senso;Asciutto;Asfaltata;Verticale ed orizzontale;Sereno;Scarso;Sufficiente;;1;0;0;3;12.6696;41.8641;-1;2;Autovettura privata;In marcia / fermata / arresto;Passeggero;M;Rifiuta cure immediate;0;NON DECEDUTO;Non accertato;Inesploso
5605764;20;22/09/2021 06:15:00;Statale entro l'abitato;VIA CASSIA;da specificare;;;;prossimit� fermata Atac Cassia/Formellese;Veicolo in marcia contro ostacolo accidentale;Rettilineo;Una carreggiata a doppio senso;Asciutto;Asfaltata;Verticale ed orizzontale;Sereno;Normale;Buona;;0;0;0;1;12.4137;41.9828;-1;1;Autovettura privata;In marcia / fermata / arresto;Conducente;M;Illeso;0;;Non accertato;Inesploso
5605767;8;22/09/2021 09:30:00;Strada Urbana;VIA BUSCEMI;in prossimit�;;del civico n.;96;;Scontro laterale fra veicoli in marcia;Rettilineo;Una carreggiata a doppio senso;Asciutto;Asfaltata;Orizzontale;Sereno;Normale;Buona;;0;0;0;2;12.6579;41.8665;-1;1;Autovettura privata;In marcia / fermata / arresto;Conducente;M;Illeso;0;;Non accertato;Inesploso
5605767;8;22/09/2021 09:30:00;Strada Urbana;VIA BUSCEMI;in prossimit�;;del civico n.;96;;Scontro laterale fra veicoli in marcia;Rettilineo;Una carreggiata a doppio senso;Asciutto;Asfaltata;Orizzontale;Sereno;Normale;Buona;;0;0;0;2;12.6579;41.8665;-1;2;Autovettura privata;In marcia / fermata / arresto;Conducente;M;Illeso;0;;Non accertato;Inesploso
5605776;8;22/09/2021 15:40:00;Strada Urbana;VIALE DELLA SORBONA;da specificare;;;;inversione di marcia Via Stanford;Scontro frontale/laterale SX fra veicoli in marcia;Rettilineo;Una carreggiata a senso unico di marcia;Asciutto;Asfaltata;Verticale ed orizzontale;Sereno;Normale;Buona;;1;0;0;3;12.612;41.8546;-1;1;Autovettura privata;In marcia / fermata / arresto;Conducente;F;Illeso;0;;Non accertato;Inesploso
5605776;8;22/09/2021 15:40:00;Strada Urbana;VIALE DELLA SORBONA;da specificare;;;;inversione di marcia Via Stanford;Scontro frontale/laterale SX fra veicoli in marcia;Rettilineo;Una carreggiata a senso unico di marcia;Asciutto;Asfaltata;Verticale ed orizzontale;Sereno;Normale;Buona;;1;0;0;3;12.612;41.8546;-1;1;Autovettura privata;In marcia / fermata / arresto;Passeggero;M;Illeso;0;;Non accertato;Inesploso
5605776;8;22/09/2021 15:40:00;Strada Urbana;VIALE DELLA SORBONA;da specificare;;;;inversione di marcia Via Stanford;Scontro frontale/laterale SX fra veicoli in marcia;Rettilineo;Una carreggiata a senso unico di marcia;Asciutto;Asfaltata;Verticale ed orizzontale;Sereno;Normale;Buona;;1;0;0;3;12.612;41.8546;-1;2;Autovettura privata;In marcia / fermata / arresto;Conducente;F;Rifiuta cure immediate;0;NON DECEDUTO;Non accertato;Inesploso
5605776;8;22/09/2021 15:40:00;Strada Urbana;VIALE DELLA SORBONA;da specificare;;;;inversione di marcia Via Stanford;Scontro frontale/laterale SX fra veicoli in marcia;Rettilineo;Una carreggiata a senso unico di marcia;Asciutto;Asfaltata;Verticale ed orizzontale;Sereno;Normale;Buona;;1;0;0;3;12.612;41.8546;-1;2;Autovettura privata;In marcia / fermata / arresto;Passeggero;M;Illeso;0;;Non accertato;Inesploso
5605784;20;22/09/2021 08:15:00;Strada Urbana;VIA CASSIA;in prossimit�;;del civico n.;978;;Scontro frontale/laterale DX fra veicoli in marcia;Rettilineo;Una carreggiata a doppio senso;Asciutto;Asfaltata;Verticale ed orizzontale;Sereno;Intenso;Buona;;0;0;0;4;12.4302;41.9734;-1;1;Autovettura privata;In marcia / fermata / arresto;Conducente;M;Illeso;0;;Non accertato;Inesploso
5605784;20;22/09/2021 08:15:00;Strada Urbana;VIA CASSIA;in prossimit�;;del civico n.;978;;Scontro frontale/laterale DX fra veicoli in marcia;Rettilineo;Una carreggiata a doppio senso;Asciutto;Asfaltata;Verticale ed orizzontale;Sereno;Intenso;Buona;;0;0;0;4;12.4302;41.9734;-1;1;Autovettura privata;In marcia / fermata / arresto;Passeggero;M;Illeso;0;;Non accertato;Inesploso
5605784;20;22/09/2021 08:15:00;Strada Urbana;VIA CASSIA;in prossimit�;;del civico n.;978;;Scontro frontale/laterale DX fra veicoli in marcia;Rettilineo;Una carreggiata a doppio senso;Asciutto;Asfaltata;Verticale ed orizzontale;Sereno;Intenso;Buona;;0;0;0;4;12.4302;41.9734;-1;2;Motociclo con passeggero;In marcia / fermata / arresto;Conducente;M;Illeso;0;;Non accertato;
5605784;20;22/09/2021 08:15:00;Strada Urbana;VIA CASSIA;in prossimit�;;del civico n.;978;;Scontro frontale/laterale DX fra veicoli in marcia;Rettilineo;Una carreggiata a doppio senso;Asciutto;Asfaltata;Verticale ed orizzontale;Sereno;Intenso;Buona;;0;0;0;4;12.4302;41.9734;-1;2;Motociclo con passeggero;In marcia / fermata / arresto;Passeggero;M;Illeso;0;;Non accertato;
5605789;8;22/09/2021 17:15:00;Strada Urbana;VIA DOMANICO;all'intersezione con;VIA SELLIA;VIA SELLIA;;;Scontro frontale/laterale SX fra veicoli in marcia;Intersezione stradale segnalata;Una carreggiata a doppio senso;Asciutto;Asfaltata;Verticale ed orizzontale;Sereno;Scarso;Buona;;0;0;0;2;12.6864;41.8717;-1;1;Autovettura privata;In marcia / fermata / arresto;Conducente;F;Illeso;0;;Non accertato;Inesploso
5605789;8;22/09/2021 17:15:00;Strada Urbana;VIA DOMANICO;all'intersezione con;VIA SELLIA;VIA SELLIA;;;Scontro frontale/laterale SX fra veicoli in marcia;Intersezione stradale segnalata;Una carreggiata a doppio senso;Asciutto;Asfaltata;Verticale ed orizzontale;Sereno;Scarso;Buona;;0;0;0;2;12.6864;41.8717;-1;2;Autovettura privata;In marcia / fermata / arresto;Conducente;F;Illeso;0;;Non accertato;Inesploso
5605796;19;22/09/2021 17:45:00;Strada Urbana;VIA ALFONSO GALLO;in corrispondenza;;del civico n.;53;;Investimento di pedone;Rettilineo;Una carreggiata a senso unico di marcia;Asciutto;Asfaltata;Verticale;Sereno;Scarso;Buona;;1;0;0;0;12.403;41.9597;-1;;;;Pedone;M;Rimandato;0;NON DECEDUTO;;
5605796;19;22/09/2021 17:45:00;Strada Urbana;VIA ALFONSO GALLO;in corrispondenza;;del civico n.;53;;Investimento di pedone;Rettilineo;Una carreggiata a senso unico di marcia;Asciutto;Asfaltata;Verticale;Sereno;Scarso;Buona;;1;0;0;0;12.403;41.9597;-1;1;Velocipede;Allontanatosi;;;;;;;
5605797;8;22/09/2021 18:20:00;Strada Urbana;PIAZZA LORENZO NOTTOLINI;da specificare;;;;prossimit� via G. Colonnetti;Scontro frontale/laterale SX fra veicoli in marcia;Rettilineo;Una carreggiata a senso unico di marcia;Asciutto;Asfaltata;Verticale ed orizzontale;Sereno;Normale;Buona;;0;0;0;3;12.6521;41.9124;-1;1;Autovettura privata;In marcia / fermata / arresto;Conducente;M;Illeso;0;;Non accertato;Inesploso
5605797;8;22/09/2021 18:20:00;Strada Urbana;PIAZZA LORENZO NOTTOLINI;da specificare;;;;prossimit� via G. Colonnetti;Scontro frontale/laterale SX fra veicoli in marcia;Rettilineo;Una carreggiata a senso unico di marcia;Asciutto;Asfaltata;Verticale ed orizzontale;Sereno;Normale;Buona;;0;0;0;3;12.6521;41.9124;-1;1;Autovettura privata;In marcia / fermata / arresto;Passeggero;F;Illeso;0;;Non accertato;Inesploso
5605797;8;22/09/2021 18:20:00;Strada Urbana;PIAZZA LORENZO NOTTOLINI;da specificare;;;;prossimit� via G. Colonnetti;Scontro frontale/laterale SX fra veicoli in marcia;Rettilineo;Una carreggiata a senso unico di marcia;Asciutto;Asfaltata;Verticale ed orizzontale;Sereno;Normale;Buona;;0;0;0;3;12.6521;41.9124;-1;2;Autovettura privata;In marcia / fermata / arresto;Conducente;F;Illeso;0;;Non accertato;Inesploso
5605801;8;22/09/2021 18:55:00;Strada Urbana;VIALE NUSCO;da specificare;;;;prossimit� Via Foglianise;Investimento di pedone;Rettilineo;Due carreggiate;Asciutto;Asfaltata;Orizzontale;Sereno;Normale;Buona;;1;0;0;1;12.6305;41.8917;-1;;;;Pedone;F;Ricoverato;0;NON DECEDUTO;;
5605801;8;22/09/2021 18:55:00;Strada Urbana;VIALE NUSCO;da specificare;;;;prossimit� Via Foglianise;Investimento di pedone;Rettilineo;Due carreggiate;Asciutto;Asfaltata;Orizzontale;Sereno;Normale;Buona;;1;0;0;1;12.6305;41.8917;-1;1;Autovettura privata;In marcia / fermata / arresto;Conducente;M;Illeso;0;;;
5605809;8;22/09/2021 19:50:00;Strada Urbana;VIA DEL FOSSO DI S. MAURA;all'intersezione con;VIALE ANTONIO CIAMARRA;VIALE ANTONIO CIAMARRA;;;Scontro frontale fra veicoli in marcia;Incrocio;Una carreggiata a doppio senso;Asciutto;Asfaltata;Verticale ed orizzontale;Sereno;Normale;Sufficiente;;0;0;0;2;12.5915;41.8587;-1;1;Autovettura privata;In marcia / fermata / arresto;Conducente;F;Illeso;0;;Non accertato;Inesploso
5605809;8;22/09/2021 19:50:00;Strada Urbana;VIA DEL FOSSO DI S. MAURA;all'intersezione con;VIALE ANTONIO CIAMARRA;VIALE ANTONIO CIAMARRA;;;Scontro frontale fra veicoli in marcia;Incrocio;Una carreggiata a doppio senso;Asciutto;Asfaltata;Verticale ed orizzontale;Sereno;Normale;Sufficiente;;0;0;0;2;12.5915;41.8587;-1;2;Autovettura privata;In marcia / fermata / arresto;Conducente;M;Illeso;0;;Non accertato;Inesploso
5605818;20;22/09/2021 13:35:00;Provinciale;VIA BRACCIANENSE;in corrispondenza;;del civico n.;939;;Scontro frontale/laterale DX fra veicoli in marcia;Rettilineo;Una carreggiata a doppio senso;Asciutto;Asfaltata;Orizzontale;Sereno;Normale;Buona;;2;0;0;0;12.2887;42.0316;-1;1;Autovettura privata;In marcia / fermata / arresto;Conducente;M;Rimandato;0;NON DECEDUTO;Non accertato;
5605818;20;22/09/2021 13:35:00;Provinciale;VIA BRACCIANENSE;in corrispondenza;;del civico n.;939;;Scontro frontale/laterale DX fra veicoli in marcia;Rettilineo;Una carreggiata a doppio senso;Asciutto;Asfaltata;Orizzontale;Sereno;Normale;Buona;;2;0;0;0;12.2887;42.0316;-1;2;Autovettura privata;In marcia / fermata / arresto;Conducente;M;Rimandato;0;NON DECEDUTO;;
5605824;8;22/09/2021 22:00:00;Strada Urbana;VIA CASILINA;in prossimit�;;del civico n.;1116;;Scontro laterale fra veicoli in marcia;Rettilineo;Una carreggiata a doppio senso;Asciutto;Asfaltata;Verticale ed orizzontale;Sereno;Normale;Buona;;2;0;0;2;12.5986;41.8658;-1;1;Motociclo a solo;In marcia / fermata / arresto;Conducente;M;Ricoverato;0;NON DECEDUTO;;
5605824;8;22/09/2021 22:00:00;Strada Urbana;VIA CASILINA;in prossimit�;;del civico n.;1116;;Scontro laterale fra veicoli in marcia;Rettilineo;Una carreggiata a doppio senso;Asciutto;Asfaltata;Verticale ed orizzontale;Sereno;Normale;Buona;;2;0;0;2;12.5986;41.8658;-1;2;Autovettura privata;In marcia / fermata / arresto;Conducente;M;Illeso;0;;;
5605824;8;22/09/2021 22:00:00;Strada Urbana;VIA CASILINA;in prossimit�;;del civico n.;1116;;Scontro laterale fra veicoli in marcia;Rettilineo;Una carreggiata a doppio senso;Asciutto;Asfaltata;Verticale ed orizzontale;Sereno;Normale;Buona;;2;0;0;2;12.5986;41.8658;-1;2;Autovettura privata;In marcia / fermata / arresto;Passeggero;F;Rimandato;0;NON DECEDUTO;;
5605824;8;22/09/2021 22:00:00;Strada Urbana;VIA CASILINA;in prossimit�;;del civico n.;1116;;Scontro laterale fra veicoli in marcia;Rettilineo;Una carreggiata a doppio senso;Asciutto;Asfaltata;Verticale ed orizzontale;Sereno;Normale;Buona;;2;0;0;2;12.5986;41.8658;-1;3;Autovettura privata;In marcia / fermata / arresto;Conducente;M;Illeso;0;;;
5605825;15;22/09/2021 16:50:00;Strada Urbana;VIA DELLA MAGLIANA;all'intersezione con;PIAZZA ANTONIO MEUCCI;PIAZZA ANTONIO MEUCCI;;;Scontro laterale fra veicoli in marcia;Intersezione semaforizzata;Due carreggiate;Asciutto;Asfaltata;Verticale ed orizzontale;Sereno;Intenso;Buona;;0;0;0;3;12.4196;41.8317;-1;1;Autovettura privata;In marcia / fermata / arresto;Conducente;F;Illeso;0;;Non accertato;Inesploso
5605825;15;22/09/2021 16:50:00;Strada Urbana;VIA DELLA MAGLIANA;all'intersezione con;PIAZZA ANTONIO MEUCCI;PIAZZA ANTONIO MEUCCI;;;Scontro laterale fra veicoli in marcia;Intersezione semaforizzata;Due carreggiate;Asciutto;Asfaltata;Verticale ed orizzontale;Sereno;Intenso;Buona;;0;0;0;3;12.4196;41.8317;-1;1;Autovettura privata;In marcia / fermata / arresto;Passeggero;M;Illeso;0;;;Inesploso
5605825;15;22/09/2021 16:50:00;Strada Urbana;VIA DELLA MAGLIANA;all'intersezione con;PIAZZA ANTONIO MEUCCI;PIAZZA ANTONIO MEUCCI;;;Scontro laterale fra veicoli in marcia;Intersezione semaforizzata;Due carreggiate;Asciutto;Asfaltata;Verticale ed orizzontale;Sereno;Intenso;Buona;;0;0;0;3;12.4196;41.8317;-1;2;Autovettura privata;In marcia / fermata / arresto;Conducente;F;Illeso;0;;Non accertato;Inesploso
5605833;10;22/09/2021 13:00:00;Strada Urbana;VIA CISBERTO VECCHI;in corrispondenza;;del civico n.;21;;Veicolo in marcia contro veicolo in sosta;Rettilineo;Una carreggiata a senso unico di marcia;Asciutto;Asfaltata;Verticale ed orizzontale;Sereno;Scarso;Buona;;0;0;0;1;12.5931;41.8479;-1;1;Autovettura privata;In marcia / fermata / arresto;Conducente;M;Illeso;0;;;
5605833;10;22/09/2021 13:00:00;Strada Urbana;VIA CISBERTO VECCHI;in corrispondenza;;del civico n.;21;;Veicolo in marcia contro veicolo in sosta;Rettilineo;Una carreggiata a senso unico di marcia;Asciutto;Asfaltata;Verticale ed orizzontale;Sereno;Scarso;Buona;;0;0;0;1;12.5931;41.8479;-1;2;Autovettura privata;Sosta;;;;;;;
5605837;11;22/09/2021 14:10:00;Strada Urbana;VIA ALESSANDRA MACINGHI STROZZI;in prossimit�;;del civico n.;13;;Scontro frontale/laterale SX fra veicoli in marcia;Rettilineo;Una carreggiata a doppio senso;Asciutto;Asfaltata;Verticale ed orizzontale;Sereno;Normale;Buona;;2;0;0;2;12.4902;41.8594;-1;1;Motociclo a solo;In marcia / fermata / arresto;Conducente;M;Rimandato;0;NON DECEDUTO;;
5605837;11;22/09/2021 14:10:00;Strada Urbana;VIA ALESSANDRA MACINGHI STROZZI;in prossimit�;;del civico n.;13;;Scontro frontale/laterale SX fra veicoli in marcia;Rettilineo;Una carreggiata a doppio senso;Asciutto;Asfaltata;Verticale ed orizzontale;Sereno;Normale;Buona;;2;0;0;2;12.4902;41.8594;-1;1;Motociclo a solo;In marcia / fermata / arresto;Passeggero;M;Rimandato;0;NON DECEDUTO;;
5605837;11;22/09/2021 14:10:00;Strada Urbana;VIA ALESSANDRA MACINGHI STROZZI;in prossimit�;;del civico n.;13;;Scontro frontale/laterale SX fra veicoli in marcia;Rettilineo;Una carreggiata a doppio senso;Asciutto;Asfaltata;Verticale ed orizzontale;Sereno;Normale;Buona;;2;0;0;2;12.4902;41.8594;-1;2;Autovettura privata;In marcia / fermata / arresto;Conducente;M;Illeso;0;;;
5605837;11;22/09/2021 14:10:00;Strada Urbana;VIA ALESSANDRA MACINGHI STROZZI;in prossimit�;;del civico n.;13;;Scontro frontale/laterale SX fra veicoli in marcia;Rettilineo;Una carreggiata a doppio senso;Asciutto;Asfaltata;Verticale ed orizzontale;Sereno;Normale;Buona;;2;0;0;2;12.4902;41.8594;-1;2;Autovettura privata;In marcia / fermata / arresto;Passeggero;M;Illeso;0;;;
5605841;20;22/09/2021 10:10:00;Strada Urbana;VIA FLAMINIA NUOVA;da specificare;;;;prossimit� km. 7,900;Tamponamento Multiplo;Rettilineo;Due carreggiate;Asciutto;Asfaltata;Verticale ed orizzontale;Sereno;Normale;Buona;;0;0;0;4;12.4792;41.9609;-1;1;Autovettura privata;In marcia / fermata / arresto;Conducente;M;Illeso;0;;Non accertato;Inesploso
5605841;20;22/09/2021 10:10:00;Strada Urbana;VIA FLAMINIA NUOVA;da specificare;;;;prossimit� km. 7,900;Tamponamento Multiplo;Rettilineo;Due carreggiate;Asciutto;Asfaltata;Verticale ed orizzontale;Sereno;Normale;Buona;;0;0;0;4;12.4792;41.9609;-1;2;Autovettura privata;In marcia / fermata / arresto;Conducente;M;Illeso;0;;Non accertato;Inesploso
5605841;20;22/09/2021 10:10:00;Strada Urbana;VIA FLAMINIA NUOVA;da specificare;;;;prossimit� km. 7,900;Tamponamento Multiplo;Rettilineo;Due carreggiate;Asciutto;Asfaltata;Verticale ed orizzontale;Sereno;Normale;Buona;;0;0;0;4;12.4792;41.9609;-1;2;Autovettura privata;In marcia / fermata / arresto;Passeggero;M;Illeso;0;;Non accertato;Inesploso
5605841;20;22/09/2021 10:10:00;Strada Urbana;VIA FLAMINIA NUOVA;da specificare;;;;prossimit� km. 7,900;Tamponamento Multiplo;Rettilineo;Due carreggiate;Asciutto;Asfaltata;Verticale ed orizzontale;Sereno;Normale;Buona;;0;0;0;4;12.4792;41.9609;-1;3;Autovettura privata;In marcia / fermata / arresto;Conducente;M;Illeso;0;;Non accertato;Inesploso
5605842;4;23/09/2021 00:30:00;Strada Urbana;VIALE DI TOR DI QUINTO;in prossimit�;;del civico n.;60;;Scontro frontale fra veicoli in marcia;Rettilineo;Una carreggiata a doppio senso;Asciutto;Asfaltata;Verticale;Sereno;Normale;Buona;;2;0;0;0;12.4777;41.9378;-1;1;Autovettura privata;In marcia / fermata / arresto;Conducente;F;Rimandato;0;NON DECEDUTO;;
5605842;4;23/09/2021 00:30:00;Strada Urbana;VIALE DI TOR DI QUINTO;in prossimit�;;del civico n.;60;;Scontro frontale fra veicoli in marcia;Rettilineo;Una carreggiata a doppio senso;Asciutto;Asfaltata;Verticale;Sereno;Normale;Buona;;2;0;0;0;12.4777;41.9378;-1;2;Motociclo a solo;In marcia / fermata / arresto;Conducente;M;Ricoverato;0;NON DECEDUTO;;
5605843;6;22/09/2021 16:00:00;Strada Urbana;VIA AUGUSTO DULCERI;in prossimit�;;del civico n.;48c;;Veicolo in marcia contro veicolo in sosta;Rettilineo;Una carreggiata a doppio senso;Asciutto;Asfaltata;Orizzontale;Sereno;Normale;Buona;;0;0;0;1;12.5359;41.8845;-1;1;Autovettura privata;In marcia / fermata / arresto;Conducente;M;Illeso;0;;Non accertato;Inesploso
5605843;6;22/09/2021 16:00:00;Strada Urbana;VIA AUGUSTO DULCERI;in prossimit�;;del civico n.;48c;;Veicolo in marcia contro veicolo in sosta;Rettilineo;Una carreggiata a doppio senso;Asciutto;Asfaltata;Orizzontale;Sereno;Normale;Buona;;0;0;0;1;12.5359;41.8845;-1;2;Motociclo a solo;Sosta;;;;;;;
5605854;15;22/09/2021 19:30:00;Strada Urbana;VIA GIOVANNI VOLPATO;all'intersezione con;PIAZZA DELLA RADIO;PIAZZA DELLA RADIO;;;Scontro laterale fra veicoli in marcia;Intersezione semaforizzata;Due carreggiate;Asciutto;Asfaltata;Verticale ed orizzontale;Sereno;Normale;Buona;;0;0;0;3;12.4674;41.8714;-1;1;Autovettura privata;In marcia / fermata / arresto;Conducente;M;Illeso;0;;Non accertato;Inesploso
5605854;15;22/09/2021 19:30:00;Strada Urbana;VIA GIOVANNI VOLPATO;all'intersezione con;PIAZZA DELLA RADIO;PIAZZA DELLA RADIO;;;Scontro laterale fra veicoli in marcia;Intersezione semaforizzata;Due carreggiate;Asciutto;Asfaltata;Verticale ed orizzontale;Sereno;Normale;Buona;;0;0;0;3;12.4674;41.8714;-1;1;Autovettura privata;In marcia / fermata / arresto;Passeggero;F;Illeso;0;;Non accertato;Inesploso
5605854;15;22/09/2021 19:30:00;Strada Urbana;VIA GIOVANNI VOLPATO;all'intersezione con;PIAZZA DELLA RADIO;PIAZZA DELLA RADIO;;;Scontro laterale fra veicoli in marcia;Intersezione semaforizzata;Due carreggiate;Asciutto;Asfaltata;Verticale ed orizzontale;Sereno;Normale;Buona;;0;0;0;3;12.4674;41.8714;-1;1;Autovettura privata;In marcia / fermata / arresto;Passeggero;F;Illeso;0;;Non accertato;Inesploso
5605854;15;22/09/2021 19:30:00;Strada Urbana;VIA GIOVANNI VOLPATO;all'intersezione con;PIAZZA DELLA RADIO;PIAZZA DELLA RADIO;;;Scontro laterale fra veicoli in marcia;Intersezione semaforizzata;Due carreggiate;Asciutto;Asfaltata;Verticale ed orizzontale;Sereno;Normale;Buona;;0;0;0;3;12.4674;41.8714;-1;2;Autoarticolato;Allontanatosi;;;;;;;
5605860;11;22/09/2021 15:30:00;Strada Urbana;PIAZZA DEL GAZOMETRO;all'intersezione con;VIA OSTIENSE;VIA OSTIENSE;;;Tamponamento;Intersezione stradale segnalata;Pi� di due carreggiate;Asciutto;Asfaltata;Verticale ed orizzontale;Sereno;Scarso;Buona;;0;0;0;3;12.4796;41.8701;-1;1;Autovettura privata;In marcia / fermata / arresto;Conducente;M;Illeso;0;;;
5605860;11;22/09/2021 15:30:00;Strada Urbana;PIAZZA DEL GAZOMETRO;all'intersezione con;VIA OSTIENSE;VIA OSTIENSE;;;Tamponamento;Intersezione stradale segnalata;Pi� di due carreggiate;Asciutto;Asfaltata;Verticale ed orizzontale;Sereno;Scarso;Buona;;0;0;0;3;12.4796;41.8701;-1;1;Autovettura privata;In marcia / fermata / arresto;Passeggero;F;Illeso;0;;;
5605860;11;22/09/2021 15:30:00;Strada Urbana;PIAZZA DEL GAZOMETRO;all'intersezione con;VIA OSTIENSE;VIA OSTIENSE;;;Tamponamento;Intersezione stradale segnalata;Pi� di due carreggiate;Asciutto;Asfaltata;Verticale ed orizzontale;Sereno;Scarso;Buona;;0;0;0;3;12.4796;41.8701;-1;2;Autovettura privata;In marcia / fermata / arresto;Conducente;F;Illeso;0;;;
5605864;4;22/09/2021 08:30:00;Strada Urbana;VIA PUPELLA MAGGIO;da specificare;;;;pross. via G. Lombardo;Veicolo in marcia contro veicolo in sosta;Rettilineo;Una carreggiata a senso unico di marcia;Asciutto;Asfaltata;Verticale ed orizzontale;Sereno;Normale;Buona;;0;0;0;1;12.5313;41.9752;-1;1;Autovettura privata;Sosta;;;;;;;
5605864;4;22/09/2021 08:30:00;Strada Urbana;VIA PUPELLA MAGGIO;da specificare;;;;pross. via G. Lombardo;Veicolo in marcia contro veicolo in sosta;Rettilineo;Una carreggiata a senso unico di marcia;Asciutto;Asfaltata;Verticale ed orizzontale;Sereno;Normale;Buona;;0;0;0;1;12.5313;41.9752;-1;2;Autovettura privata;In marcia / fermata / arresto;Conducente;M;Illeso;0;;;
5605867;1;22/09/2021 00:30:00;Strada Urbana;VIA MACHIAVELLI;in corrispondenza;;del civico n.;7a;;Veicolo in marcia contro veicoli in sosta;Rettilineo;Una carreggiata a senso unico di marcia;Asciutto;Asfaltata;Verticale ed orizzontale;Sereno;Scarso;Buona;;0;0;0;0;12.5031;41.8924;-1;1;Autovettura privata;Allontanatosi;;;;;;;
5605867;1;22/09/2021 00:30:00;Strada Urbana;VIA MACHIAVELLI;in corrispondenza;;del civico n.;7a;;Veicolo in marcia contro veicoli in sosta;Rettilineo;Una carreggiata a senso unico di marcia;Asciutto;Asfaltata;Verticale ed orizzontale;Sereno;Scarso;Buona;;0;0;0;0;12.5031;41.8924;-1;2;Autovettura privata;Sosta;;;;;;;
5605867;1;22/09/2021 00:30:00;Strada Urbana;VIA MACHIAVELLI;in corrispondenza;;del civico n.;7a;;Veicolo in marcia contro veicoli in sosta;Rettilineo;Una carreggiata a senso unico di marcia;Asciutto;Asfaltata;Verticale ed orizzontale;Sereno;Scarso;Buona;;0;0;0;0;12.5031;41.8924;-1;3;Autovettura privata;Sosta;;;;;;;
5605872;6;22/09/2021 17:30:00;Provinciale entro l'abitato;VIA PRENESTINA;all'intersezione semaforizzata con;VIA GIROLAMO COCCONI;VIA GIROLAMO COCCONI;;;Scontro frontale/laterale SX fra veicoli in marcia;Intersezione semaforizzata;Pi� di due carreggiate;Asciutto;Asfaltata;Verticale ed orizzontale;Sereno;Intenso;Buona;;0;0;0;5;12.5631;41.8949;-1;1;Autovettura privata;In marcia / fermata / arresto;Conducente;M;Illeso;0;;Non accertato;Inesploso
5605872;6;22/09/2021 17:30:00;Provinciale entro l'abitato;VIA PRENESTINA;all'intersezione semaforizzata con;VIA GIROLAMO COCCONI;VIA GIROLAMO COCCONI;;;Scontro frontale/laterale SX fra veicoli in marcia;Intersezione semaforizzata;Pi� di due carreggiate;Asciutto;Asfaltata;Verticale ed orizzontale;Sereno;Intenso;Buona;;0;0;0;5;12.5631;41.8949;-1;2;Autovettura privata;In marcia / fermata / arresto;Conducente;M;Illeso;0;;Non accertato;Inesploso