Protocollo;Gruppo;DataOraIncidente;Localizzazione1;STRADA1;Localizzazione2;STRADA2;Strada02;Chilometrica;DaSpecificare;NaturaIncidente;particolaritastrade;TipoStrada;FondoStradale;Pavimentazione;Segnaletica;CondizioneAtmosferica;Traffico;Visibilita;Illuminazione;NUM_FERITI;NUM_RISERVATA;NUM_MORTI;NUM_ILLESI;Longitudine;Latitudine;Confermato;Progressivo;TipoVeicolo;StatoVeicolo;TipoPersona;Sesso;Tipolesione;Deceduto;DecedutoDopo;CinturaCascoUtilizzato;Airbag;
5606223;2;22/09/2021 16:50:00;Strada Urbana;LUNGOTEVERE FLAMINIO;in prossimit�;;del civico n.;2;;Scontro laterale fra veicoli in marcia;Rettilineo;Una carreggiata a doppio senso;Asciutto;Asfaltata;Verticale ed orizzontale;Sereno;Normale;Buona;;0;0;0;3;12.4718;41.9194;-1;2;Autovettura privata;In marcia / fermata / arresto;Passeggero;F;Illeso;0;;Non accertato;Inesploso
5606227;5;22/09/2021 16:25:00;Strada Urbana;VIA TIBURTINA;all'intersezione semaforizzata con;VIA VINCENZO MORELLO;VIA VINCENZO MORELLO;;;Scontro laterale fra veicoli in marcia;Incrocio;Pi� di due carreggiate;Asciutto;Asfaltata;Verticale ed orizzontale;Sereno;Intenso;Buona;;0;0;0;2;12.5398;41.9087;-1;1;Autovettura privata;In marcia / fermata / arresto;Conducente;F;Illeso;0;;Non accertato;
5606227;5;22/09/2021 16:25:00;Strada Urbana;VIA TIBURTINA;all'intersezione semaforizzata con;VIA VINCENZO MORELLO;VIA VINCENZO MORELLO;;;Scontro laterale fra veicoli in marcia;Incrocio;Pi� di due carreggiate;Asciutto;Asfaltata;Verticale ed orizzontale;Sereno;Intenso;Buona;;0;0;0;2;12.5398;41.9087;-1;2;Autovettura privata;In marcia / fermata / arresto;Conducente;F;Illeso;0;;Non accertato;
5606228;2;22/09/2021 19:40:00;Strada Urbana;VIALE GIOACCHINO ROSSINI;in prossimit�;;del civico n.;7c;;Veicolo in marcia contro ostacolo accidentale;Curva a visuale libera;Due carreggiate;Asciutto;Asfaltata;Verticale ed orizzontale;Sereno;Normale;Buona;;0;0;0;1;12.4919;41.9211;-1;1;Autovettura privata;In marcia / fermata / arresto;Conducente;F;Illeso;0;;Non accertato;Inesploso
5606249;5;22/09/2021 17:30:00;Strada Urbana;VIA CESARE RICOTTI;in corrispondenza;;del civico n.;6;;Veicolo in marcia contro veicolo fermo;Rettilineo;Una carreggiata a doppio senso;Asciutto;Asfaltata;Temporanea di cantiere;Sereno;Normale;Buona;;0;0;0;2;12.5356;41.8985;-1;1;Autovettura privata;In marcia / fermata / arresto;Conducente;F;Illeso;0;;Non accertato;
5606249;5;22/09/2021 17:30:00;Strada Urbana;VIA CESARE RICOTTI;in corrispondenza;;del civico n.;6;;Veicolo in marcia contro veicolo fermo;Rettilineo;Una carreggiata a doppio senso;Asciutto;Asfaltata;Temporanea di cantiere;Sereno;Normale;Buona;;0;0;0;2;12.5356;41.8985;-1;2;Autovettura privata;In marcia / fermata / arresto;Conducente;M;Illeso;0;;Non accertato;
5606273;5;23/09/2021 04:45:00;Strada Urbana;VIALE PALMIRO TOGLIATTI;da specificare;;;;alt.inv. di marcia A24 direz. Prenestina;Veicolo in marcia contro ostacolo fisso;Rettilineo;Due carreggiate;Asciutto;Asfaltata;Verticale ed orizzontale;Sereno;Scarso;Sufficiente;;0;0;0;1;12.5726;41.9081;-1;1;Autovettura privata;In marcia / fermata / arresto;Conducente;M;Illeso;0;;Non accertato;
5606278;18;21/09/2021 13:00:00;Strada Urbana;VIA ARONA;all'intersezione con;VIA DI CASALOTTI;VIA DI CASALOTTI;;;Scontro frontale/laterale SX fra veicoli in marcia;Incrocio;Una carreggiata a doppio senso;Asciutto;Asfaltata;Verticale ed orizzontale;Sereno;Normale;Buona;;0;0;0;1;12.371;41.9176;-1;1;Autovettura privata;In marcia / fermata / arresto;Conducente;F;Illeso;0;;Non accertato;Inesploso
5606278;18;21/09/2021 13:00:00;Strada Urbana;VIA ARONA;all'intersezione con;VIA DI CASALOTTI;VIA DI CASALOTTI;;;Scontro frontale/laterale SX fra veicoli in marcia;Incrocio;Una carreggiata a doppio senso;Asciutto;Asfaltata;Verticale ed orizzontale;Sereno;Normale;Buona;;0;0;0;1;12.371;41.9176;-1;2;Motociclo a solo;Allontanatosi;;;;;;;
5606283;9;23/09/2021 01:30:00;Strada Urbana;LARGO DON ORIONE;all'intersezione con;VIA ACQUI;VIA ACQUI;;;Scontro frontale/laterale SX fra veicoli in marcia;Incrocio;Una carreggiata a senso unico alternato;Asciutto;Asfaltata;Verticale ed orizzontale;Sereno;Scarso;Sufficiente;;1;0;0;1;12.516;41.8783;-1;1;Autovettura privata;In marcia / fermata / arresto;Conducente;M;Rimandato;0;NON DECEDUTO;Non accertato;Inesploso
5606283;9;23/09/2021 01:30:00;Strada Urbana;LARGO DON ORIONE;all'intersezione con;VIA ACQUI;VIA ACQUI;;;Scontro frontale/laterale SX fra veicoli in marcia;Incrocio;Una carreggiata a senso unico alternato;Asciutto;Asfaltata;Verticale ed orizzontale;Sereno;Scarso;Sufficiente;;1;0;0;1;12.516;41.8783;-1;2;Autovettura privata;In marcia / fermata / arresto;Conducente;M;Illeso;0;;Non accertato;Inesploso
5606351;10;22/09/2021 07:15:00;Strada Urbana;VIA TUSCOLANA;all'intersezione con;VIA DI VERMICINO;VIA DI VERMICINO;;;Scontro laterale fra veicoli in marcia;Incrocio;Una carreggiata a doppio senso;Asciutto;Asfaltata;Verticale;Sereno;Intenso;Buona;;0;0;0;2;12.6435;41.8226;-1;1;Autovettura privata;In marcia / fermata / arresto;Conducente;M;Illeso;0;;Non accertato;Inesploso
5606351;10;22/09/2021 07:15:00;Strada Urbana;VIA TUSCOLANA;all'intersezione con;VIA DI VERMICINO;VIA DI VERMICINO;;;Scontro laterale fra veicoli in marcia;Incrocio;Una carreggiata a doppio senso;Asciutto;Asfaltata;Verticale;Sereno;Intenso;Buona;;0;0;0;2;12.6435;41.8226;-1;2;Autocarro superiore 35 q.;In marcia / fermata / arresto;Conducente;M;Illeso;0;;Non accertato;Inesploso
5606354;23;22/09/2021 23:40:00;Strada Urbana;VIA DI VALLE AURELIA;in prossimit�;;del civico n.;257;;Veicolo in marcia contro veicoli in sosta;Curva senza visuale libera;Una carreggiata a doppio senso;Asciutto;Asfaltata;Assente;Sereno;Scarso;Buona;;0;0;0;1;12.4366;41.9055;-1;1;Autovettura privata;In marcia / fermata / arresto;Conducente;M;Illeso;0;;Non accertato;Esploso
5606354;23;22/09/2021 23:40:00;Strada Urbana;VIA DI VALLE AURELIA;in prossimit�;;del civico n.;257;;Veicolo in marcia contro veicoli in sosta;Curva senza visuale libera;Una carreggiata a doppio senso;Asciutto;Asfaltata;Assente;Sereno;Scarso;Buona;;0;0;0;1;12.4366;41.9055;-1;2;Autovettura privata;Sosta;;;;;;;
5606354;23;22/09/2021 23:40:00;Strada Urbana;VIA DI VALLE AURELIA;in prossimit�;;del civico n.;257;;Veicolo in marcia contro veicoli in sosta;Curva senza visuale libera;Una carreggiata a doppio senso;Asciutto;Asfaltata;Assente;Sereno;Scarso;Buona;;0;0;0;1;12.4366;41.9055;-1;3;Autovettura privata;Sosta;;;;;;;
5606370;23;23/09/2021 02:00:00;Strada Urbana;VIALE GIULIO AGRICOLA;all'intersezione con;VIALE ANICIO GALLO;VIALE ANICIO GALLO;;;Scontro laterale fra veicoli in marcia;Intersezione semaforizzata;Due carreggiate;Asciutto;Asfaltata;Verticale ed orizzontale;Sereno;Scarso;Buona;;0;0;0;5;12.5604;41.8548;-1;1;Autovettura privata;In marcia / fermata / arresto;Conducente;F;Illeso;0;;Utilizzato;Inesploso
5606370;23;23/09/2021 02:00:00;Strada Urbana;VIALE GIULIO AGRICOLA;all'intersezione con;VIALE ANICIO GALLO;VIALE ANICIO GALLO;;;Scontro laterale fra veicoli in marcia;Intersezione semaforizzata;Due carreggiate;Asciutto;Asfaltata;Verticale ed orizzontale;Sereno;Scarso;Buona;;0;0;0;5;12.5604;41.8548;-1;1;Autovettura privata;In marcia / fermata / arresto;Passeggero;F;Illeso;0;;Utilizzato;Inesploso
5606370;23;23/09/2021 02:00:00;Strada Urbana;VIALE GIULIO AGRICOLA;all'intersezione con;VIALE ANICIO GALLO;VIALE ANICIO GALLO;;;Scontro laterale fra veicoli in marcia;Intersezione semaforizzata;Due carreggiate;Asciutto;Asfaltata;Verticale ed orizzontale;Sereno;Scarso;Buona;;0;0;0;5;12.5604;41.8548;-1;2;Autovettura privata;In marcia / fermata / arresto;Conducente;M;Illeso;0;;Non accertato;Inesploso
5606398;23;22/09/2021 16:30:00;Strada Urbana;VIALE EUROPA;in corrispondenza;;del civico n.;92;;Investimento di pedone;Rettilineo;Una carreggiata a doppio senso;Asciutto;Asfaltata;Verticale ed orizzontale;Sereno;Normale;Buona;;0;0;0;3;12.4645;41.8321;-1;;;;Pedone;F;Illeso;0;;;
5606398;23;22/09/2021 16:30:00;Strada Urbana;VIALE EUROPA;in corrispondenza;;del civico n.;92;;Investimento di pedone;Rettilineo;Una carreggiata a doppio senso;Asciutto;Asfaltata;Verticale ed orizzontale;Sereno;Normale;Buona;;0;0;0;3;12.4645;41.8321;-1;1;Autovettura privata;In marcia / fermata / arresto;Conducente;F;Illeso;0;;Non accertato;Inesploso
5606398;23;22/09/2021 16:30:00;Strada Urbana;VIALE EUROPA;in corrispondenza;;del civico n.;92;;Investimento di pedone;Rettilineo;Una carreggiata a doppio senso;Asciutto;Asfaltata;Verticale ed orizzontale;Sereno;Normale;Buona;;0;0;0;3;12.4645;41.8321;-1;1;Autovettura privata;In marcia / fermata / arresto;Passeggero;F;Illeso;0;;Non accertato;Inesploso
5606412;20;21/09/2021 06:30:00;Regionale;VIA FLAMINIA;in prossimit�;;della chilometrica;22;;Veicolo in marcia contro animale;Rettilineo;Una carreggiata a doppio senso;Asciutto;Asfaltata;Verticale ed orizzontale;Sereno;Intenso;Buona;;0;0;0;1;12.4718;41.9419;-1;1;Autovettura privata;In marcia / fermata / arresto;Conducente;M;Illeso;0;;;
5606473;12;23/09/2021 08:20:00;Strada Urbana;VIALE DELLA CIVILTA' ROMANA;all'intersezione con;VIALE DELL'ARTE;VIALE DELL'ARTE;;;Scontro laterale fra veicoli in marcia;Intersezione stradale segnalata;Una carreggiata a doppio senso;Asciutto;Asfaltata;Verticale ed orizzontale;Sereno;Scarso;Buona;;1;0;0;1;12.4767;41.8322;-1;1;Motociclo a solo;In marcia / fermata / arresto;Conducente;M;Rimandato;0;NON DECEDUTO;Non accertato;
5606473;12;23/09/2021 08:20:00;Strada Urbana;VIALE DELLA CIVILTA' ROMANA;all'intersezione con;VIALE DELL'ARTE;VIALE DELL'ARTE;;;Scontro laterale fra veicoli in marcia;Intersezione stradale segnalata;Una carreggiata a doppio senso;Asciutto;Asfaltata;Verticale ed orizzontale;Sereno;Scarso;Buona;;1;0;0;1;12.4767;41.8322;-1;2;Autovettura privata;In marcia / fermata / arresto;Conducente;F;Illeso;0;;Non accertato;Inesploso
5606480;6;23/09/2021 08:35:00;Strada Urbana;VIA SEZZE;all'intersezione con;VIA FORMIA;VIA FORMIA;;;Scontro frontale/laterale DX fra veicoli in marcia;Incrocio;Una carreggiata a senso unico di marcia;Asciutto;Asfaltata;Verticale;Sereno;Normale;Buona;;1;0;0;1;12.5487;41.8867;-1;1;Autovettura privata;In marcia / fermata / arresto;Conducente;F;Rimandato;0;NON DECEDUTO;Non accertato;Inesploso
5606480;6;23/09/2021 08:35:00;Strada Urbana;VIA SEZZE;all'intersezione con;VIA FORMIA;VIA FORMIA;;;Scontro frontale/laterale DX fra veicoli in marcia;Incrocio;Una carreggiata a senso unico di marcia;Asciutto;Asfaltata;Verticale;Sereno;Normale;Buona;;1;0;0;1;12.5487;41.8867;-1;2;Autovettura privata;In marcia / fermata / arresto;Conducente;M;Illeso;0;;Non accertato;Inesploso
5606482;16;22/09/2021 15:00:00;Strada Urbana;VIA AURELIA ANTICA;in prossimit�;;del civico n.;446;;Investimento di pedone;Rettilineo;Una carreggiata a doppio senso;Asciutto;Asfaltata;Verticale ed orizzontale;Sereno;Normale;Buona;;2;0;0;1;12.4221;41.8887;-1;;;;Pedone;F;Rimandato;0;NON DECEDUTO;;
5606482;16;22/09/2021 15:00:00;Strada Urbana;VIA AURELIA ANTICA;in prossimit�;;del civico n.;446;;Investimento di pedone;Rettilineo;Una carreggiata a doppio senso;Asciutto;Asfaltata;Verticale ed orizzontale;Sereno;Normale;Buona;;2;0;0;1;12.4221;41.8887;-1;;;;Pedone;F;Rimandato;0;NON DECEDUTO;;
5606482;16;22/09/2021 15:00:00;Strada Urbana;VIA AURELIA ANTICA;in prossimit�;;del civico n.;446;;Investimento di pedone;Rettilineo;Una carreggiata a doppio senso;Asciutto;Asfaltata;Verticale ed orizzontale;Sereno;Normale;Buona;;2;0;0;1;12.4221;41.8887;-1;1;Motociclo a solo;In marcia / fermata / arresto;Conducente;M;Illeso;0;;Non accertato;
5606491;16;22/09/2021 11:45:00;Strada Urbana;VIA GIAN MATTEO GIBERTI;in prossimit�;;del civico n.;4F;;Veicolo in marcia contro veicolo in sosta;Pendenza;Una carreggiata a senso unico di marcia;Asciutto;Asfaltata;Orizzontale;Sereno;Scarso;Buona;;0;0;0;1;12.4496;41.8692;-1;1;Autovettura privata;In marcia / fermata / arresto;Conducente;F;Illeso;0;;Non accertato;
5606491;16;22/09/2021 11:45:00;Strada Urbana;VIA GIAN MATTEO GIBERTI;in prossimit�;;del civico n.;4F;;Veicolo in marcia contro veicolo in sosta;Pendenza;Una carreggiata a senso unico di marcia;Asciutto;Asfaltata;Orizzontale;Sereno;Scarso;Buona;;0;0;0;1;12.4496;41.8692;-1;2;Autovettura privata;Sosta;;;;;;;
5606502;16;22/09/2021 11:25:00;Strada Urbana;VIA LEONE XIII;in prossimit�;;del palo luce n.;7;;Scontro laterale fra veicoli in marcia;Rettilineo;Due carreggiate;Asciutto;Asfaltata;Verticale ed orizzontale;Sereno;Normale;Buona;;1;0;0;1;12.4404;41.8869;-1;1;Motociclo a solo;In marcia / fermata / arresto;Conducente;M;Rimandato;0;NON DECEDUTO;Non accertato;
5606502;16;22/09/2021 11:25:00;Strada Urbana;VIA LEONE XIII;in prossimit�;;del palo luce n.;7;;Scontro laterale fra veicoli in marcia;Rettilineo;Due carreggiate;Asciutto;Asfaltata;Verticale ed orizzontale;Sereno;Normale;Buona;;1;0;0;1;12.4404;41.8869;-1;2;Motociclo a solo;In marcia / fermata / arresto;Conducente;M;Illeso;0;;Non accertato;
5606513;17;22/09/2021 19:40:00;Strada Urbana;VIA CIPRO;all'intersezione con;VIA DELLA MELORIA;VIA DELLA MELORIA;;;Tamponamento;Intersezione stradale segnalata;Una carreggiata a senso unico di marcia;Asciutto;Asfaltata;Verticale ed orizzontale;Sereno;Normale;Sufficiente;;1;0;0;1;12.4466;41.9071;-1;1;Autovettura privata;In marcia / fermata / arresto;Conducente;M;Illeso;0;;;
5606513;17;22/09/2021 19:40:00;Strada Urbana;VIA CIPRO;all'intersezione con;VIA DELLA MELORIA;VIA DELLA MELORIA;;;Tamponamento;Intersezione stradale segnalata;Una carreggiata a senso unico di marcia;Asciutto;Asfaltata;Verticale ed orizzontale;Sereno;Normale;Sufficiente;;1;0;0;1;12.4466;41.9071;-1;2;Motociclo a solo;In marcia / fermata / arresto;Conducente;M;Rimandato;0;NON DECEDUTO;;
5606539;17;23/09/2021 00:55:00;Strada Urbana;VIA DECIO FILIPPONI;in prossimit�;;del civico n.;26;;Veicolo in marcia contro veicoli in sosta;Rettilineo;Una carreggiata a senso unico di marcia;Asciutto;Asfaltata;Verticale ed orizzontale;Sereno;Scarso;Buona;;0;0;0;1;12.4439;41.9277;-1;1;Autovettura privata;In marcia / fermata / arresto;Conducente;M;Illeso;0;;;
5606539;17;23/09/2021 00:55:00;Strada Urbana;VIA DECIO FILIPPONI;in prossimit�;;del civico n.;26;;Veicolo in marcia contro veicoli in sosta;Rettilineo;Una carreggiata a senso unico di marcia;Asciutto;Asfaltata;Verticale ed orizzontale;Sereno;Scarso;Buona;;0;0;0;1;12.4439;41.9277;-1;2;Autovettura privata;Sosta;;;;;;;
5606539;17;23/09/2021 00:55:00;Strada Urbana;VIA DECIO FILIPPONI;in prossimit�;;del civico n.;26;;Veicolo in marcia contro veicoli in sosta;Rettilineo;Una carreggiata a senso unico di marcia;Asciutto;Asfaltata;Verticale ed orizzontale;Sereno;Scarso;Buona;;0;0;0;1;12.4439;41.9277;-1;3;Autovettura privata;Sosta;;;;;;;
5606539;17;23/09/2021 00:55:00;Strada Urbana;VIA DECIO FILIPPONI;in prossimit�;;del civico n.;26;;Veicolo in marcia contro veicoli in sosta;Rettilineo;Una carreggiata a senso unico di marcia;Asciutto;Asfaltata;Verticale ed orizzontale;Sereno;Scarso;Buona;;0;0;0;1;12.4439;41.9277;-1;4;Autovettura privata;Sosta;;;;;;;
5606568;20;08/09/2021 20:45:00;Regionale entro l'abitato;VIA CASSIA;in corrispondenza;;del civico n.;901;;Investimento di pedone;Rettilineo;Una carreggiata a doppio senso;Asciutto;Asfaltata;Verticale ed orizzontale;Sereno;Scarso;Sufficiente;;1;0;0;1;12.435;41.9704;-1;;;;Pedone;M;Rimandato;0;NON DECEDUTO;;
5606568;20;08/09/2021 20:45:00;Regionale entro l'abitato;VIA CASSIA;in corrispondenza;;del civico n.;901;;Investimento di pedone;Rettilineo;Una carreggiata a doppio senso;Asciutto;Asfaltata;Verticale ed orizzontale;Sereno;Scarso;Sufficiente;;1;0;0;1;12.435;41.9704;-1;1;Motociclo a solo;In marcia / fermata / arresto;Conducente;M;Illeso;0;;Non accertato;
5606573;17;22/09/2021 13:00:00;Strada Urbana;VIA DELLA GIULIANA;all'intersezione con;VIA PREMUDA;VIA PREMUDA;;;Scontro frontale/laterale DX fra veicoli in marcia;Incrocio;Una carreggiata a doppio senso;Asciutto;Asfaltata;Verticale ed orizzontale;Sereno;Normale;Buona;;1;0;0;1;12.4542;41.9133;-1;1;Motociclo a solo;In marcia / fermata / arresto;Conducente;M;Rimandato;0;NON DECEDUTO;;
5606573;17;22/09/2021 13:00:00;Strada Urbana;VIA DELLA GIULIANA;all'intersezione con;VIA PREMUDA;VIA PREMUDA;;;Scontro frontale/laterale DX fra veicoli in marcia;Incrocio;Una carreggiata a doppio senso;Asciutto;Asfaltata;Verticale ed orizzontale;Sereno;Normale;Buona;;1;0;0;1;12.4542;41.9133;-1;2;Autovettura privata;In marcia / fermata / arresto;Conducente;M;Illeso;0;;;
5606590;12;22/09/2021 16:40:00;Strada Urbana;VIA DI TOR PAGNOTTA;in corrispondenza;;del civico n.;351;;Scontro frontale/laterale SX fra veicoli in marcia;Rettilineo;Una carreggiata a doppio senso;Asciutto;Asfaltata;Verticale ed orizzontale;Sereno;Normale;Buona;;2;0;0;0;12.5167;41.8044;-1;1;Autovettura privata;In marcia / fermata / arresto;Conducente;M;Rimandato;0;NON DECEDUTO;Utilizzato;Esploso
5606590;12;22/09/2021 16:40:00;Strada Urbana;VIA DI TOR PAGNOTTA;in corrispondenza;;del civico n.;351;;Scontro frontale/laterale SX fra veicoli in marcia;Rettilineo;Una carreggiata a doppio senso;Asciutto;Asfaltata;Verticale ed orizzontale;Sereno;Normale;Buona;;2;0;0;0;12.5167;41.8044;-1;2;Autovettura privata;In marcia / fermata / arresto;Conducente;M;Rimandato;0;NON DECEDUTO;;
5606591;6;23/09/2021 08:30:00;Strada Urbana;VIA MUZIO ATTENDOLO;da specificare;;;;dal civ. 68 al civ. 72;Veicolo in marcia contro veicoli in sosta;Rettilineo;Una carreggiata a senso unico di marcia;Asciutto;Asfaltata;Orizzontale;Sereno;Scarso;Buona;;0;0;0;0;12.5356;41.8903;-1;2;Autovettura privata;Sosta;;;;;;;
5606591;6;23/09/2021 08:30:00;Strada Urbana;VIA MUZIO ATTENDOLO;da specificare;;;;dal civ. 68 al civ. 72;Veicolo in marcia contro veicoli in sosta;Rettilineo;Una carreggiata a senso unico di marcia;Asciutto;Asfaltata;Orizzontale;Sereno;Scarso;Buona;;0;0;0;0;12.5356;41.8903;-1;3;Autovettura privata;Sosta;;;;;;;
5606591;6;23/09/2021 08:30:00;Strada Urbana;VIA MUZIO ATTENDOLO;da specificare;;;;dal civ. 68 al civ. 72;Veicolo in marcia contro veicoli in sosta;Rettilineo;Una carreggiata a senso unico di marcia;Asciutto;Asfaltata;Orizzontale;Sereno;Scarso;Buona;;0;0;0;0;12.5356;41.8903;-1;4;Motociclo a solo;Sosta;;;;;;;
5606605;1;23/09/2021 06:50:00;Strada Urbana;LUNGOTEVERE DELLA FARNESINA;in prossimit�;;del civico n.;3;;Veicolo in marcia contro ostacolo accidentale;Rettilineo;Una carreggiata a senso unico di marcia;Viscido da liquidi oleosi;Asfaltata;Verticale ed orizzontale;Sereno;Normale;Buona;;1;0;0;0;12.4697;41.8924;-1;1;Motociclo a solo;In marcia / fermata / arresto;Conducente;M;Rimandato;0;NON DECEDUTO;Non accertato;
5606605;1;23/09/2021 06:50:00;Strada Urbana;LUNGOTEVERE DELLA FARNESINA;in prossimit�;;del civico n.;3;;Veicolo in marcia contro ostacolo accidentale;Rettilineo;Una carreggiata a senso unico di marcia;Viscido da liquidi oleosi;Asfaltata;Verticale ed orizzontale;Sereno;Normale;Buona;;1;0;0;0;12.4697;41.8924;-1;2;Macchina operatrice;Sosta;;;;;;;
5606657;10;23/09/2021 12:00:00;Statale entro l'abitato;VIA TUSCOLANA;da specificare;;;;prossimit� via Gasperina;Scontro laterale fra veicoli in marcia;Rettilineo;Due carreggiate;Asciutto;Asfaltata;Verticale ed orizzontale;Sereno;Normale;Buona;;1;0;0;2;12.6023;41.8359;-1;1;Autovettura privata;In marcia / fermata / arresto;Conducente;F;Rimandato;0;NON DECEDUTO;Non accertato;Esploso
5606657;10;23/09/2021 12:00:00;Statale entro l'abitato;VIA TUSCOLANA;da specificare;;;;prossimit� via Gasperina;Scontro laterale fra veicoli in marcia;Rettilineo;Due carreggiate;Asciutto;Asfaltata;Verticale ed orizzontale;Sereno;Normale;Buona;;1;0;0;2;12.6023;41.8359;-1;2;Autovettura privata;In marcia / fermata / arresto;Conducente;M;Illeso;0;;Non accertato;Inesploso
5606657;10;23/09/2021 12:00:00;Statale entro l'abitato;VIA TUSCOLANA;da specificare;;;;prossimit� via Gasperina;Scontro laterale fra veicoli in marcia;Rettilineo;Due carreggiate;Asciutto;Asfaltata;Verticale ed orizzontale;Sereno;Normale;Buona;;1;0;0;2;12.6023;41.8359;-1;2;Autovettura privata;In marcia / fermata / arresto;Passeggero;M;Illeso;0;;Non accertato;Inesploso
5606804;1;22/09/2021 11:40:00;Strada Urbana;PIAZZA DI PORTA S. GIOVANNI;all'intersezione con;VIA EMANUELE FILIBERTO;VIA EMANUELE FILIBERTO;;;Scontro laterale fra veicoli in marcia;Intersezione semaforizzata;Una carreggiata a doppio senso;Asciutto;Asfaltata;Verticale ed orizzontale;Sereno;Normale;Buona;;0;0;0;3;;;0;1;Autobus urbano;In marcia / fermata / arresto;Conducente;M;Illeso;0;;;
5606804;1;22/09/2021 11:40:00;Strada Urbana;PIAZZA DI PORTA S. GIOVANNI;all'intersezione con;VIA EMANUELE FILIBERTO;VIA EMANUELE FILIBERTO;;;Scontro laterale fra veicoli in marcia;Intersezione semaforizzata;Una carreggiata a doppio senso;Asciutto;Asfaltata;Verticale ed orizzontale;Sereno;Normale;Buona;;0;0;0;3;;;0;2;Autovettura privata;In marcia / fermata / arresto;Conducente;F;Illeso;0;;;
5606804;1;22/09/2021 11:40:00;Strada Urbana;PIAZZA DI PORTA S. GIOVANNI;all'intersezione con;VIA EMANUELE FILIBERTO;VIA EMANUELE FILIBERTO;;;Scontro laterale fra veicoli in marcia;Intersezione semaforizzata;Una carreggiata a doppio senso;Asciutto;Asfaltata;Verticale ed orizzontale;Sereno;Normale;Buona;;0;0;0;3;;;0;2;Autovettura privata;In marcia / fermata / arresto;Passeggero;F;Illeso;0;;;
5606817;16;22/09/2021 19:35:00;Strada Urbana;CIRCONVALLAZIONE GIANICOLENSE;da specificare;;;;prossimit� VIA DEL CASALETTO;Tamponamento;Curva a visuale libera;Una carreggiata a senso unico di marcia;Asciutto;Asfaltata;Verticale ed orizzontale;Sereno;Intenso;Buona;;0;0;0;2;12.4496;41.8725;-1;1;Autovettura privata;In marcia / fermata / arresto;Conducente;M;Illeso;0;;Non accertato;Inesploso
5606817;16;22/09/2021 19:35:00;Strada Urbana;CIRCONVALLAZIONE GIANICOLENSE;da specificare;;;;prossimit� VIA DEL CASALETTO;Tamponamento;Curva a visuale libera;Una carreggiata a senso unico di marcia;Asciutto;Asfaltata;Verticale ed orizzontale;Sereno;Intenso;Buona;;0;0;0;2;12.4496;41.8725;-1;2;Autovettura privata;In marcia / fermata / arresto;Conducente;F;Illeso;0;;Non accertato;Inesploso
5606840;18;23/09/2021 13:15:00;Strada Urbana;VIA AURELIA;da specificare;;;;in prossimit� del km 10,600 direzione Roma;Tamponamento Multiplo;Rettilineo;Pi� di due carreggiate;Asciutto;Asfaltata;Verticale ed orizzontale;Sereno;Normale;Buona;;2;0;0;3;12.3779;41.8833;-1;1;Autovettura privata;In marcia / fermata / arresto;Conducente;F;Illeso;0;;Non accertato;Inesploso
5606840;18;23/09/2021 13:15:00;Strada Urbana;VIA AURELIA;da specificare;;;;in prossimit� del km 10,600 direzione Roma;Tamponamento Multiplo;Rettilineo;Pi� di due carreggiate;Asciutto;Asfaltata;Verticale ed orizzontale;Sereno;Normale;Buona;;2;0;0;3;12.3779;41.8833;-1;1;Autovettura privata;In marcia / fermata / arresto;Passeggero;M;Illeso;0;;Non accertato;Inesploso
5606840;18;23/09/2021 13:15:00;Strada Urbana;VIA AURELIA;da specificare;;;;in prossimit� del km 10,600 direzione Roma;Tamponamento Multiplo;Rettilineo;Pi� di due carreggiate;Asciutto;Asfaltata;Verticale ed orizzontale;Sereno;Normale;Buona;;2;0;0;3;12.3779;41.8833;-1;2;Autovettura privata;In marcia / fermata / arresto;Conducente;M;Illeso;0;;Non accertato;Inesploso
5606840;18;23/09/2021 13:15:00;Strada Urbana;VIA AURELIA;da specificare;;;;in prossimit� del km 10,600 direzione Roma;Tamponamento Multiplo;Rettilineo;Pi� di due carreggiate;Asciutto;Asfaltata;Verticale ed orizzontale;Sereno;Normale;Buona;;2;0;0;3;12.3779;41.8833;-1;3;Autovettura privata;In marcia / fermata / arresto;Conducente;F;Rimandato;0;NON DECEDUTO;Non accertato;Inesploso
5606840;18;23/09/2021 13:15:00;Strada Urbana;VIA AURELIA;da specificare;;;;in prossimit� del km 10,600 direzione Roma;Tamponamento Multiplo;Rettilineo;Pi� di due carreggiate;Asciutto;Asfaltata;Verticale ed orizzontale;Sereno;Normale;Buona;;2;0;0;3;12.3779;41.8833;-1;4;Autovettura privata;In marcia / fermata / arresto;Conducente;F;Rifiuta cure immediate;0;NON DECEDUTO;Non accertato;Inesploso
5606885;1;23/09/2021 09:00:00;Strada Urbana;VIA ALFIERI;all'intersezione con;VIA MERULANA;VIA MERULANA;;;Tamponamento Multiplo;Incrocio;Una carreggiata a senso unico di marcia;Asciutto;Asfaltata;Verticale ed orizzontale;Sereno;Intenso;Buona;;0;0;0;3;12.5024;41.8912;-1;1;Ciclomotore;In marcia / fermata / arresto;Conducente;M;Illeso;0;;;