Protocollo;Gruppo;DataOraIncidente;Localizzazione1;STRADA1;Localizzazione2;STRADA2;Strada02;Chilometrica;DaSpecificare;NaturaIncidente;particolaritastrade;TipoStrada;FondoStradale;Pavimentazione;Segnaletica;CondizioneAtmosferica;Traffico;Visibilita;Illuminazione;NUM_FERITI;NUM_RISERVATA;NUM_MORTI;NUM_ILLESI;Longitudine;Latitudine;Confermato;Progressivo;TipoVeicolo;StatoVeicolo;TipoPersona;Sesso;Tipolesione;Deceduto;DecedutoDopo;CinturaCascoUtilizzato;Airbag;
5609353;10;24/09/2021 15:30:00;Strada Urbana;VIA DELL'AEROPORTO;in corrispondenza;;del civico n.;2/A;;Veicolo in marcia contro veicolo fermo;Rettilineo;Una carreggiata a senso unico di marcia;Asciutto;Asfaltata;Verticale ed orizzontale;Sereno;Intenso;Buona;;0;0;0;5;12.555;41.8612;-1;3;Autovettura privata;Sosta;;;;;;;
5609672;1;25/09/2021 02:00:00;Strada Urbana;VIA DELLA PACE;all'intersezione con;PIAZZA DEL FICO;PIAZZA DEL FICO;;;Investimento di pedone;Intersezione stradale segnalata;Due carreggiate;Asciutto;Acciotolata;Assente;Sereno;Normale;Buona;;1;0;0;0;12.4714;41.8996;0;;;;Pedone;M;Rifiuta cure immediate;0;NON DECEDUTO;;
5609672;1;25/09/2021 02:00:00;Strada Urbana;VIA DELLA PACE;all'intersezione con;PIAZZA DEL FICO;PIAZZA DEL FICO;;;Investimento di pedone;Intersezione stradale segnalata;Due carreggiate;Asciutto;Acciotolata;Assente;Sereno;Normale;Buona;;1;0;0;0;12.4714;41.8996;0;1;Autovettura privata;Allontanatosi;;;;;;;
5609710;1;24/09/2021 15:55:00;Strada Urbana;VIA ELENIANA;all'intersezione con;VIA SEBASTIANO GRANDIS;VIA SEBASTIANO GRANDIS;;;Scontro laterale fra veicoli in marcia;Incrocio;Una carreggiata a doppio senso;Asciutto;Asfaltata;Verticale ed orizzontale;Sereno;Intenso;Buona;;0;0;0;2;12.5149;41.8899;-1;1;Autovettura privata;In marcia / fermata / arresto;Conducente;M;Illeso;0;;Non accertato;Inesploso
5609710;1;24/09/2021 15:55:00;Strada Urbana;VIA ELENIANA;all'intersezione con;VIA SEBASTIANO GRANDIS;VIA SEBASTIANO GRANDIS;;;Scontro laterale fra veicoli in marcia;Incrocio;Una carreggiata a doppio senso;Asciutto;Asfaltata;Verticale ed orizzontale;Sereno;Intenso;Buona;;0;0;0;2;12.5149;41.8899;-1;2;Autovettura pubblica;In marcia / fermata / arresto;Conducente;M;Illeso;0;;Non accertato;Inesploso
5609743;1;25/09/2021 00:30:00;Strada Urbana;PIAZZA DEI CINQUECENTO;in prossimit�;;del civico n.;90;;Investimento di pedone;Rettilineo;Una carreggiata a senso unico di marcia;Asciutto;Asfaltata;Verticale ed orizzontale;Sereno;Scarso;Buona;;1;0;0;0;12.501;41.9023;0;;;;Pedone;F;Rimandato;0;NON DECEDUTO;;
5609743;1;25/09/2021 00:30:00;Strada Urbana;PIAZZA DEI CINQUECENTO;in prossimit�;;del civico n.;90;;Investimento di pedone;Rettilineo;Una carreggiata a senso unico di marcia;Asciutto;Asfaltata;Verticale ed orizzontale;Sereno;Scarso;Buona;;1;0;0;0;12.501;41.9023;0;1;Autovettura privata;Allontanatosi;;;;;;;
5609782;11;25/09/2021 02:25:00;Strada Urbana;VIA CRISTOFORO COLOMBO;all'intersezione semaforizzata con;VIA LAURENTINA;VIA LAURENTINA;;;Scontro frontale/laterale SX fra veicoli in marcia;Intersezione semaforizzata;Pi� di due carreggiate;Asciutto;Asfaltata;Verticale ed orizzontale;Sereno;Normale;Sufficiente;;1;0;0;1;12.479;41.8461;-1;1;Motociclo a solo;In marcia / fermata / arresto;Conducente;M;Rimandato;0;NON DECEDUTO;;
5609782;11;25/09/2021 02:25:00;Strada Urbana;VIA CRISTOFORO COLOMBO;all'intersezione semaforizzata con;VIA LAURENTINA;VIA LAURENTINA;;;Scontro frontale/laterale SX fra veicoli in marcia;Intersezione semaforizzata;Pi� di due carreggiate;Asciutto;Asfaltata;Verticale ed orizzontale;Sereno;Normale;Sufficiente;;1;0;0;1;12.479;41.8461;-1;2;Autovettura privata;In marcia / fermata / arresto;Conducente;M;Illeso;0;;;
5609808;11;24/09/2021 13:10:00;Strada Urbana;VIA DI GROTTA PERFETTA;in prossimit�;;del palo luce n.;101;;Veicolo in marcia contro ostacolo fisso;Rettilineo;Una carreggiata a doppio senso;Asciutto;Asfaltata;Verticale ed orizzontale;Sereno;Normale;Buona;;1;0;0;0;12.5017;41.8405;-1;1;Autovettura privata;In marcia / fermata / arresto;Conducente;F;Rimandato;0;NON DECEDUTO;;
5609809;13;24/09/2021 12:55:00;Strada Urbana;VIALE DEI ROMAGNOLI;all'intersezione con;VIA GABRIELE TORREMUZZA;VIA GABRIELE TORREMUZZA;;;Scontro frontale/laterale DX fra veicoli in marcia;Intersezione non regolata/non segnalata;Una carreggiata a doppio senso;Asciutto;Asfaltata;Verticale;Sereno;Normale;Sufficiente;;1;0;0;1;12.3574;41.7826;-1;1;Autovettura privata;In marcia / fermata / arresto;Conducente;F;Illeso;0;;Non accertato;Inesploso
5609809;13;24/09/2021 12:55:00;Strada Urbana;VIALE DEI ROMAGNOLI;all'intersezione con;VIA GABRIELE TORREMUZZA;VIA GABRIELE TORREMUZZA;;;Scontro frontale/laterale DX fra veicoli in marcia;Intersezione non regolata/non segnalata;Una carreggiata a doppio senso;Asciutto;Asfaltata;Verticale;Sereno;Normale;Sufficiente;;1;0;0;1;12.3574;41.7826;-1;2;Autovettura privata;In marcia / fermata / arresto;Conducente;F;Rimandato;0;NON DECEDUTO;;
5609815;11;24/09/2021 14:20:00;Strada Urbana;VIA AUGUSTO VERA;in corrispondenza;;del civico n.;24;;Veicolo in marcia contro veicolo in sosta;Rettilineo;Due carreggiate;Asciutto;Asfaltata;Verticale ed orizzontale;Sereno;Normale;Buona;;0;0;0;2;12.4872;41.8452;-1;1;Autovettura privata;In marcia / fermata / arresto;Conducente;M;Illeso;0;;;
5609815;11;24/09/2021 14:20:00;Strada Urbana;VIA AUGUSTO VERA;in corrispondenza;;del civico n.;24;;Veicolo in marcia contro veicolo in sosta;Rettilineo;Due carreggiate;Asciutto;Asfaltata;Verticale ed orizzontale;Sereno;Normale;Buona;;0;0;0;2;12.4872;41.8452;-1;1;Autovettura privata;In marcia / fermata / arresto;Passeggero;F;Illeso;0;;;
5609815;11;24/09/2021 14:20:00;Strada Urbana;VIA AUGUSTO VERA;in corrispondenza;;del civico n.;24;;Veicolo in marcia contro veicolo in sosta;Rettilineo;Due carreggiate;Asciutto;Asfaltata;Verticale ed orizzontale;Sereno;Normale;Buona;;0;0;0;2;12.4872;41.8452;-1;2;Autovettura privata;Sosta;;;;;;;
5609819;8;24/09/2021 13:05:00;Strada Urbana;VIA PRENESTINA;in corrispondenza;;del civico n.;1141;;Scontro frontale/laterale SX fra veicoli in marcia;Rettilineo;Una carreggiata a doppio senso;Asciutto;Asfaltata;Verticale ed orizzontale;Sereno;Normale;Buona;;1;0;0;1;12.6245;41.8935;-1;1;Autovettura privata;In marcia / fermata / arresto;Conducente;M;Rifiuta cure immediate;0;NON DECEDUTO;Non accertato;Inesploso
5609819;8;24/09/2021 13:05:00;Strada Urbana;VIA PRENESTINA;in corrispondenza;;del civico n.;1141;;Scontro frontale/laterale SX fra veicoli in marcia;Rettilineo;Una carreggiata a doppio senso;Asciutto;Asfaltata;Verticale ed orizzontale;Sereno;Normale;Buona;;1;0;0;1;12.6245;41.8935;-1;2;Autovettura privata;In marcia / fermata / arresto;Conducente;M;Illeso;0;;Non accertato;Inesploso
5609823;8;24/09/2021 14:30:00;Strada Urbana;VIA CASILINA;all'intersezione semaforizzata con;VIA PIETRO BELON;VIA PIETRO BELON;;;Scontro laterale fra veicoli in marcia;Intersezione semaforizzata;Una carreggiata a doppio senso;Asciutto;Asfaltata;Verticale ed orizzontale;Sereno;Normale;Buona;;1;0;0;1;12.5905;41.8675;-1;1;Autovettura privata;In marcia / fermata / arresto;Conducente;M;Illeso;0;;Non accertato;Inesploso
5609823;8;24/09/2021 14:30:00;Strada Urbana;VIA CASILINA;all'intersezione semaforizzata con;VIA PIETRO BELON;VIA PIETRO BELON;;;Scontro laterale fra veicoli in marcia;Intersezione semaforizzata;Una carreggiata a doppio senso;Asciutto;Asfaltata;Verticale ed orizzontale;Sereno;Normale;Buona;;1;0;0;1;12.5905;41.8675;-1;2;Motociclo a solo;In marcia / fermata / arresto;Conducente;M;Rifiuta cure immediate;0;NON DECEDUTO;Non accertato;
5609830;8;24/09/2021 16:00:00;Strada Urbana;VIALE DELLA SORBONA;in corrispondenza;;del palo luce n.;141;;Scontro laterale fra veicoli in marcia;Curva a visuale libera;Due carreggiate;Asciutto;Asfaltata;Verticale ed orizzontale;Sereno;Normale;Buona;;0;0;0;4;12.612;41.8546;-1;1;Autovettura privata;In marcia / fermata / arresto;Conducente;M;Illeso;0;;Non accertato;Inesploso
5609830;8;24/09/2021 16:00:00;Strada Urbana;VIALE DELLA SORBONA;in corrispondenza;;del palo luce n.;141;;Scontro laterale fra veicoli in marcia;Curva a visuale libera;Due carreggiate;Asciutto;Asfaltata;Verticale ed orizzontale;Sereno;Normale;Buona;;0;0;0;4;12.612;41.8546;-1;1;Autovettura privata;In marcia / fermata / arresto;Passeggero;M;Illeso;0;;Non accertato;Inesploso
5609830;8;24/09/2021 16:00:00;Strada Urbana;VIALE DELLA SORBONA;in corrispondenza;;del palo luce n.;141;;Scontro laterale fra veicoli in marcia;Curva a visuale libera;Due carreggiate;Asciutto;Asfaltata;Verticale ed orizzontale;Sereno;Normale;Buona;;0;0;0;4;12.612;41.8546;-1;2;Autovettura privata;In marcia / fermata / arresto;Conducente;F;Illeso;0;;Non accertato;Inesploso
5609830;8;24/09/2021 16:00:00;Strada Urbana;VIALE DELLA SORBONA;in corrispondenza;;del palo luce n.;141;;Scontro laterale fra veicoli in marcia;Curva a visuale libera;Due carreggiate;Asciutto;Asfaltata;Verticale ed orizzontale;Sereno;Normale;Buona;;0;0;0;4;12.612;41.8546;-1;2;Autovettura privata;In marcia / fermata / arresto;Passeggero;F;Illeso;0;;Non accertato;Inesploso
5609832;1;24/09/2021 16:44:00;Strada Urbana;VIA SARDEGNA;all'intersezione con;VIA TOSCANA;VIA TOSCANA;;;Scontro frontale/laterale SX fra veicoli in marcia;Incrocio;Una carreggiata a senso unico di marcia;Asciutto;Asfaltata;Verticale ed orizzontale;Sereno;Scarso;Buona;;0;0;0;3;12.4912;41.9094;-1;1;Autocarro inferiore 35 q.;In marcia / fermata / arresto;Conducente;M;Illeso;0;;Non accertato;Inesploso
5609832;1;24/09/2021 16:44:00;Strada Urbana;VIA SARDEGNA;all'intersezione con;VIA TOSCANA;VIA TOSCANA;;;Scontro frontale/laterale SX fra veicoli in marcia;Incrocio;Una carreggiata a senso unico di marcia;Asciutto;Asfaltata;Verticale ed orizzontale;Sereno;Scarso;Buona;;0;0;0;3;12.4912;41.9094;-1;1;Autocarro inferiore 35 q.;In marcia / fermata / arresto;Passeggero;F;Illeso;0;;;
5609832;1;24/09/2021 16:44:00;Strada Urbana;VIA SARDEGNA;all'intersezione con;VIA TOSCANA;VIA TOSCANA;;;Scontro frontale/laterale SX fra veicoli in marcia;Incrocio;Una carreggiata a senso unico di marcia;Asciutto;Asfaltata;Verticale ed orizzontale;Sereno;Scarso;Buona;;0;0;0;3;12.4912;41.9094;-1;2;Quadriciclo;In marcia / fermata / arresto;Conducente;M;Illeso;0;;Non accertato;Inesploso
5609837;8;24/09/2021 16:00:00;Strada Urbana;VIA CASTEL DEL GIUDICE;da specificare;;;;sotto viadotto A24;Tamponamento;Curva senza visuale libera;Una carreggiata a senso unico di marcia;Asciutto;Asfaltata;Assente;Sereno;Scarso;Buona;;1;0;0;1;12.6696;41.9195;-1;1;Autovettura privata;In marcia / fermata / arresto;Conducente;F;Illeso;0;;Non accertato;Inesploso
5609837;8;24/09/2021 16:00:00;Strada Urbana;VIA CASTEL DEL GIUDICE;da specificare;;;;sotto viadotto A24;Tamponamento;Curva senza visuale libera;Una carreggiata a senso unico di marcia;Asciutto;Asfaltata;Assente;Sereno;Scarso;Buona;;1;0;0;1;12.6696;41.9195;-1;2;Motociclo a solo;In marcia / fermata / arresto;Conducente;M;Rifiuta cure immediate;0;NON DECEDUTO;Non accertato;
5609841;8;24/09/2021 17:25:00;Strada Urbana;VIA DI TORRENOVA;in prossimit�;;del civico n.;700;;Scontro frontale/laterale SX fra veicoli in marcia;Rettilineo;Una carreggiata a doppio senso;Asciutto;Asfaltata;Orizzontale;Sereno;Intenso;Buona;;2;0;0;0;12.6234;41.8917;-1;1;Autovettura privata;In marcia / fermata / arresto;Conducente;M;Rifiuta cure immediate;0;NON DECEDUTO;Non accertato;Inesploso
5609841;8;24/09/2021 17:25:00;Strada Urbana;VIA DI TORRENOVA;in prossimit�;;del civico n.;700;;Scontro frontale/laterale SX fra veicoli in marcia;Rettilineo;Una carreggiata a doppio senso;Asciutto;Asfaltata;Orizzontale;Sereno;Intenso;Buona;;2;0;0;0;12.6234;41.8917;-1;2;Motociclo a solo;In marcia / fermata / arresto;Conducente;M;Ricoverato;0;NON DECEDUTO;Non accertato;
5609847;8;24/09/2021 20:49:00;Strada Urbana;VIA PRENESTINA;all'intersezione semaforizzata con;VIA DELLA RISERVA NUOVA;VIA DELLA RISERVA NUOVA;;;Scontro laterale fra veicoli in marcia;Intersezione semaforizzata;Una carreggiata a doppio senso;Asciutto;Asfaltata;Verticale ed orizzontale;Sereno;Normale;Buona;;0;0;0;2;12.6805;41.8905;-1;1;Autovettura privata;In marcia / fermata / arresto;Conducente;F;Illeso;0;;Non accertato;Inesploso
5609847;8;24/09/2021 20:49:00;Strada Urbana;VIA PRENESTINA;all'intersezione semaforizzata con;VIA DELLA RISERVA NUOVA;VIA DELLA RISERVA NUOVA;;;Scontro laterale fra veicoli in marcia;Intersezione semaforizzata;Una carreggiata a doppio senso;Asciutto;Asfaltata;Verticale ed orizzontale;Sereno;Normale;Buona;;0;0;0;2;12.6805;41.8905;-1;2;Autovettura privata;In marcia / fermata / arresto;Conducente;F;Illeso;0;;Non accertato;Inesploso
5609851;8;24/09/2021 22:00:00;Strada Urbana;VIA BITTI;da specificare;;;;in prossimit� via Modolo;Tamponamento Multiplo;Rettilineo;Due carreggiate;Asciutto;Asfaltata;Verticale ed orizzontale;Sereno;Scarso;Buona;;0;0;0;3;12.685;41.8889;-1;1;Autovettura privata;In marcia / fermata / arresto;Conducente;M;Illeso;0;;Non accertato;Inesploso
5609851;8;24/09/2021 22:00:00;Strada Urbana;VIA BITTI;da specificare;;;;in prossimit� via Modolo;Tamponamento Multiplo;Rettilineo;Due carreggiate;Asciutto;Asfaltata;Verticale ed orizzontale;Sereno;Scarso;Buona;;0;0;0;3;12.685;41.8889;-1;2;Autovettura privata;In marcia / fermata / arresto;Conducente;M;Illeso;0;;Non accertato;Inesploso
5609851;8;24/09/2021 22:00:00;Strada Urbana;VIA BITTI;da specificare;;;;in prossimit� via Modolo;Tamponamento Multiplo;Rettilineo;Due carreggiate;Asciutto;Asfaltata;Verticale ed orizzontale;Sereno;Scarso;Buona;;0;0;0;3;12.685;41.8889;-1;3;Autovettura privata;In marcia / fermata / arresto;Conducente;M;Illeso;0;;Non accertato;Inesploso
5609852;1;24/09/2021 20:00:00;Strada Urbana;PIAZZA DI PORTA CAPENA;da specificare;;;;altezza VIA DI SAN GREGORIO;Scontro laterale fra veicoli in marcia;Rettilineo;Una carreggiata a doppio senso;Asciutto;Asfaltata;Verticale ed orizzontale;Sereno;Intenso;Buona;;0;0;0;3;12.4893;41.8849;-1;1;Autovettura privata;In marcia / fermata / arresto;Conducente;M;Illeso;0;;Non accertato;Inesploso
5609852;1;24/09/2021 20:00:00;Strada Urbana;PIAZZA DI PORTA CAPENA;da specificare;;;;altezza VIA DI SAN GREGORIO;Scontro laterale fra veicoli in marcia;Rettilineo;Una carreggiata a doppio senso;Asciutto;Asfaltata;Verticale ed orizzontale;Sereno;Intenso;Buona;;0;0;0;3;12.4893;41.8849;-1;1;Autovettura privata;In marcia / fermata / arresto;Passeggero;F;Illeso;0;;Non accertato;Inesploso
5609852;1;24/09/2021 20:00:00;Strada Urbana;PIAZZA DI PORTA CAPENA;da specificare;;;;altezza VIA DI SAN GREGORIO;Scontro laterale fra veicoli in marcia;Rettilineo;Una carreggiata a doppio senso;Asciutto;Asfaltata;Verticale ed orizzontale;Sereno;Intenso;Buona;;0;0;0;3;12.4893;41.8849;-1;2;Autovettura privata;In marcia / fermata / arresto;Conducente;M;Illeso;0;;Non accertato;Inesploso
5609874;4;24/09/2021 20:50:00;Strada Urbana;PIAZZA OTTAVIANO VIMERCATI;da specificare;;;;in prossimit� del fronte civico 45;Investimento di pedone;Rettilineo;Due carreggiate;Asciutto;Asfaltata;Verticale ed orizzontale;Sereno;Normale;Buona;;0;1;0;1;12.5244;41.9587;-1;;;;Pedone;F;Prognosi riservata;0;NON DECEDUTO;;
5609874;4;24/09/2021 20:50:00;Strada Urbana;PIAZZA OTTAVIANO VIMERCATI;da specificare;;;;in prossimit� del fronte civico 45;Investimento di pedone;Rettilineo;Due carreggiate;Asciutto;Asfaltata;Verticale ed orizzontale;Sereno;Normale;Buona;;0;1;0;1;12.5244;41.9587;-1;1;Autovettura privata;In marcia / fermata / arresto;Conducente;F;Illeso;0;;Non accertato;Inesploso
5609914;13;24/09/2021 15:30:00;Strada Urbana;VIA TANCREDI CHIARALUCE;da specificare;;;;prossimit� palo acea 37;Tamponamento;Rettilineo;Una carreggiata a doppio senso;Asciutto;Asfaltata;Orizzontale;Sereno;Normale;Buona;;1;0;1;0;12.2723;41.7484;-1;1;Motociclo a solo;In marcia / fermata / arresto;Conducente;M;Rimandato;0;NON DECEDUTO;;
5609914;13;24/09/2021 15:30:00;Strada Urbana;VIA TANCREDI CHIARALUCE;da specificare;;;;prossimit� palo acea 37;Tamponamento;Rettilineo;Una carreggiata a doppio senso;Asciutto;Asfaltata;Orizzontale;Sereno;Normale;Buona;;1;0;1;0;12.2723;41.7484;-1;2;Velocipede;In marcia / fermata / arresto;Conducente;M;Prognosi riservata;0;DECEDUTO ENTRO 15 GIORNI;Esente;
5610039;17;24/09/2021 10:30:00;Strada Urbana;PIAZZA DELLA LIBERTA';in prossimit�;;del palo luce n.;16;;Tamponamento;Rettilineo;Una carreggiata a senso unico di marcia;Asciutto;Asfaltata;Verticale ed orizzontale;Nebbia;Intenso;Buona;;0;0;0;3;12.4711;41.9086;0;1;Autovettura privata;In marcia / fermata / arresto;Conducente;M;Illeso;0;;;
5610039;17;24/09/2021 10:30:00;Strada Urbana;PIAZZA DELLA LIBERTA';in prossimit�;;del palo luce n.;16;;Tamponamento;Rettilineo;Una carreggiata a senso unico di marcia;Asciutto;Asfaltata;Verticale ed orizzontale;Nebbia;Intenso;Buona;;0;0;0;3;12.4711;41.9086;0;1;Autovettura privata;In marcia / fermata / arresto;Passeggero;F;Illeso;0;;;
5610039;17;24/09/2021 10:30:00;Strada Urbana;PIAZZA DELLA LIBERTA';in prossimit�;;del palo luce n.;16;;Tamponamento;Rettilineo;Una carreggiata a senso unico di marcia;Asciutto;Asfaltata;Verticale ed orizzontale;Nebbia;Intenso;Buona;;0;0;0;3;12.4711;41.9086;0;2;Motociclo a solo;In marcia / fermata / arresto;Conducente;M;Illeso;0;;;
5610046;1;24/09/2021 16:03:00;Strada Urbana;PIAZZA DEI CINQUECENTO;all'intersezione semaforizzata con;VIA CAVOUR;VIA CAVOUR;;;Scontro laterale fra veicoli in marcia;Intersezione semaforizzata;Una carreggiata a senso unico di marcia;Asciutto;Lastricata;Verticale ed orizzontale;Sereno;Normale;Buona;;0;0;0;2;12.4998;41.9008;-1;1;Autovettura pubblica;In marcia / fermata / arresto;Conducente;M;Illeso;0;;;
5610046;1;24/09/2021 16:03:00;Strada Urbana;PIAZZA DEI CINQUECENTO;all'intersezione semaforizzata con;VIA CAVOUR;VIA CAVOUR;;;Scontro laterale fra veicoli in marcia;Intersezione semaforizzata;Una carreggiata a senso unico di marcia;Asciutto;Lastricata;Verticale ed orizzontale;Sereno;Normale;Buona;;0;0;0;2;12.4998;41.9008;-1;2;Autobus di linea;In marcia / fermata / arresto;Conducente;M;Illeso;0;;;
5610083;1;25/09/2021 08:15:00;Strada Urbana;VIA FLAVIA;all'intersezione con;VIA SERVIO TULLIO;VIA SERVIO TULLIO;;;Scontro frontale/laterale SX fra veicoli in marcia;Incrocio;Una carreggiata a senso unico di marcia;Asciutto;In cubetti di porfido;Verticale;Sereno;Normale;Sufficiente;;0;0;0;4;12.4968;41.9068;-1;1;Motociclo con passeggero;In marcia / fermata / arresto;Conducente;M;Illeso;0;;;
5610083;1;25/09/2021 08:15:00;Strada Urbana;VIA FLAVIA;all'intersezione con;VIA SERVIO TULLIO;VIA SERVIO TULLIO;;;Scontro frontale/laterale SX fra veicoli in marcia;Incrocio;Una carreggiata a senso unico di marcia;Asciutto;In cubetti di porfido;Verticale;Sereno;Normale;Sufficiente;;0;0;0;4;12.4968;41.9068;-1;1;Motociclo con passeggero;In marcia / fermata / arresto;Passeggero;F;Illeso;0;;;
5610083;1;25/09/2021 08:15:00;Strada Urbana;VIA FLAVIA;all'intersezione con;VIA SERVIO TULLIO;VIA SERVIO TULLIO;;;Scontro frontale/laterale SX fra veicoli in marcia;Incrocio;Una carreggiata a senso unico di marcia;Asciutto;In cubetti di porfido;Verticale;Sereno;Normale;Sufficiente;;0;0;0;4;12.4968;41.9068;-1;2;Autovettura privata;In marcia / fermata / arresto;Conducente;F;Illeso;0;;;
5610083;1;25/09/2021 08:15:00;Strada Urbana;VIA FLAVIA;all'intersezione con;VIA SERVIO TULLIO;VIA SERVIO TULLIO;;;Scontro frontale/laterale SX fra veicoli in marcia;Incrocio;Una carreggiata a senso unico di marcia;Asciutto;In cubetti di porfido;Verticale;Sereno;Normale;Sufficiente;;0;0;0;4;12.4968;41.9068;-1;2;Autovettura privata;In marcia / fermata / arresto;Passeggero;M;Illeso;0;;;
5610131;17;24/09/2021 11:15:00;Strada Urbana;VIALE DEI BASTIONI DI MICHELANGELO;in corrispondenza;;del civico n.;FR. 1;;Scontro laterale fra veicoli in marcia;Rettilineo;Una carreggiata a senso unico alternato;Asciutto;Asfaltata;Verticale ed orizzontale;Sereno;Normale;Buona;;0;0;0;3;12.4566;41.9064;-1;1;Autovettura di soccorso;In marcia / fermata / arresto;Conducente;M;Illeso;0;;;
5610131;17;24/09/2021 11:15:00;Strada Urbana;VIALE DEI BASTIONI DI MICHELANGELO;in corrispondenza;;del civico n.;FR. 1;;Scontro laterale fra veicoli in marcia;Rettilineo;Una carreggiata a senso unico alternato;Asciutto;Asfaltata;Verticale ed orizzontale;Sereno;Normale;Buona;;0;0;0;3;12.4566;41.9064;-1;2;Motociclo a solo;In marcia / fermata / arresto;Conducente;M;Illeso;0;;;
5610131;17;24/09/2021 11:15:00;Strada Urbana;VIALE DEI BASTIONI DI MICHELANGELO;in corrispondenza;;del civico n.;FR. 1;;Scontro laterale fra veicoli in marcia;Rettilineo;Una carreggiata a senso unico alternato;Asciutto;Asfaltata;Verticale ed orizzontale;Sereno;Normale;Buona;;0;0;0;3;12.4566;41.9064;-1;2;Motociclo a solo;In marcia / fermata / arresto;Passeggero;F;Illeso;0;;;
5610139;13;24/09/2021 16:30:00;Provinciale;VIA DEL MARE;in corrispondenza;;della chilometrica;19;;Scontro laterale fra veicoli in marcia;Rettilineo;Una carreggiata a doppio senso;Asciutto;Asfaltata;Verticale ed orizzontale;Sereno;Intenso;Buona;;1;0;0;1;12.3133;41.7651;-1;1;Autovettura privata;In marcia / fermata / arresto;Conducente;F;Illeso;0;;;
5610139;13;24/09/2021 16:30:00;Provinciale;VIA DEL MARE;in corrispondenza;;della chilometrica;19;;Scontro laterale fra veicoli in marcia;Rettilineo;Una carreggiata a doppio senso;Asciutto;Asfaltata;Verticale ed orizzontale;Sereno;Intenso;Buona;;1;0;0;1;12.3133;41.7651;-1;2;Motociclo a solo;In marcia / fermata / arresto;Conducente;M;Rimandato;0;NON DECEDUTO;Non accertato;
5610164;13;24/09/2021 18:30:00;Strada Urbana;VIA DI ACILIA;in corrispondenza;;del civico n.;219r;;Scontro frontale/laterale SX fra veicoli in marcia;Rettilineo;Una carreggiata a doppio senso;Asciutto;Asfaltata;Verticale ed orizzontale;Sereno;Intenso;Buona;;0;0;0;3;12.3697;41.776;-1;1;Motociclo a solo;In marcia / fermata / arresto;Conducente;M;Illeso;0;;;
5610164;13;24/09/2021 18:30:00;Strada Urbana;VIA DI ACILIA;in corrispondenza;;del civico n.;219r;;Scontro frontale/laterale SX fra veicoli in marcia;Rettilineo;Una carreggiata a doppio senso;Asciutto;Asfaltata;Verticale ed orizzontale;Sereno;Intenso;Buona;;0;0;0;3;12.3697;41.776;-1;2;Autovettura privata;In marcia / fermata / arresto;Conducente;M;Illeso;0;;Non accertato;Inesploso
5610164;13;24/09/2021 18:30:00;Strada Urbana;VIA DI ACILIA;in corrispondenza;;del civico n.;219r;;Scontro frontale/laterale SX fra veicoli in marcia;Rettilineo;Una carreggiata a doppio senso;Asciutto;Asfaltata;Verticale ed orizzontale;Sereno;Intenso;Buona;;0;0;0;3;12.3697;41.776;-1;2;Autovettura privata;In marcia / fermata / arresto;Passeggero;M;Illeso;0;;;
5610168;1;23/09/2021 11:30:00;Strada Urbana;PIAZZA DI S. CROCE IN GERUSALEMME;all'intersezione con;VIA DI S. CROCE IN GERUSALEMME;VIA DI S. CROCE IN GERUSALEMME;;;Scontro frontale/laterale DX fra veicoli in marcia;Incrocio;Pi� di due carreggiate;Asciutto;Asfaltata;Verticale ed orizzontale;Sereno;Normale;Buona;;0;0;0;2;12.5147;41.8888;-1;1;Autovettura privata;In marcia / fermata / arresto;Conducente;F;Illeso;0;;;
5610168;1;23/09/2021 11:30:00;Strada Urbana;PIAZZA DI S. CROCE IN GERUSALEMME;all'intersezione con;VIA DI S. CROCE IN GERUSALEMME;VIA DI S. CROCE IN GERUSALEMME;;;Scontro frontale/laterale DX fra veicoli in marcia;Incrocio;Pi� di due carreggiate;Asciutto;Asfaltata;Verticale ed orizzontale;Sereno;Normale;Buona;;0;0;0;2;12.5147;41.8888;-1;2;Autovettura di soccorso;In marcia / fermata / arresto;Conducente;M;Illeso;0;;;
5610192;13;24/09/2021 20:00:00;Strada Urbana;VIALE DEI ROMAGNOLI;da specificare;;;;prossimit� via Garessio;Investimento di pedone;Rettilineo;Una carreggiata a doppio senso;Asciutto;Asfaltata;Orizzontale;Sereno;Normale;Sufficiente;;1;0;0;1;12.3574;41.7826;-1;;;;Pedone;M;Rimandato;0;NON DECEDUTO;;
5610192;13;24/09/2021 20:00:00;Strada Urbana;VIALE DEI ROMAGNOLI;da specificare;;;;prossimit� via Garessio;Investimento di pedone;Rettilineo;Una carreggiata a doppio senso;Asciutto;Asfaltata;Orizzontale;Sereno;Normale;Sufficiente;;1;0;0;1;12.3574;41.7826;-1;1;Autovettura privata;In marcia / fermata / arresto;Conducente;M;Illeso;0;;Non accertato;Inesploso
5610220;18;25/09/2021 09:30:00;Strada Urbana;CIRCONVALLAZIONE AURELIA;in prossimit�;;del civico n.;62;;Scontro laterale fra veicoli in marcia;Rettilineo;Due carreggiate;Asciutto;Asfaltata;Verticale ed orizzontale;Sereno;Normale;Buona;;1;0;0;1;12.4283;41.897;-1;1;Autovettura privata;In marcia / fermata / arresto;Conducente;F;Illeso;0;;Non accertato;Inesploso