Protocollo;Gruppo;DataOraIncidente;Localizzazione1;STRADA1;Localizzazione2;STRADA2;Strada02;Chilometrica;DaSpecificare;NaturaIncidente;particolaritastrade;TipoStrada;FondoStradale;Pavimentazione;Segnaletica;CondizioneAtmosferica;Traffico;Visibilita;Illuminazione;NUM_FERITI;NUM_RISERVATA;NUM_MORTI;NUM_ILLESI;Longitudine;Latitudine;Confermato;Progressivo;TipoVeicolo;StatoVeicolo;TipoPersona;Sesso;Tipolesione;Deceduto;DecedutoDopo;CinturaCascoUtilizzato;Airbag;
5612520;19;25/09/2021 10:40:00;Strada Urbana;VIA ALESSANDRO VII;in corrispondenza;;del civico n.;70;;Veicolo in marcia contro veicolo fermo;Rettilineo;Una carreggiata a senso unico di marcia;Asciutto;Asfaltata;Assente;Sereno;Scarso;Buona;;0;0;0;2;12.4233;41.9232;-1;1;Autovettura privata;In marcia / fermata / arresto;Conducente;M;Illeso;0;;Non accertato;Inesploso
5612520;19;25/09/2021 10:40:00;Strada Urbana;VIA ALESSANDRO VII;in corrispondenza;;del civico n.;70;;Veicolo in marcia contro veicolo fermo;Rettilineo;Una carreggiata a senso unico di marcia;Asciutto;Asfaltata;Assente;Sereno;Scarso;Buona;;0;0;0;2;12.4233;41.9232;-1;2;Autovettura privata;In marcia / fermata / arresto;Conducente;M;Illeso;0;;;
5612523;20;26/09/2021 00:02:00;Strada Urbana;VIALE ANTONINO DI SAN GIULIANO;all'intersezione con;PIAZZALE DELLA FARNESINA;PIAZZALE DELLA FARNESINA;;;Scontro frontale/laterale DX fra veicoli in marcia;Intersezione semaforizzata;Due carreggiate;Asciutto;Asfaltata;Verticale ed orizzontale;Sereno;Scarso;Sufficiente;;3;0;0;3;12.4605;41.9372;-1;1;Autovettura privata;In marcia / fermata / arresto;Conducente;M;Rimandato;0;NON DECEDUTO;;
5612523;20;26/09/2021 00:02:00;Strada Urbana;VIALE ANTONINO DI SAN GIULIANO;all'intersezione con;PIAZZALE DELLA FARNESINA;PIAZZALE DELLA FARNESINA;;;Scontro frontale/laterale DX fra veicoli in marcia;Intersezione semaforizzata;Due carreggiate;Asciutto;Asfaltata;Verticale ed orizzontale;Sereno;Scarso;Sufficiente;;3;0;0;3;12.4605;41.9372;-1;1;Autovettura privata;In marcia / fermata / arresto;Passeggero;M;Illeso;0;;;
5612523;20;26/09/2021 00:02:00;Strada Urbana;VIALE ANTONINO DI SAN GIULIANO;all'intersezione con;PIAZZALE DELLA FARNESINA;PIAZZALE DELLA FARNESINA;;;Scontro frontale/laterale DX fra veicoli in marcia;Intersezione semaforizzata;Due carreggiate;Asciutto;Asfaltata;Verticale ed orizzontale;Sereno;Scarso;Sufficiente;;3;0;0;3;12.4605;41.9372;-1;2;Autovettura privata;In marcia / fermata / arresto;Conducente;M;Illeso;0;;;
5612523;20;26/09/2021 00:02:00;Strada Urbana;VIALE ANTONINO DI SAN GIULIANO;all'intersezione con;PIAZZALE DELLA FARNESINA;PIAZZALE DELLA FARNESINA;;;Scontro frontale/laterale DX fra veicoli in marcia;Intersezione semaforizzata;Due carreggiate;Asciutto;Asfaltata;Verticale ed orizzontale;Sereno;Scarso;Sufficiente;;3;0;0;3;12.4605;41.9372;-1;2;Autovettura privata;In marcia / fermata / arresto;Passeggero;M;Illeso;0;;;
5612523;20;26/09/2021 00:02:00;Strada Urbana;VIALE ANTONINO DI SAN GIULIANO;all'intersezione con;PIAZZALE DELLA FARNESINA;PIAZZALE DELLA FARNESINA;;;Scontro frontale/laterale DX fra veicoli in marcia;Intersezione semaforizzata;Due carreggiate;Asciutto;Asfaltata;Verticale ed orizzontale;Sereno;Scarso;Sufficiente;;3;0;0;3;12.4605;41.9372;-1;2;Autovettura privata;In marcia / fermata / arresto;Passeggero;M;Rimandato;0;NON DECEDUTO;;
5612534;5;25/09/2021 11:30:00;Strada Urbana;VIA GIOVANNI ZANARDINI;da specificare;;;;altezza Via Spegazzini dir. Nomentana;Scontro laterale fra veicoli in marcia;Rettilineo;Una carreggiata a doppio senso;Asciutto;Asfaltata;Orizzontale;Sereno;Normale;Buona;;0;0;0;5;12.5462;41.937;-1;1;Autovettura privata;In marcia / fermata / arresto;Conducente;F;Illeso;0;;Non accertato;Inesploso
5612534;5;25/09/2021 11:30:00;Strada Urbana;VIA GIOVANNI ZANARDINI;da specificare;;;;altezza Via Spegazzini dir. Nomentana;Scontro laterale fra veicoli in marcia;Rettilineo;Una carreggiata a doppio senso;Asciutto;Asfaltata;Orizzontale;Sereno;Normale;Buona;;0;0;0;5;12.5462;41.937;-1;1;Autovettura privata;In marcia / fermata / arresto;Passeggero;F;Illeso;0;;Utilizzato;Inesploso
5612534;5;25/09/2021 11:30:00;Strada Urbana;VIA GIOVANNI ZANARDINI;da specificare;;;;altezza Via Spegazzini dir. Nomentana;Scontro laterale fra veicoli in marcia;Rettilineo;Una carreggiata a doppio senso;Asciutto;Asfaltata;Orizzontale;Sereno;Normale;Buona;;0;0;0;5;12.5462;41.937;-1;1;Autovettura privata;In marcia / fermata / arresto;Passeggero;F;Illeso;0;;Utilizzato;Inesploso
5612534;5;25/09/2021 11:30:00;Strada Urbana;VIA GIOVANNI ZANARDINI;da specificare;;;;altezza Via Spegazzini dir. Nomentana;Scontro laterale fra veicoli in marcia;Rettilineo;Una carreggiata a doppio senso;Asciutto;Asfaltata;Orizzontale;Sereno;Normale;Buona;;0;0;0;5;12.5462;41.937;-1;1;Autovettura privata;In marcia / fermata / arresto;Passeggero;F;Illeso;0;;Utilizzato;Inesploso
5612534;5;25/09/2021 11:30:00;Strada Urbana;VIA GIOVANNI ZANARDINI;da specificare;;;;altezza Via Spegazzini dir. Nomentana;Scontro laterale fra veicoli in marcia;Rettilineo;Una carreggiata a doppio senso;Asciutto;Asfaltata;Orizzontale;Sereno;Normale;Buona;;0;0;0;5;12.5462;41.937;-1;2;Motociclo a solo;In marcia / fermata / arresto;Conducente;M;Illeso;0;;Non accertato;
5612544;5;25/09/2021 20:30:00;Strada Urbana;VIA DI PIETRALATA;all'intersezione con;VIA SILVANO;VIA SILVANO;;;Scontro laterale fra veicoli in marcia;Incrocio;Una carreggiata a doppio senso;Asciutto;Asfaltata;Verticale ed orizzontale;Sereno;Normale;Buona;;0;0;0;6;12.5535;41.9188;-1;1;Autovettura privata;In marcia / fermata / arresto;Conducente;F;Illeso;0;;Non accertato;
5612544;5;25/09/2021 20:30:00;Strada Urbana;VIA DI PIETRALATA;all'intersezione con;VIA SILVANO;VIA SILVANO;;;Scontro laterale fra veicoli in marcia;Incrocio;Una carreggiata a doppio senso;Asciutto;Asfaltata;Verticale ed orizzontale;Sereno;Normale;Buona;;0;0;0;6;12.5535;41.9188;-1;1;Autovettura privata;In marcia / fermata / arresto;Passeggero;F;Illeso;0;;Non accertato;
5612544;5;25/09/2021 20:30:00;Strada Urbana;VIA DI PIETRALATA;all'intersezione con;VIA SILVANO;VIA SILVANO;;;Scontro laterale fra veicoli in marcia;Incrocio;Una carreggiata a doppio senso;Asciutto;Asfaltata;Verticale ed orizzontale;Sereno;Normale;Buona;;0;0;0;6;12.5535;41.9188;-1;2;Autovettura privata;In marcia / fermata / arresto;Conducente;M;Illeso;0;;Non accertato;
5612544;5;25/09/2021 20:30:00;Strada Urbana;VIA DI PIETRALATA;all'intersezione con;VIA SILVANO;VIA SILVANO;;;Scontro laterale fra veicoli in marcia;Incrocio;Una carreggiata a doppio senso;Asciutto;Asfaltata;Verticale ed orizzontale;Sereno;Normale;Buona;;0;0;0;6;12.5535;41.9188;-1;2;Autovettura privata;In marcia / fermata / arresto;Passeggero;M;Illeso;0;;Non accertato;
5612544;5;25/09/2021 20:30:00;Strada Urbana;VIA DI PIETRALATA;all'intersezione con;VIA SILVANO;VIA SILVANO;;;Scontro laterale fra veicoli in marcia;Incrocio;Una carreggiata a doppio senso;Asciutto;Asfaltata;Verticale ed orizzontale;Sereno;Normale;Buona;;0;0;0;6;12.5535;41.9188;-1;2;Autovettura privata;In marcia / fermata / arresto;Passeggero;F;Illeso;0;;Non accertato;Inesploso
5612544;5;25/09/2021 20:30:00;Strada Urbana;VIA DI PIETRALATA;all'intersezione con;VIA SILVANO;VIA SILVANO;;;Scontro laterale fra veicoli in marcia;Incrocio;Una carreggiata a doppio senso;Asciutto;Asfaltata;Verticale ed orizzontale;Sereno;Normale;Buona;;0;0;0;6;12.5535;41.9188;-1;2;Autovettura privata;In marcia / fermata / arresto;Passeggero;F;Illeso;0;;Non accertato;Inesploso
5612545;19;25/09/2021 11:00:00;Strada Urbana;VIALE DELLE MEDAGLIE D'ORO;all'intersezione semaforizzata con;VIA MARZIALE;VIA MARZIALE;;;Scontro frontale/laterale DX fra veicoli in marcia;Intersezione semaforizzata;Una carreggiata a doppio senso;Asciutto;Asfaltata;Verticale ed orizzontale;Sereno;Normale;Buona;;1;0;0;1;12.4436;41.9119;-1;1;Autovettura privata;In marcia / fermata / arresto;Conducente;M;Illeso;0;;Non accertato;Inesploso
5612545;19;25/09/2021 11:00:00;Strada Urbana;VIALE DELLE MEDAGLIE D'ORO;all'intersezione semaforizzata con;VIA MARZIALE;VIA MARZIALE;;;Scontro frontale/laterale DX fra veicoli in marcia;Intersezione semaforizzata;Una carreggiata a doppio senso;Asciutto;Asfaltata;Verticale ed orizzontale;Sereno;Normale;Buona;;1;0;0;1;12.4436;41.9119;-1;2;Motociclo a solo;In marcia / fermata / arresto;Conducente;M;Rimandato;0;NON DECEDUTO;;
5612549;9;26/09/2021 11:25:00;;PIAZZA ROSELLE;in corrispondenza;;del civico n.;10;;Scontro laterale fra veicoli in marcia;;;;;;;;;;0;0;0;2;12.5107;41.8739;0;1;Autovettura privata;In marcia / fermata / arresto;Conducente;;Illeso;0;;;
5612549;9;26/09/2021 11:25:00;;PIAZZA ROSELLE;in corrispondenza;;del civico n.;10;;Scontro laterale fra veicoli in marcia;;;;;;;;;;0;0;0;2;12.5107;41.8739;0;1;Autovettura privata;In marcia / fermata / arresto;Passeggero;M;Illeso;0;;;
5612549;9;26/09/2021 11:25:00;;PIAZZA ROSELLE;in corrispondenza;;del civico n.;10;;Scontro laterale fra veicoli in marcia;;;;;;;;;;0;0;0;2;12.5107;41.8739;0;2;Motociclo a solo;In marcia / fermata / arresto;Conducente;;Illeso;0;;;
5612550;18;24/09/2021 23:00:00;Strada Urbana;VIA DI BOCCEA;in prossimit�;;del civico n.;541;;Scontro laterale fra veicoli in marcia;Rettilineo;Una carreggiata a senso unico di marcia;Asciutto;Asfaltata;Verticale ed orizzontale;Sereno;Normale;Sufficiente;;0;0;0;3;12.3858;41.9144;-1;1;Autovettura privata;In marcia / fermata / arresto;Conducente;F;Illeso;0;;Non accertato;Inesploso
5612550;18;24/09/2021 23:00:00;Strada Urbana;VIA DI BOCCEA;in prossimit�;;del civico n.;541;;Scontro laterale fra veicoli in marcia;Rettilineo;Una carreggiata a senso unico di marcia;Asciutto;Asfaltata;Verticale ed orizzontale;Sereno;Normale;Sufficiente;;0;0;0;3;12.3858;41.9144;-1;1;Autovettura privata;In marcia / fermata / arresto;Passeggero;M;Illeso;0;;Non accertato;Inesploso
5612550;18;24/09/2021 23:00:00;Strada Urbana;VIA DI BOCCEA;in prossimit�;;del civico n.;541;;Scontro laterale fra veicoli in marcia;Rettilineo;Una carreggiata a senso unico di marcia;Asciutto;Asfaltata;Verticale ed orizzontale;Sereno;Normale;Sufficiente;;0;0;0;3;12.3858;41.9144;-1;2;Autocarro inferiore 35 q.;In marcia / fermata / arresto;Conducente;M;Illeso;0;;Non accertato;Inesploso
5612553;17;24/09/2021 00:15:00;Strada Urbana;VIA DI S. MARCO;all'intersezione con;VIA D'ARACOELI;VIA D'ARACOELI;;;Scontro frontale/laterale SX fra veicoli in marcia;Intersezione semaforizzata;Due carreggiate;Asciutto;Asfaltata;Verticale ed orizzontale;Sereno;Scarso;Sufficiente;;0;0;0;2;12.4802;41.895;-1;1;Autovettura pubblica;In marcia / fermata / arresto;Conducente;M;Illeso;0;;;
5612553;17;24/09/2021 00:15:00;Strada Urbana;VIA DI S. MARCO;all'intersezione con;VIA D'ARACOELI;VIA D'ARACOELI;;;Scontro frontale/laterale SX fra veicoli in marcia;Intersezione semaforizzata;Due carreggiate;Asciutto;Asfaltata;Verticale ed orizzontale;Sereno;Scarso;Sufficiente;;0;0;0;2;12.4802;41.895;-1;2;Monopattino elettrico;In marcia / fermata / arresto;Conducente;M;Illeso;0;;;
5612559;5;26/09/2021 04:45:00;Strada Urbana;VIALE PALMIRO TOGLIATTI;da specificare;;;;svincolo inversione di marcia dir. Prenestina;Veicolo in marcia contro ostacolo fisso;Rettilineo;Una carreggiata a senso unico di marcia;Asciutto;Asfaltata;Verticale ed orizzontale;Sereno;Scarso;Insufficiente;;0;0;0;1;12.5747;41.8947;-1;1;Autovettura privata;In marcia / fermata / arresto;Conducente;M;Illeso;0;;Non accertato;
5612561;13;25/09/2021 09:20:00;Strada Urbana;VIALE VASCO DE GAMA;in prossimit�;;del civico n.;273;;Scontro laterale fra veicoli in marcia;Rettilineo;Due carreggiate;Asciutto;Asfaltata;Assente;Sereno;Scarso;Sufficiente;;0;0;0;2;12.2702;41.7359;-1;1;Autovettura privata;In marcia / fermata / arresto;Conducente;M;Illeso;0;;Non accertato;Inesploso
5612561;13;25/09/2021 09:20:00;Strada Urbana;VIALE VASCO DE GAMA;in prossimit�;;del civico n.;273;;Scontro laterale fra veicoli in marcia;Rettilineo;Due carreggiate;Asciutto;Asfaltata;Assente;Sereno;Scarso;Sufficiente;;0;0;0;2;12.2702;41.7359;-1;2;Autovettura privata;In marcia / fermata / arresto;Conducente;M;Illeso;0;;Non accertato;Inesploso
5612563;20;25/09/2021 03:10:00;Strada Urbana;VIA ALESSANDRO FLEMING;in prossimit�;;del civico n.;49;;Veicolo in marcia contro veicolo in sosta;Rettilineo;Una carreggiata a doppio senso;Asciutto;Asfaltata;Assente;Sereno;Normale;Sufficiente;;0;0;0;0;12.4738;41.9385;0;1;Autovettura privata;Allontanatosi;;;;;;;
5612563;20;25/09/2021 03:10:00;Strada Urbana;VIA ALESSANDRO FLEMING;in prossimit�;;del civico n.;49;;Veicolo in marcia contro veicolo in sosta;Rettilineo;Una carreggiata a doppio senso;Asciutto;Asfaltata;Assente;Sereno;Normale;Sufficiente;;0;0;0;0;12.4738;41.9385;0;2;Autovettura privata;Sosta;;;;;;;
5612563;20;25/09/2021 03:10:00;Strada Urbana;VIA ALESSANDRO FLEMING;in prossimit�;;del civico n.;49;;Veicolo in marcia contro veicolo in sosta;Rettilineo;Una carreggiata a doppio senso;Asciutto;Asfaltata;Assente;Sereno;Normale;Sufficiente;;0;0;0;0;12.4738;41.9385;0;3;Autovettura privata;Sosta;;;;;;;
5612577;4;25/09/2021 13:45:00;Provinciale;VIA NOMENTANA;in corrispondenza;;della chilometrica;13.2;;Tamponamento Multiplo;Rettilineo;Una carreggiata a doppio senso;Asciutto;Asfaltata;Verticale;Sereno;Normale;Buona;;1;0;0;2;12.6132;41.9724;-1;1;Autovettura privata;In marcia / fermata / arresto;Conducente;F;Illeso;0;;;
5612577;4;25/09/2021 13:45:00;Provinciale;VIA NOMENTANA;in corrispondenza;;della chilometrica;13.2;;Tamponamento Multiplo;Rettilineo;Una carreggiata a doppio senso;Asciutto;Asfaltata;Verticale;Sereno;Normale;Buona;;1;0;0;2;12.6132;41.9724;-1;2;Autovettura privata;In marcia / fermata / arresto;Conducente;F;Rifiuta cure immediate;0;NON DECEDUTO;;
5612577;4;25/09/2021 13:45:00;Provinciale;VIA NOMENTANA;in corrispondenza;;della chilometrica;13.2;;Tamponamento Multiplo;Rettilineo;Una carreggiata a doppio senso;Asciutto;Asfaltata;Verticale;Sereno;Normale;Buona;;1;0;0;2;12.6132;41.9724;-1;3;Autovettura privata;In marcia / fermata / arresto;Conducente;F;Illeso;0;;;
5612585;3;24/09/2021 10:00:00;Strada Urbana;VIA DOMENICO MORICHINI;all'intersezione con;VIALE IPPOCRATE;VIALE IPPOCRATE;;;Investimento di pedone;Incrocio;Una carreggiata a senso unico di marcia;Asciutto;Asfaltata;Verticale ed orizzontale;Sereno;Normale;Buona;;1;0;0;1;12.5195;41.909;-1;;;;Pedone;M;Rimandato;0;NON DECEDUTO;;
5612585;3;24/09/2021 10:00:00;Strada Urbana;VIA DOMENICO MORICHINI;all'intersezione con;VIALE IPPOCRATE;VIALE IPPOCRATE;;;Investimento di pedone;Incrocio;Una carreggiata a senso unico di marcia;Asciutto;Asfaltata;Verticale ed orizzontale;Sereno;Normale;Buona;;1;0;0;1;12.5195;41.909;-1;1;Autovettura privata;In marcia / fermata / arresto;Conducente;M;Illeso;0;;Non accertato;Inesploso
5612586;19;25/09/2021 23:30:00;Strada Urbana;LARGO GIORGIO MACCAGNO;in corrispondenza;;del civico n.;13;;Veicolo in marcia contro ostacolo accidentale;Rettilineo;Una carreggiata a senso unico di marcia;Asciutto;Asfaltata;Verticale ed orizzontale;Sereno;Normale;Buona;;0;0;0;1;12.4385;41.9161;-1;1;Ciclomotore;In marcia / fermata / arresto;Conducente;M;Illeso;0;;;
5612605;9;26/09/2021 16:00:00;Strada Urbana;PIAZZA TUSCOLO;all'intersezione con;VIA ELVIA RECINA;VIA ELVIA RECINA;;;Scontro frontale/laterale DX fra veicoli in marcia;Incrocio;Una carreggiata a senso unico di marcia;Asciutto;Asfaltata;Assente;Sereno;Scarso;Buona;;0;0;0;2;12.5082;41.8804;-1;1;Autovettura privata;In marcia / fermata / arresto;Conducente;M;Illeso;0;;Non accertato;Inesploso
5612605;9;26/09/2021 16:00:00;Strada Urbana;PIAZZA TUSCOLO;all'intersezione con;VIA ELVIA RECINA;VIA ELVIA RECINA;;;Scontro frontale/laterale DX fra veicoli in marcia;Incrocio;Una carreggiata a senso unico di marcia;Asciutto;Asfaltata;Assente;Sereno;Scarso;Buona;;0;0;0;2;12.5082;41.8804;-1;2;Autovettura privata;In marcia / fermata / arresto;Conducente;M;Illeso;0;;Non accertato;Inesploso
5612606;18;24/09/2021 17:00:00;Statale entro l'abitato;VIA AURELIA;in prossimit�;;del civico n.;275;;Scontro laterale fra veicoli in marcia;Rettilineo;Una carreggiata a doppio senso;Asciutto;Asfaltata;Verticale ed orizzontale;Sereno;Normale;Buona;;1;0;0;1;12.4386;41.8982;-1;1;Autovettura privata;In marcia / fermata / arresto;Conducente;F;Illeso;0;;Non accertato;Inesploso
5612606;18;24/09/2021 17:00:00;Statale entro l'abitato;VIA AURELIA;in prossimit�;;del civico n.;275;;Scontro laterale fra veicoli in marcia;Rettilineo;Una carreggiata a doppio senso;Asciutto;Asfaltata;Verticale ed orizzontale;Sereno;Normale;Buona;;1;0;0;1;12.4386;41.8982;-1;2;Motociclo a solo;In marcia / fermata / arresto;Conducente;M;Rimandato;0;NON DECEDUTO;Non accertato;
5612610;19;26/09/2021 08:10:00;Strada Urbana;VIA EUGENIO DI MATTEI;in prossimit�;;del civico n.;60;;Scontro laterale fra veicoli in marcia;Rettilineo;Una carreggiata a doppio senso;Asciutto;Asfaltata;Verticale ed orizzontale;Nuvoloso;Scarso;Buona;;0;0;0;3;12.4177;41.9443;-1;1;Autocarro inferiore 35 q.;In marcia / fermata / arresto;Conducente;M;Illeso;0;;Non accertato;
5612610;19;26/09/2021 08:10:00;Strada Urbana;VIA EUGENIO DI MATTEI;in prossimit�;;del civico n.;60;;Scontro laterale fra veicoli in marcia;Rettilineo;Una carreggiata a doppio senso;Asciutto;Asfaltata;Verticale ed orizzontale;Nuvoloso;Scarso;Buona;;0;0;0;3;12.4177;41.9443;-1;2;Motociclo con passeggero;In marcia / fermata / arresto;Conducente;M;Illeso;0;;Non accertato;
5612610;19;26/09/2021 08:10:00;Strada Urbana;VIA EUGENIO DI MATTEI;in prossimit�;;del civico n.;60;;Scontro laterale fra veicoli in marcia;Rettilineo;Una carreggiata a doppio senso;Asciutto;Asfaltata;Verticale ed orizzontale;Nuvoloso;Scarso;Buona;;0;0;0;3;12.4177;41.9443;-1;2;Motociclo con passeggero;In marcia / fermata / arresto;Passeggero;M;Illeso;0;;Non accertato;
5612616;13;26/09/2021 12:25:00;Strada Urbana;VIALE DI CASTEL PORZIANO;all'intersezione con;VIA DELLA CACCIUTA;VIA DELLA CACCIUTA;;;Scontro frontale/laterale DX fra veicoli in marcia;Incrocio;Una carreggiata a doppio senso;Asciutto;Asfaltata;Verticale;Nuvoloso;Normale;Buona;;0;0;0;4;12.3491;41.7308;-1;1;Autovettura privata;In marcia / fermata / arresto;Conducente;M;Illeso;0;;Non accertato;Inesploso
5612616;13;26/09/2021 12:25:00;Strada Urbana;VIALE DI CASTEL PORZIANO;all'intersezione con;VIA DELLA CACCIUTA;VIA DELLA CACCIUTA;;;Scontro frontale/laterale DX fra veicoli in marcia;Incrocio;Una carreggiata a doppio senso;Asciutto;Asfaltata;Verticale;Nuvoloso;Normale;Buona;;0;0;0;4;12.3491;41.7308;-1;1;Autovettura privata;In marcia / fermata / arresto;Passeggero;F;Illeso;0;;Non accertato;Inesploso
5612616;13;26/09/2021 12:25:00;Strada Urbana;VIALE DI CASTEL PORZIANO;all'intersezione con;VIA DELLA CACCIUTA;VIA DELLA CACCIUTA;;;Scontro frontale/laterale DX fra veicoli in marcia;Incrocio;Una carreggiata a doppio senso;Asciutto;Asfaltata;Verticale;Nuvoloso;Normale;Buona;;0;0;0;4;12.3491;41.7308;-1;2;Autovettura privata;In marcia / fermata / arresto;Conducente;F;Illeso;0;;Non accertato;Inesploso
5612616;13;26/09/2021 12:25:00;Strada Urbana;VIALE DI CASTEL PORZIANO;all'intersezione con;VIA DELLA CACCIUTA;VIA DELLA CACCIUTA;;;Scontro frontale/laterale DX fra veicoli in marcia;Incrocio;Una carreggiata a doppio senso;Asciutto;Asfaltata;Verticale;Nuvoloso;Normale;Buona;;0;0;0;4;12.3491;41.7308;-1;2;Autovettura privata;In marcia / fermata / arresto;Passeggero;M;Illeso;0;;Non accertato;Inesistente
5612627;9;27/09/2021 00:25:00;Strada Urbana;VIA DELLA BATTERIA DI PORTA FURBA;all'intersezione con;VIA DI PORTA FURBA;VIA DI PORTA FURBA;;;Scontro laterale fra veicoli in marcia;Intersezione stradale segnalata;Una carreggiata a doppio senso;Asciutto;Asfaltata;Verticale ed orizzontale;Sereno;Scarso;Sufficiente;;1;0;0;1;12.5411;41.871;-1;1;Autovettura privata;In marcia / fermata / arresto;Conducente;M;Illeso;0;;Non accertato;Inesploso
5612627;9;27/09/2021 00:25:00;Strada Urbana;VIA DELLA BATTERIA DI PORTA FURBA;all'intersezione con;VIA DI PORTA FURBA;VIA DI PORTA FURBA;;;Scontro laterale fra veicoli in marcia;Intersezione stradale segnalata;Una carreggiata a doppio senso;Asciutto;Asfaltata;Verticale ed orizzontale;Sereno;Scarso;Sufficiente;;1;0;0;1;12.5411;41.871;-1;2;Motociclo a solo;In marcia / fermata / arresto;Conducente;M;Rimandato;0;NON DECEDUTO;Non accertato;
5612649;20;25/09/2021 14:20:00;Strada Urbana;VIA CIVITA CASTELLANA;all'intersezione con;VIALE DI TOR DI QUINTO;VIALE DI TOR DI QUINTO;;;Tamponamento;Intersezione non regolata/non segnalata;Due carreggiate;Asciutto;Asfaltata;Verticale ed orizzontale;Sereno;Normale;Buona;;0;0;0;3;12.4708;41.9381;-1;1;Autovettura privata;In marcia / fermata / arresto;Conducente;M;Illeso;0;;Non accertato;Inesploso
5612649;20;25/09/2021 14:20:00;Strada Urbana;VIA CIVITA CASTELLANA;all'intersezione con;VIALE DI TOR DI QUINTO;VIALE DI TOR DI QUINTO;;;Tamponamento;Intersezione non regolata/non segnalata;Due carreggiate;Asciutto;Asfaltata;Verticale ed orizzontale;Sereno;Normale;Buona;;0;0;0;3;12.4708;41.9381;-1;2;Autovettura privata;In marcia / fermata / arresto;Conducente;M;Illeso;0;;Non accertato;Inesploso
5612649;20;25/09/2021 14:20:00;Strada Urbana;VIA CIVITA CASTELLANA;all'intersezione con;VIALE DI TOR DI QUINTO;VIALE DI TOR DI QUINTO;;;Tamponamento;Intersezione non regolata/non segnalata;Due carreggiate;Asciutto;Asfaltata;Verticale ed orizzontale;Sereno;Normale;Buona;;0;0;0;3;12.4708;41.9381;-1;2;Autovettura privata;In marcia / fermata / arresto;Passeggero;F;Illeso;0;;Non accertato;Inesploso
5612656;19;26/09/2021 15:15:00;Strada Urbana;VIA MATTIA BATTISTINI;in prossimit�;;del civico n.;228;;Scontro frontale/laterale SX fra veicoli in marcia;Rettilineo;Una carreggiata a doppio senso;Asciutto;Asfaltata;Orizzontale;Sereno;Scarso;Buona;;0;0;0;3;12.4187;41.9152;-1;1;Autovettura privata;In marcia / fermata / arresto;Conducente;M;Illeso;0;;Non accertato;Inesploso
5612656;19;26/09/2021 15:15:00;Strada Urbana;VIA MATTIA BATTISTINI;in prossimit�;;del civico n.;228;;Scontro frontale/laterale SX fra veicoli in marcia;Rettilineo;Una carreggiata a doppio senso;Asciutto;Asfaltata;Orizzontale;Sereno;Scarso;Buona;;0;0;0;3;12.4187;41.9152;-1;1;Autovettura privata;In marcia / fermata / arresto;Passeggero;F;Illeso;0;;Non accertato;Inesploso
5612656;19;26/09/2021 15:15:00;Strada Urbana;VIA MATTIA BATTISTINI;in prossimit�;;del civico n.;228;;Scontro frontale/laterale SX fra veicoli in marcia;Rettilineo;Una carreggiata a doppio senso;Asciutto;Asfaltata;Orizzontale;Sereno;Scarso;Buona;;0;0;0;3;12.4187;41.9152;-1;2;Motociclo a solo;In marcia / fermata / arresto;Conducente;M;Illeso;0;;Non accertato;
5612663;17;26/09/2021 15:05:00;Strada Urbana;VIALE VATICANO;in corrispondenza;;del civico n.;79;;Veicolo in marcia contro veicolo in sosta;Rettilineo;Una carreggiata a doppio senso;Asciutto;Asfaltata;Verticale ed orizzontale;Sereno;Scarso;Buona;;0;0;0;1;12.45;41.9062;-1;1;Autovettura privata;Sosta;;;;;;;
5612663;17;26/09/2021 15:05:00;Strada Urbana;VIALE VATICANO;in corrispondenza;;del civico n.;79;;Veicolo in marcia contro veicolo in sosta;Rettilineo;Una carreggiata a doppio senso;Asciutto;Asfaltata;Verticale ed orizzontale;Sereno;Scarso;Buona;;0;0;0;1;12.45;41.9062;-1;2;Autovettura privata;In marcia / fermata / arresto;Conducente;M;Illeso;0;;;
5612664;13;25/09/2021 19:50:00;;VIALE DEI ROMAGNOLI;da specificare;;;;pross. km 25.100 della VIA DEL MARE;Veicolo in marcia contro ostacolo accidentale;;;;;;;;;;0;0;0;2;;;0;1;Autovettura privata;In marcia / fermata / arresto;Conducente;M;Illeso;0;;;
5612664;13;25/09/2021 19:50:00;;VIALE DEI ROMAGNOLI;da specificare;;;;pross. km 25.100 della VIA DEL MARE;Veicolo in marcia contro ostacolo accidentale;;;;;;;;;;0;0;0;2;;;0;1;Autovettura privata;In marcia / fermata / arresto;Passeggero;F;Illeso;0;;;
5612669;20;25/09/2021 17:00:00;Strada Urbana;VIA CASSIA;in prossimit�;;del civico n.;1866;;Tamponamento;Rettilineo;Una carreggiata a doppio senso;Asciutto;Asfaltata;Verticale ed orizzontale;Sereno;Normale;Buona;;1;0;0;1;12.3769;42.0223;-1;1;Autovettura privata;In marcia / fermata / arresto;Conducente;F;Rimandato;0;NON DECEDUTO;Non accertato;Inesploso
5612669;20;25/09/2021 17:00:00;Strada Urbana;VIA CASSIA;in prossimit�;;del civico n.;1866;;Tamponamento;Rettilineo;Una carreggiata a doppio senso;Asciutto;Asfaltata;Verticale ed orizzontale;Sereno;Normale;Buona;;1;0;0;1;12.3769;42.0223;-1;2;Autovettura privata;In marcia / fermata / arresto;Conducente;F;Illeso;0;;Non accertato;Inesploso