Protocollo;Gruppo;DataOraIncidente;Localizzazione1;STRADA1;Localizzazione2;STRADA2;Strada02;Chilometrica;DaSpecificare;NaturaIncidente;particolaritastrade;TipoStrada;FondoStradale;Pavimentazione;Segnaletica;CondizioneAtmosferica;Traffico;Visibilita;Illuminazione;NUM_FERITI;NUM_RISERVATA;NUM_MORTI;NUM_ILLESI;Longitudine;Latitudine;Confermato;Progressivo;TipoVeicolo;StatoVeicolo;TipoPersona;Sesso;Tipolesione;Deceduto;DecedutoDopo;CinturaCascoUtilizzato;Airbag;
5614397;5;27/09/2021 21:25:00;Strada Urbana;VIA SAN SEVERINO MARCHE;all'intersezione con;VIA CIVITANOVA MARCHE;VIA CIVITANOVA MARCHE;;;Scontro frontale/laterale DX fra veicoli in marcia;Incrocio;Una carreggiata a senso unico di marcia;Bagnato (pioggia);Asfaltata;Verticale ed orizzontale;Sereno;Scarso;Sufficiente;;0;0;0;4;12.586;41.9429;-1;2;Autovettura privata;In marcia / fermata / arresto;Conducente;F;Illeso;0;;Non accertato;
5614429;9;27/09/2021 16:30:00;Strada Urbana;VIA LATINA;all'intersezione con;VIALE DELLE MURA LATINE;VIALE DELLE MURA LATINE;;;Scontro frontale/laterale SX fra veicoli in marcia;Incrocio;Una carreggiata a doppio senso;Asciutto;Asfaltata;Verticale ed orizzontale;Sereno;Normale;Buona;;1;0;0;1;12.5026;41.8764;-1;1;Autovettura privata;In marcia / fermata / arresto;Conducente;M;Illeso;0;;Non accertato;Inesploso
5614429;9;27/09/2021 16:30:00;Strada Urbana;VIA LATINA;all'intersezione con;VIALE DELLE MURA LATINE;VIALE DELLE MURA LATINE;;;Scontro frontale/laterale SX fra veicoli in marcia;Incrocio;Una carreggiata a doppio senso;Asciutto;Asfaltata;Verticale ed orizzontale;Sereno;Normale;Buona;;1;0;0;1;12.5026;41.8764;-1;2;Autovettura privata;In marcia / fermata / arresto;Conducente;F;Rimandato;0;NON DECEDUTO;Non accertato;Esploso
5614465;2;27/09/2021 07:10:00;Strada Urbana;VIA SALARIA;all'intersezione con;VIA DI VILLA ADA;VIA DI VILLA ADA;;;Scontro laterale fra veicoli in marcia;Intersezione stradale segnalata;Una carreggiata a doppio senso;Asciutto;Asfaltata;Verticale ed orizzontale;Nuvoloso;Normale;Buona;;1;0;0;1;12.5115;41.9873;-1;1;Autovettura privata;In marcia / fermata / arresto;Conducente;F;Illeso;0;;;
5614465;2;27/09/2021 07:10:00;Strada Urbana;VIA SALARIA;all'intersezione con;VIA DI VILLA ADA;VIA DI VILLA ADA;;;Scontro laterale fra veicoli in marcia;Intersezione stradale segnalata;Una carreggiata a doppio senso;Asciutto;Asfaltata;Verticale ed orizzontale;Nuvoloso;Normale;Buona;;1;0;0;1;12.5115;41.9873;-1;2;Motociclo con passeggero;In marcia / fermata / arresto;Conducente;M;Rimandato;0;NON DECEDUTO;;
5614469;9;27/09/2021 19:55:00;;LARGO FERDINANDO GREGOROVIUS;da specificare;;;;FRONTE CIV. 4;Veicolo in marcia contro veicolo in sosta;;;;;;;;;;0;0;0;0;12.513;41.8721;0;1;Autovettura privata;In marcia / fermata / arresto;;;;;;;
5614469;9;27/09/2021 19:55:00;;LARGO FERDINANDO GREGOROVIUS;da specificare;;;;FRONTE CIV. 4;Veicolo in marcia contro veicolo in sosta;;;;;;;;;;0;0;0;0;12.513;41.8721;0;2;Autovettura privata;Sosta;;;;;;;
5614494;17;27/09/2021 07:10:00;Strada Urbana;PIAZZALE DEGLI EROI;all'intersezione semaforizzata con;CIRCONVALLAZIONE TRIONFALE;CIRCONVALLAZIONE TRIONFALE;;;Scontro frontale/laterale SX fra veicoli in marcia;Intersezione semaforizzata;Due carreggiate;Asciutto;Asfaltata;Verticale ed orizzontale;Sereno;Normale;Buona;;0;0;0;2;12.4485;41.9091;-1;1;Autocarro inferiore 35 q.;In marcia / fermata / arresto;Conducente;M;Illeso;0;;Utilizzato;Inesploso
5614494;17;27/09/2021 07:10:00;Strada Urbana;PIAZZALE DEGLI EROI;all'intersezione semaforizzata con;CIRCONVALLAZIONE TRIONFALE;CIRCONVALLAZIONE TRIONFALE;;;Scontro frontale/laterale SX fra veicoli in marcia;Intersezione semaforizzata;Due carreggiate;Asciutto;Asfaltata;Verticale ed orizzontale;Sereno;Normale;Buona;;0;0;0;2;12.4485;41.9091;-1;2;Autovettura privata;In marcia / fermata / arresto;Conducente;M;Illeso;0;;Non accertato;Inesploso
5614495;2;27/09/2021 17:20:00;Strada Urbana;VIA BARNABA ORIANI;in prossimit�;;del civico n.;9;;Scontro frontale/laterale DX fra veicoli in marcia;Rettilineo;Una carreggiata a doppio senso;Asciutto;Asfaltata;Verticale ed orizzontale;Nuvoloso;Normale;Buona;;0;0;0;3;12.4853;41.9255;-1;1;Autovettura privata;In marcia / fermata / arresto;Conducente;M;Illeso;0;;Non accertato;Inesploso
5614495;2;27/09/2021 17:20:00;Strada Urbana;VIA BARNABA ORIANI;in prossimit�;;del civico n.;9;;Scontro frontale/laterale DX fra veicoli in marcia;Rettilineo;Una carreggiata a doppio senso;Asciutto;Asfaltata;Verticale ed orizzontale;Nuvoloso;Normale;Buona;;0;0;0;3;12.4853;41.9255;-1;2;Autovettura privata;In marcia / fermata / arresto;Conducente;M;Illeso;0;;Non accertato;Inesploso
5614495;2;27/09/2021 17:20:00;Strada Urbana;VIA BARNABA ORIANI;in prossimit�;;del civico n.;9;;Scontro frontale/laterale DX fra veicoli in marcia;Rettilineo;Una carreggiata a doppio senso;Asciutto;Asfaltata;Verticale ed orizzontale;Nuvoloso;Normale;Buona;;0;0;0;3;12.4853;41.9255;-1;2;Autovettura privata;In marcia / fermata / arresto;Passeggero;M;Illeso;0;;Non accertato;Inesploso
5614505;18;23/09/2021 06:15:00;Strada Urbana;VIA NICOLA COVIELLO;in prossimit�;;del civico n.;26;;Veicolo in marcia contro veicolo in sosta;Curva senza visuale libera;Una carreggiata a senso unico di marcia;Asciutto;Asfaltata;Verticale ed orizzontale;Sereno;Scarso;Sufficiente;;0;0;0;1;12.4112;41.8921;-1;1;Autobus urbano;In marcia / fermata / arresto;Conducente;M;Illeso;0;;Non accertato;Inesploso
5614505;18;23/09/2021 06:15:00;Strada Urbana;VIA NICOLA COVIELLO;in prossimit�;;del civico n.;26;;Veicolo in marcia contro veicolo in sosta;Curva senza visuale libera;Una carreggiata a senso unico di marcia;Asciutto;Asfaltata;Verticale ed orizzontale;Sereno;Scarso;Sufficiente;;0;0;0;1;12.4112;41.8921;-1;2;Autovettura privata;Sosta;;;;;;;
5614511;2;27/09/2021 19:06:00;Strada Urbana;PIAZZALE DELLE BELLE ARTI;in prossimit�;;del civico n.;5;;Scontro frontale fra veicoli in marcia;Rettilineo;Due carreggiate;Asciutto;Asfaltata;Verticale ed orizzontale;Sereno;Intenso;Sufficiente;;1;0;0;1;12.472;41.9187;-1;1;Velocipede;In marcia / fermata / arresto;Conducente;M;Illeso;0;;Esente;
5614511;2;27/09/2021 19:06:00;Strada Urbana;PIAZZALE DELLE BELLE ARTI;in prossimit�;;del civico n.;5;;Scontro frontale fra veicoli in marcia;Rettilineo;Due carreggiate;Asciutto;Asfaltata;Verticale ed orizzontale;Sereno;Intenso;Sufficiente;;1;0;0;1;12.472;41.9187;-1;2;Motociclo a solo;In marcia / fermata / arresto;Conducente;F;Rimandato;0;NON DECEDUTO;;
5614516;2;27/09/2021 19:20:00;Strada Urbana;PIAZZA CRATI;in prossimit�;;del civico n.;26;;Tamponamento;Rettilineo;Una carreggiata a doppio senso;Asciutto;Asfaltata;Verticale ed orizzontale;Sereno;Normale;Buona;;1;0;0;2;12.5104;41.9268;-1;1;Motociclo a solo;In marcia / fermata / arresto;Conducente;M;Rimandato;0;NON DECEDUTO;;
5614516;2;27/09/2021 19:20:00;Strada Urbana;PIAZZA CRATI;in prossimit�;;del civico n.;26;;Tamponamento;Rettilineo;Una carreggiata a doppio senso;Asciutto;Asfaltata;Verticale ed orizzontale;Sereno;Normale;Buona;;1;0;0;2;12.5104;41.9268;-1;2;Autovettura privata;In marcia / fermata / arresto;Conducente;F;Illeso;0;;Non accertato;Inesploso
5614516;2;27/09/2021 19:20:00;Strada Urbana;PIAZZA CRATI;in prossimit�;;del civico n.;26;;Tamponamento;Rettilineo;Una carreggiata a doppio senso;Asciutto;Asfaltata;Verticale ed orizzontale;Sereno;Normale;Buona;;1;0;0;2;12.5104;41.9268;-1;2;Autovettura privata;In marcia / fermata / arresto;Passeggero;F;Illeso;0;;;
5614585;10;28/09/2021 09:10:00;Strada Urbana;VIA APPIA NUOVA;da specificare;;;;in corrisp. palo Acea 433 pross. civ 1244 dir. GRA;Scontro laterale fra veicoli in marcia;Rettilineo;Due carreggiate;Asciutto;Asfaltata;Verticale ed orizzontale;Sereno;Normale;Buona;;0;0;0;2;12.5652;41.8221;-1;1;Autovettura privata;In marcia / fermata / arresto;Conducente;M;Illeso;0;;Non accertato;Inesploso
5614585;10;28/09/2021 09:10:00;Strada Urbana;VIA APPIA NUOVA;da specificare;;;;in corrisp. palo Acea 433 pross. civ 1244 dir. GRA;Scontro laterale fra veicoli in marcia;Rettilineo;Due carreggiate;Asciutto;Asfaltata;Verticale ed orizzontale;Sereno;Normale;Buona;;0;0;0;2;12.5652;41.8221;-1;2;Autotreno;In marcia / fermata / arresto;Conducente;M;Illeso;0;;Non accertato;Inesploso
5614701;17;27/09/2021 10:20:00;Strada Urbana;VIALE ANGELICO;in prossimit�;;del civico n.;34;;Scontro laterale fra veicoli in marcia;Rettilineo;Pi� di due carreggiate;Asciutto;Asfaltata;Verticale ed orizzontale;Sereno;Normale;Buona;;1;0;0;1;12.4588;41.916;-1;1;Motociclo a solo;In marcia / fermata / arresto;Conducente;M;Rimandato;0;NON DECEDUTO;;
5614701;17;27/09/2021 10:20:00;Strada Urbana;VIALE ANGELICO;in prossimit�;;del civico n.;34;;Scontro laterale fra veicoli in marcia;Rettilineo;Pi� di due carreggiate;Asciutto;Asfaltata;Verticale ed orizzontale;Sereno;Normale;Buona;;1;0;0;1;12.4588;41.916;-1;2;Autovettura privata;In marcia / fermata / arresto;Conducente;F;Illeso;0;;;
5614780;17;27/09/2021 14:15:00;Strada Urbana;VIA ANGELO BROFFERIO;in corrispondenza;;del civico n.;45;;Scontro frontale/laterale SX fra veicoli in marcia;Rettilineo;Una carreggiata a doppio senso;Asciutto;Asfaltata;Verticale ed orizzontale;Nuvoloso;Normale;Buona;;1;0;0;1;12.4628;41.9149;0;1;Autovettura privata;In marcia / fermata / arresto;Conducente;F;Illeso;0;;Non accertato;Inesploso
5614780;17;27/09/2021 14:15:00;Strada Urbana;VIA ANGELO BROFFERIO;in corrispondenza;;del civico n.;45;;Scontro frontale/laterale SX fra veicoli in marcia;Rettilineo;Una carreggiata a doppio senso;Asciutto;Asfaltata;Verticale ed orizzontale;Nuvoloso;Normale;Buona;;1;0;0;1;12.4628;41.9149;0;2;Motociclo a solo;In marcia / fermata / arresto;Conducente;F;Rimandato;0;NON DECEDUTO;Non accertato;
5614809;1;28/09/2021 08:16:00;Strada Urbana;VIA VOLTURNO;all'intersezione semaforizzata con;VIA SOLFERINO;VIA SOLFERINO;;;Scontro frontale/laterale SX fra veicoli in marcia;Intersezione semaforizzata;Una carreggiata a doppio senso;Asciutto;Asfaltata;Verticale ed orizzontale;Sereno;Normale;Buona;;1;0;0;2;12.5;41.9042;-1;1;Motociclo a solo;In marcia / fermata / arresto;Conducente;M;Rimandato;0;NON DECEDUTO;;
5614809;1;28/09/2021 08:16:00;Strada Urbana;VIA VOLTURNO;all'intersezione semaforizzata con;VIA SOLFERINO;VIA SOLFERINO;;;Scontro frontale/laterale SX fra veicoli in marcia;Intersezione semaforizzata;Una carreggiata a doppio senso;Asciutto;Asfaltata;Verticale ed orizzontale;Sereno;Normale;Buona;;1;0;0;2;12.5;41.9042;-1;2;Autovettura pubblica;In marcia / fermata / arresto;Conducente;M;Illeso;0;;;
5614809;1;28/09/2021 08:16:00;Strada Urbana;VIA VOLTURNO;all'intersezione semaforizzata con;VIA SOLFERINO;VIA SOLFERINO;;;Scontro frontale/laterale SX fra veicoli in marcia;Intersezione semaforizzata;Una carreggiata a doppio senso;Asciutto;Asfaltata;Verticale ed orizzontale;Sereno;Normale;Buona;;1;0;0;2;12.5;41.9042;-1;2;Autovettura pubblica;In marcia / fermata / arresto;Passeggero;M;Illeso;0;;;
5614913;10;28/09/2021 12:15:00;Strada Urbana;VIA APPIA NUOVA;da specificare;;;;corsia inver. marcia alt.GRA dir. Castelli Romani;Scontro laterale fra veicoli in marcia;Curva a visuale libera;Due carreggiate;Asciutto;Asfaltata;Verticale ed orizzontale;Sereno;Normale;Buona;;0;0;0;2;12.571;41.8151;-1;1;Autovettura privata;In marcia / fermata / arresto;Conducente;M;Illeso;0;;Non accertato;Inesploso
5614913;10;28/09/2021 12:15:00;Strada Urbana;VIA APPIA NUOVA;da specificare;;;;corsia inver. marcia alt.GRA dir. Castelli Romani;Scontro laterale fra veicoli in marcia;Curva a visuale libera;Due carreggiate;Asciutto;Asfaltata;Verticale ed orizzontale;Sereno;Normale;Buona;;0;0;0;2;12.571;41.8151;-1;2;Autoarticolato;In marcia / fermata / arresto;Conducente;M;Illeso;0;;Non accertato;Inesploso
5614926;3;25/09/2021 01:10:00;Strada Urbana;VIA NOMENTANA;in prossimit�;;del civico n.;297;;Veicolo in marcia contro veicolo arresto;Rettilineo;Una carreggiata a senso unico di marcia;Asciutto;Asfaltata;Verticale ed orizzontale;Sereno;Scarso;Sufficiente;;1;0;0;2;12.512;41.9171;-1;1;Autovettura privata;In marcia / fermata / arresto;Conducente;M;Illeso;0;;Non accertato;
5614926;3;25/09/2021 01:10:00;Strada Urbana;VIA NOMENTANA;in prossimit�;;del civico n.;297;;Veicolo in marcia contro veicolo arresto;Rettilineo;Una carreggiata a senso unico di marcia;Asciutto;Asfaltata;Verticale ed orizzontale;Sereno;Scarso;Sufficiente;;1;0;0;2;12.512;41.9171;-1;1;Autovettura privata;In marcia / fermata / arresto;Passeggero;F;Illeso;0;;Non accertato;
5614926;3;25/09/2021 01:10:00;Strada Urbana;VIA NOMENTANA;in prossimit�;;del civico n.;297;;Veicolo in marcia contro veicolo arresto;Rettilineo;Una carreggiata a senso unico di marcia;Asciutto;Asfaltata;Verticale ed orizzontale;Sereno;Scarso;Sufficiente;;1;0;0;2;12.512;41.9171;-1;2;Motociclo a solo;In marcia / fermata / arresto;Conducente;M;Rimandato;0;NON DECEDUTO;Non accertato;
5614932;3;24/09/2021 17:30:00;Strada Urbana;VIA NOMENTANA;in prossimit�;;del civico n.;34;;Tamponamento;Rettilineo;Pi� di due carreggiate;Asciutto;Asfaltata;Verticale ed orizzontale;Sereno;Intenso;Buona;;1;0;0;2;12.5056;41.912;-1;1;Autovettura privata;In marcia / fermata / arresto;Conducente;M;Rimandato;0;NON DECEDUTO;;
5614932;3;24/09/2021 17:30:00;Strada Urbana;VIA NOMENTANA;in prossimit�;;del civico n.;34;;Tamponamento;Rettilineo;Pi� di due carreggiate;Asciutto;Asfaltata;Verticale ed orizzontale;Sereno;Intenso;Buona;;1;0;0;2;12.5056;41.912;-1;1;Autovettura privata;In marcia / fermata / arresto;Passeggero;M;Illeso;0;;;
5614932;3;24/09/2021 17:30:00;Strada Urbana;VIA NOMENTANA;in prossimit�;;del civico n.;34;;Tamponamento;Rettilineo;Pi� di due carreggiate;Asciutto;Asfaltata;Verticale ed orizzontale;Sereno;Intenso;Buona;;1;0;0;2;12.5056;41.912;-1;2;Autovettura privata;In marcia / fermata / arresto;Conducente;M;Illeso;0;;;
5614941;3;25/09/2021 14:45:00;Strada Urbana;LARGO GUIDO MAZZONI;da specificare;;;;ingresso taxi-bus;Veicolo in marcia contro veicolo fermo;Rettilineo;Una carreggiata a senso unico di marcia;Asciutto;Asfaltata;Verticale ed orizzontale;Sereno;Scarso;Buona;;0;0;0;2;12.527;41.9097;-1;1;Autovettura privata;In marcia / fermata / arresto;Conducente;M;Illeso;0;;;
5614941;3;25/09/2021 14:45:00;Strada Urbana;LARGO GUIDO MAZZONI;da specificare;;;;ingresso taxi-bus;Veicolo in marcia contro veicolo fermo;Rettilineo;Una carreggiata a senso unico di marcia;Asciutto;Asfaltata;Verticale ed orizzontale;Sereno;Scarso;Buona;;0;0;0;2;12.527;41.9097;-1;2;Autovettura privata;In marcia / fermata / arresto;Conducente;F;Illeso;0;;;
5615005;3;27/09/2021 10:44:00;Strada Urbana;CIRCONVALLAZIONE TIBURTINA;da specificare;;;;dir. S. Giovanni alt. svincolo S. Lorenzo;Scontro laterale fra veicoli in marcia;Rettilineo;Una carreggiata a senso unico di marcia;Asciutto;Asfaltata;Verticale ed orizzontale;Sereno;Intenso;Buona;;1;0;0;2;12.5217;41.8972;-1;1;Autovettura privata;In marcia / fermata / arresto;Conducente;F;Illeso;0;;;
5615005;3;27/09/2021 10:44:00;Strada Urbana;CIRCONVALLAZIONE TIBURTINA;da specificare;;;;dir. S. Giovanni alt. svincolo S. Lorenzo;Scontro laterale fra veicoli in marcia;Rettilineo;Una carreggiata a senso unico di marcia;Asciutto;Asfaltata;Verticale ed orizzontale;Sereno;Intenso;Buona;;1;0;0;2;12.5217;41.8972;-1;1;Autovettura privata;In marcia / fermata / arresto;Passeggero;M;Illeso;0;;;
5615005;3;27/09/2021 10:44:00;Strada Urbana;CIRCONVALLAZIONE TIBURTINA;da specificare;;;;dir. S. Giovanni alt. svincolo S. Lorenzo;Scontro laterale fra veicoli in marcia;Rettilineo;Una carreggiata a senso unico di marcia;Asciutto;Asfaltata;Verticale ed orizzontale;Sereno;Intenso;Buona;;1;0;0;2;12.5217;41.8972;-1;2;Motociclo a solo;In marcia / fermata / arresto;Conducente;F;Rimandato;0;NON DECEDUTO;;
5615009;19;28/09/2021 08:30:00;Strada Urbana;VIA TRIONFALE;in corrispondenza;;del civico n.;11527;;Investimento di pedone;Rettilineo;Una carreggiata a doppio senso;Asciutto;Asfaltata;Verticale ed orizzontale;Sereno;Intenso;Sufficiente;;2;0;0;2;12.4089;41.9618;-1;;;;Pedone;M;Rimandato;0;NON DECEDUTO;;
5615009;19;28/09/2021 08:30:00;Strada Urbana;VIA TRIONFALE;in corrispondenza;;del civico n.;11527;;Investimento di pedone;Rettilineo;Una carreggiata a doppio senso;Asciutto;Asfaltata;Verticale ed orizzontale;Sereno;Intenso;Sufficiente;;2;0;0;2;12.4089;41.9618;-1;;;;Pedone;F;Rimandato;0;NON DECEDUTO;;
5615009;19;28/09/2021 08:30:00;Strada Urbana;VIA TRIONFALE;in corrispondenza;;del civico n.;11527;;Investimento di pedone;Rettilineo;Una carreggiata a doppio senso;Asciutto;Asfaltata;Verticale ed orizzontale;Sereno;Intenso;Sufficiente;;2;0;0;2;12.4089;41.9618;-1;1;Autovettura privata;In marcia / fermata / arresto;Conducente;M;Illeso;0;;Non accertato;
5615009;19;28/09/2021 08:30:00;Strada Urbana;VIA TRIONFALE;in corrispondenza;;del civico n.;11527;;Investimento di pedone;Rettilineo;Una carreggiata a doppio senso;Asciutto;Asfaltata;Verticale ed orizzontale;Sereno;Intenso;Sufficiente;;2;0;0;2;12.4089;41.9618;-1;1;Autovettura privata;In marcia / fermata / arresto;Passeggero;M;Illeso;0;;Non accertato;
5615083;9;28/09/2021 12:00:00;Strada Urbana;VIA CARLO CIPOLLA;all'intersezione semaforizzata con;VIA APPIA NUOVA;VIA APPIA NUOVA;;;Scontro frontale/laterale SX fra veicoli in marcia;Intersezione semaforizzata;Una carreggiata a doppio senso;Asciutto;Asfaltata;Verticale ed orizzontale;Sereno;Normale;Buona;;1;0;0;1;12.5307;41.8664;-1;1;Autovettura privata;In marcia / fermata / arresto;Conducente;M;Illeso;0;;Non accertato;Inesploso
5615083;9;28/09/2021 12:00:00;Strada Urbana;VIA CARLO CIPOLLA;all'intersezione semaforizzata con;VIA APPIA NUOVA;VIA APPIA NUOVA;;;Scontro frontale/laterale SX fra veicoli in marcia;Intersezione semaforizzata;Una carreggiata a doppio senso;Asciutto;Asfaltata;Verticale ed orizzontale;Sereno;Normale;Buona;;1;0;0;1;12.5307;41.8664;-1;2;Motociclo a solo;In marcia / fermata / arresto;Conducente;M;Rimandato;0;NON DECEDUTO;Non accertato;
5615137;1;28/09/2021 12:05:00;Strada Urbana;LUNGOTEVERE DE' CENCI;all'intersezione con;PIAZZA DELLE CINQUE SCOLE;PIAZZA DELLE CINQUE SCOLE;;;Scontro laterale fra veicoli in marcia;Incrocio;Una carreggiata a senso unico di marcia;Asciutto;Asfaltata;Assente;Sereno;Normale;Buona;;1;0;0;2;12.4765;41.892;-1;1;Autovettura privata;In marcia / fermata / arresto;Conducente;M;Illeso;0;;Non accertato;Inesploso
5615137;1;28/09/2021 12:05:00;Strada Urbana;LUNGOTEVERE DE' CENCI;all'intersezione con;PIAZZA DELLE CINQUE SCOLE;PIAZZA DELLE CINQUE SCOLE;;;Scontro laterale fra veicoli in marcia;Incrocio;Una carreggiata a senso unico di marcia;Asciutto;Asfaltata;Assente;Sereno;Normale;Buona;;1;0;0;2;12.4765;41.892;-1;1;Autovettura privata;In marcia / fermata / arresto;Passeggero;M;Illeso;0;;Non accertato;Inesploso
5615137;1;28/09/2021 12:05:00;Strada Urbana;LUNGOTEVERE DE' CENCI;all'intersezione con;PIAZZA DELLE CINQUE SCOLE;PIAZZA DELLE CINQUE SCOLE;;;Scontro laterale fra veicoli in marcia;Incrocio;Una carreggiata a senso unico di marcia;Asciutto;Asfaltata;Assente;Sereno;Normale;Buona;;1;0;0;2;12.4765;41.892;-1;2;Motociclo a solo;In marcia / fermata / arresto;Conducente;M;Rimandato;0;NON DECEDUTO;Non accertato;
5615137;1;28/09/2021 12:05:00;Strada Urbana;LUNGOTEVERE DE' CENCI;all'intersezione con;PIAZZA DELLE CINQUE SCOLE;PIAZZA DELLE CINQUE SCOLE;;;Scontro laterale fra veicoli in marcia;Incrocio;Una carreggiata a senso unico di marcia;Asciutto;Asfaltata;Assente;Sereno;Normale;Buona;;1;0;0;2;12.4765;41.892;-1;3;Autocarro inferiore 35 q.;Sosta;;;;;;;
5615162;10;28/09/2021 14:00:00;Strada Urbana;VIA UMBERTO QUINTAVALLE;da specificare;;;;a 50 metri da viale Palmiro Togliatti;Scontro frontale/laterale DX fra veicoli in marcia;Rettilineo;Una carreggiata a senso unico di marcia;Asciutto;Asfaltata;Verticale ed orizzontale;Sereno;Normale;Buona;;1;0;0;2;12.5734;41.8541;-1;1;Autovettura privata;In marcia / fermata / arresto;Conducente;M;Illeso;0;;;Inesploso
5615162;10;28/09/2021 14:00:00;Strada Urbana;VIA UMBERTO QUINTAVALLE;da specificare;;;;a 50 metri da viale Palmiro Togliatti;Scontro frontale/laterale DX fra veicoli in marcia;Rettilineo;Una carreggiata a senso unico di marcia;Asciutto;Asfaltata;Verticale ed orizzontale;Sereno;Normale;Buona;;1;0;0;2;12.5734;41.8541;-1;1;Autovettura privata;In marcia / fermata / arresto;Passeggero;M;Illeso;0;;;Inesploso
5615162;10;28/09/2021 14:00:00;Strada Urbana;VIA UMBERTO QUINTAVALLE;da specificare;;;;a 50 metri da viale Palmiro Togliatti;Scontro frontale/laterale DX fra veicoli in marcia;Rettilineo;Una carreggiata a senso unico di marcia;Asciutto;Asfaltata;Verticale ed orizzontale;Sereno;Normale;Buona;;1;0;0;2;12.5734;41.8541;-1;2;Autovettura privata;In marcia / fermata / arresto;Conducente;F;Rimandato;0;NON DECEDUTO;;Inesploso
5615246;1;28/09/2021 10:30:00;Strada Urbana;LUNGOTEVERE IN AUGUSTA;all'intersezione semaforizzata con;VIA TOMACELLI;VIA TOMACELLI;;;Scontro frontale fra veicoli in marcia;Intersezione semaforizzata;Una carreggiata a doppio senso;Asciutto;In cubetti di porfido;Verticale ed orizzontale;Sereno;Normale;Buona;;2;0;0;0;12.4754;41.9049;-1;1;Quadriciclo;In marcia / fermata / arresto;Conducente;M;Rifiuta cure immediate;0;NON DECEDUTO;Non accertato;Inesistente
5615246;1;28/09/2021 10:30:00;Strada Urbana;LUNGOTEVERE IN AUGUSTA;all'intersezione semaforizzata con;VIA TOMACELLI;VIA TOMACELLI;;;Scontro frontale fra veicoli in marcia;Intersezione semaforizzata;Una carreggiata a doppio senso;Asciutto;In cubetti di porfido;Verticale ed orizzontale;Sereno;Normale;Buona;;2;0;0;0;12.4754;41.9049;-1;2;Motociclo a solo;In marcia / fermata / arresto;Conducente;M;Rifiuta cure immediate;0;NON DECEDUTO;Non accertato;
5615297;1;28/09/2021 09:10:00;Strada Urbana;VIA PALERMO;all'intersezione con;VIA MILANO;VIA MILANO;;;Veicolo in marcia contro veicolo in sosta;Intersezione stradale segnalata;Una carreggiata a senso unico di marcia;Asciutto;Asfaltata;Verticale ed orizzontale;Sereno;Normale;Buona;;0;0;0;1;12.4911;41.8983;-1;1;Autovettura pubblica;In marcia / fermata / arresto;Conducente;M;Illeso;0;;Non accertato;Inesploso
5615297;1;28/09/2021 09:10:00;Strada Urbana;VIA PALERMO;all'intersezione con;VIA MILANO;VIA MILANO;;;Veicolo in marcia contro veicolo in sosta;Intersezione stradale segnalata;Una carreggiata a senso unico di marcia;Asciutto;Asfaltata;Verticale ed orizzontale;Sereno;Normale;Buona;;0;0;0;1;12.4911;41.8983;-1;2;Autocarro inferiore 35 q.;Sosta;;;;;;;
5615346;1;26/09/2021 18:10:00;;VIA DEI FORI IMPERIALI;all'intersezione semaforizzata con;PIAZZA DEL COLOSSEO;PIAZZA DEL COLOSSEO;;;Investimento di pedone;;;;;;;;;;0;0;0;2;12.4911;41.8913;0;;;;Pedone;M;Illeso;0;;;
5615346;1;26/09/2021 18:10:00;;VIA DEI FORI IMPERIALI;all'intersezione semaforizzata con;PIAZZA DEL COLOSSEO;PIAZZA DEL COLOSSEO;;;Investimento di pedone;;;;;;;;;;0;0;0;2;12.4911;41.8913;0;1;Monopattino elettrico;In marcia / fermata / arresto;Conducente;F;Illeso;0;;Esente;Inesistente
5615437;6;28/09/2021 13:25:00;Strada Urbana;VIA ALBERTO DA GIUSSANO;all'intersezione con;VIA CONTE DI CARMAGNOLA;VIA CONTE DI CARMAGNOLA;;;Scontro frontale/laterale SX fra veicoli in marcia;Incrocio;Una carreggiata a doppio senso;Asciutto;Asfaltata;Verticale ed orizzontale;Sereno;Normale;Buona;;1;0;0;1;12.5346;41.8903;-1;1;Autovettura privata;In marcia / fermata / arresto;Conducente;M;Illeso;0;;;
5615437;6;28/09/2021 13:25:00;Strada Urbana;VIA ALBERTO DA GIUSSANO;all'intersezione con;VIA CONTE DI CARMAGNOLA;VIA CONTE DI CARMAGNOLA;;;Scontro frontale/laterale SX fra veicoli in marcia;Incrocio;Una carreggiata a doppio senso;Asciutto;Asfaltata;Verticale ed orizzontale;Sereno;Normale;Buona;;1;0;0;1;12.5346;41.8903;-1;2;Motociclo a solo;In marcia / fermata / arresto;Conducente;M;Rimandato;0;NON DECEDUTO;Non accertato;
5615457;12;28/09/2021 08:35:00;Strada Urbana;VIALE CESARE PAVESE;in prossimit�;;del civico n.;261;;Scontro laterale fra veicoli in marcia;Rettilineo;Due carreggiate;Asciutto;Asfaltata;Verticale ed orizzontale;Sereno;Scarso;Buona;;0;0;0;2;12.4728;41.8165;-1;1;Autovettura privata;In marcia / fermata / arresto;Conducente;M;Illeso;0;;Utilizzato;Inesploso