Protocollo;Gruppo;DataOraIncidente;Localizzazione1;STRADA1;Localizzazione2;STRADA2;Strada02;Chilometrica;DaSpecificare;NaturaIncidente;particolaritastrade;TipoStrada;FondoStradale;Pavimentazione;Segnaletica;CondizioneAtmosferica;Traffico;Visibilita;Illuminazione;NUM_FERITI;NUM_RISERVATA;NUM_MORTI;NUM_ILLESI;Longitudine;Latitudine;Confermato;Progressivo;TipoVeicolo;StatoVeicolo;TipoPersona;Sesso;Tipolesione;Deceduto;DecedutoDopo;CinturaCascoUtilizzato;Airbag;
5616235;17;28/09/2021 11:20:00;Strada Urbana;VIA CRESCENZIO;in corrispondenza;;del civico n.;61;;Investimento di pedone;Rettilineo;Una carreggiata a doppio senso;Asciutto;In cubetti di porfido;Verticale ed orizzontale;Sereno;Normale;Buona;;1;0;0;1;12.4633;41.9057;-1;1;Autovettura privata;In marcia / fermata / arresto;Conducente;M;Illeso;0;;;
5616239;18;28/09/2021 13:20:00;Strada Urbana;VIA CARDINALE MASSIMI;in prossimit�;;del civico n.;13;;Investimento di pedone;Rettilineo;Una carreggiata a doppio senso;Asciutto;Asfaltata;Orizzontale;Sereno;Normale;Buona;;1;0;0;1;12.4173;41.907;-1;;;;Pedone;M;Ricoverato;0;NON DECEDUTO;;
5616239;18;28/09/2021 13:20:00;Strada Urbana;VIA CARDINALE MASSIMI;in prossimit�;;del civico n.;13;;Investimento di pedone;Rettilineo;Una carreggiata a doppio senso;Asciutto;Asfaltata;Orizzontale;Sereno;Normale;Buona;;1;0;0;1;12.4173;41.907;-1;1;Motociclo a solo;In marcia / fermata / arresto;Conducente;M;Illeso;0;;Non accertato;
5616243;9;28/09/2021 15:40:00;;VIA LATINA;da specificare;;;;fronte civico 290/b;Tamponamento;;;;;;;;;;0;0;0;2;;;0;1;Autocarro inferiore 35 q.;Sosta;Conducente;M;Illeso;0;;;
5616243;9;28/09/2021 15:40:00;;VIA LATINA;da specificare;;;;fronte civico 290/b;Tamponamento;;;;;;;;;;0;0;0;2;;;0;2;Autovettura privata;In marcia / fermata / arresto;Conducente;M;Illeso;0;;;
5616246;5;28/09/2021 14:15:00;Strada Urbana;VIA BELMONTE IN SABINA;da specificare;;;;ALT. INV. DI MARCIA DIREZIONE TORRACCIA;Scontro laterale fra veicoli in marcia;Curva a visuale libera;Due carreggiate;Asciutto;Asfaltata;Verticale ed orizzontale;Sereno;Normale;Buona;;0;0;0;3;12.5937;41.9466;-1;1;Autovettura privata;In marcia / fermata / arresto;Conducente;M;Illeso;0;;Non accertato;Inesploso
5616246;5;28/09/2021 14:15:00;Strada Urbana;VIA BELMONTE IN SABINA;da specificare;;;;ALT. INV. DI MARCIA DIREZIONE TORRACCIA;Scontro laterale fra veicoli in marcia;Curva a visuale libera;Due carreggiate;Asciutto;Asfaltata;Verticale ed orizzontale;Sereno;Normale;Buona;;0;0;0;3;12.5937;41.9466;-1;1;Autovettura privata;In marcia / fermata / arresto;Passeggero;M;Illeso;0;;Non accertato;
5616246;5;28/09/2021 14:15:00;Strada Urbana;VIA BELMONTE IN SABINA;da specificare;;;;ALT. INV. DI MARCIA DIREZIONE TORRACCIA;Scontro laterale fra veicoli in marcia;Curva a visuale libera;Due carreggiate;Asciutto;Asfaltata;Verticale ed orizzontale;Sereno;Normale;Buona;;0;0;0;3;12.5937;41.9466;-1;2;Autovettura privata;In marcia / fermata / arresto;Conducente;M;Illeso;0;;Non accertato;
5616250;15;28/09/2021 11:30:00;Strada Urbana;LARGO LIVIO ZAMBECCARI;in corrispondenza;;del civico n.;9;;Scontro frontale/laterale SX fra veicoli in marcia;Rettilineo;Una carreggiata a doppio senso;Asciutto;Asfaltata;Verticale ed orizzontale;Sereno;Normale;Buona;;0;0;0;2;12.4517;41.8525;-1;1;Autovettura privata;In marcia / fermata / arresto;Conducente;F;Illeso;0;;Non accertato;Inesploso
5616250;15;28/09/2021 11:30:00;Strada Urbana;LARGO LIVIO ZAMBECCARI;in corrispondenza;;del civico n.;9;;Scontro frontale/laterale SX fra veicoli in marcia;Rettilineo;Una carreggiata a doppio senso;Asciutto;Asfaltata;Verticale ed orizzontale;Sereno;Normale;Buona;;0;0;0;2;12.4517;41.8525;-1;2;Autovettura privata;In marcia / fermata / arresto;Conducente;F;Illeso;0;;Non accertato;Inesploso
5616259;20;28/09/2021 20:00:00;Strada Urbana;VIA GIUSEPPE BELARDINELLI;in corrispondenza;;del civico n.;30;;Scontro laterale fra veicoli in marcia;Rettilineo;Una carreggiata a doppio senso;Asciutto;Asfaltata;Verticale;Sereno;Normale;Sufficiente;;0;0;0;3;12.3786;42.0193;-1;1;Autovettura privata;In marcia / fermata / arresto;Conducente;M;Illeso;0;;Non accertato;Inesploso
5616259;20;28/09/2021 20:00:00;Strada Urbana;VIA GIUSEPPE BELARDINELLI;in corrispondenza;;del civico n.;30;;Scontro laterale fra veicoli in marcia;Rettilineo;Una carreggiata a doppio senso;Asciutto;Asfaltata;Verticale;Sereno;Normale;Sufficiente;;0;0;0;3;12.3786;42.0193;-1;2;Autocarro inferiore 35 q.;In marcia / fermata / arresto;Conducente;M;Illeso;0;;Non accertato;Inesploso
5616259;20;28/09/2021 20:00:00;Strada Urbana;VIA GIUSEPPE BELARDINELLI;in corrispondenza;;del civico n.;30;;Scontro laterale fra veicoli in marcia;Rettilineo;Una carreggiata a doppio senso;Asciutto;Asfaltata;Verticale;Sereno;Normale;Sufficiente;;0;0;0;3;12.3786;42.0193;-1;2;Autocarro inferiore 35 q.;In marcia / fermata / arresto;Passeggero;M;Illeso;0;;Non accertato;Inesploso
5616264;15;28/09/2021 10:45:00;Strada Urbana;VIALE ISACCO NEWTON;in prossimit�;;del civico n.;180;;Veicolo in marcia contro ostacolo accidentale;Rettilineo;Due carreggiate;Asciutto;Asfaltata;Verticale ed orizzontale;Sereno;Normale;Buona;;1;0;0;0;12.4415;41.8498;-1;1;Motociclo a solo;In marcia / fermata / arresto;Conducente;M;Rimandato;0;NON DECEDUTO;;
5616278;5;28/09/2021 14:55:00;Strada Urbana;VIA LUIGI GIGLIOTTI;da specificare;;;;PROSS. F.C. 118;Veicolo in marcia contro veicolo in sosta;Rettilineo;Una carreggiata a doppio senso;Asciutto;Asfaltata;Assente;Sereno;Scarso;Buona;;0;0;0;0;12.5907;41.9404;-1;1;Autovettura privata;Sosta;;;;;;;
5616278;5;28/09/2021 14:55:00;Strada Urbana;VIA LUIGI GIGLIOTTI;da specificare;;;;PROSS. F.C. 118;Veicolo in marcia contro veicolo in sosta;Rettilineo;Una carreggiata a doppio senso;Asciutto;Asfaltata;Assente;Sereno;Scarso;Buona;;0;0;0;0;12.5907;41.9404;-1;2;Autocarro inferiore 35 q.;Allontanatosi;;;;;;;
5616279;19;28/09/2021 08:15:00;Strada Urbana;PIAZZA CLEMENTE XI;all'intersezione con;VIA DEL FORTE BRASCHI;VIA DEL FORTE BRASCHI;;;Veicolo in marcia contro veicolo fermo;Incrocio;Una carreggiata a doppio senso;Asciutto;Asfaltata;Verticale ed orizzontale;Sereno;Normale;Buona;;0;0;0;1;12.4149;41.914;-1;1;Motocarrozzetta;In marcia / fermata / arresto;Conducente;M;Illeso;0;;Non accertato;Inesistente
5616279;19;28/09/2021 08:15:00;Strada Urbana;PIAZZA CLEMENTE XI;all'intersezione con;VIA DEL FORTE BRASCHI;VIA DEL FORTE BRASCHI;;;Veicolo in marcia contro veicolo fermo;Incrocio;Una carreggiata a doppio senso;Asciutto;Asfaltata;Verticale ed orizzontale;Sereno;Normale;Buona;;0;0;0;1;12.4149;41.914;-1;2;Autovettura privata;Allontanatosi;;;;;;;
5616283;15;28/09/2021 15:30:00;Strada Urbana;VIA PORTUENSE;in prossimit�;;del civico n.;745D;;Scontro laterale fra veicoli in marcia;Rettilineo;Una carreggiata a doppio senso;Asciutto;Asfaltata;Assente;Sereno;Scarso;Buona;;0;0;0;3;12.4262;41.85;-1;1;Autovettura privata;In marcia / fermata / arresto;Conducente;F;Illeso;0;;Non accertato;Inesploso
5616283;15;28/09/2021 15:30:00;Strada Urbana;VIA PORTUENSE;in prossimit�;;del civico n.;745D;;Scontro laterale fra veicoli in marcia;Rettilineo;Una carreggiata a doppio senso;Asciutto;Asfaltata;Assente;Sereno;Scarso;Buona;;0;0;0;3;12.4262;41.85;-1;1;Autovettura privata;In marcia / fermata / arresto;Passeggero;F;Illeso;0;;Non accertato;Inesploso
5616283;15;28/09/2021 15:30:00;Strada Urbana;VIA PORTUENSE;in prossimit�;;del civico n.;745D;;Scontro laterale fra veicoli in marcia;Rettilineo;Una carreggiata a doppio senso;Asciutto;Asfaltata;Assente;Sereno;Scarso;Buona;;0;0;0;3;12.4262;41.85;-1;2;Autovettura privata;In marcia / fermata / arresto;Conducente;F;Illeso;0;;Non accertato;Inesploso
5616288;9;28/09/2021 17:20:00;Strada Urbana;VIA TUSCOLANA;da specificare;;;;fronte civico 432;Scontro laterale fra veicoli in marcia;Rettilineo;Una carreggiata a senso unico di marcia;Asciutto;Asfaltata;Verticale;Sereno;Intenso;Buona;;0;0;0;5;12.5337;41.8715;-1;1;Autovettura privata;In marcia / fermata / arresto;Conducente;M;Illeso;0;;Non accertato;Inesploso
5616288;9;28/09/2021 17:20:00;Strada Urbana;VIA TUSCOLANA;da specificare;;;;fronte civico 432;Scontro laterale fra veicoli in marcia;Rettilineo;Una carreggiata a senso unico di marcia;Asciutto;Asfaltata;Verticale;Sereno;Intenso;Buona;;0;0;0;5;12.5337;41.8715;-1;1;Autovettura privata;In marcia / fermata / arresto;Passeggero;F;Illeso;0;;Non accertato;Inesploso
5616288;9;28/09/2021 17:20:00;Strada Urbana;VIA TUSCOLANA;da specificare;;;;fronte civico 432;Scontro laterale fra veicoli in marcia;Rettilineo;Una carreggiata a senso unico di marcia;Asciutto;Asfaltata;Verticale;Sereno;Intenso;Buona;;0;0;0;5;12.5337;41.8715;-1;1;Autovettura privata;In marcia / fermata / arresto;Passeggero;F;Illeso;0;;Non accertato;Inesploso
5616288;9;28/09/2021 17:20:00;Strada Urbana;VIA TUSCOLANA;da specificare;;;;fronte civico 432;Scontro laterale fra veicoli in marcia;Rettilineo;Una carreggiata a senso unico di marcia;Asciutto;Asfaltata;Verticale;Sereno;Intenso;Buona;;0;0;0;5;12.5337;41.8715;-1;1;Autovettura privata;In marcia / fermata / arresto;Passeggero;M;Illeso;0;;Non accertato;Inesploso
5616288;9;28/09/2021 17:20:00;Strada Urbana;VIA TUSCOLANA;da specificare;;;;fronte civico 432;Scontro laterale fra veicoli in marcia;Rettilineo;Una carreggiata a senso unico di marcia;Asciutto;Asfaltata;Verticale;Sereno;Intenso;Buona;;0;0;0;5;12.5337;41.8715;-1;2;Autocarro inferiore 35 q.;In marcia / fermata / arresto;Conducente;M;Illeso;0;;Non accertato;Inesploso
5616289;11;29/09/2021 04:45:00;Strada Urbana;VIA POGGIO VERDE;da specificare;;;;PROSSIMITA' VIA CASETTA MATTEI;Veicolo in marcia contro veicoli in sosta;Curva a visuale libera;Due carreggiate;Asciutto;Asfaltata;Verticale ed orizzontale;Sereno;Scarso;Sufficiente;;0;0;0;1;12.4201;41.8569;-1;1;Autovettura privata;In marcia / fermata / arresto;Conducente;F;Illeso;0;;Non accertato;
5616289;11;29/09/2021 04:45:00;Strada Urbana;VIA POGGIO VERDE;da specificare;;;;PROSSIMITA' VIA CASETTA MATTEI;Veicolo in marcia contro veicoli in sosta;Curva a visuale libera;Due carreggiate;Asciutto;Asfaltata;Verticale ed orizzontale;Sereno;Scarso;Sufficiente;;0;0;0;1;12.4201;41.8569;-1;2;Autovettura privata;Sosta;;;;;;;
5616289;11;29/09/2021 04:45:00;Strada Urbana;VIA POGGIO VERDE;da specificare;;;;PROSSIMITA' VIA CASETTA MATTEI;Veicolo in marcia contro veicoli in sosta;Curva a visuale libera;Due carreggiate;Asciutto;Asfaltata;Verticale ed orizzontale;Sereno;Scarso;Sufficiente;;0;0;0;1;12.4201;41.8569;-1;3;Autovettura privata;Sosta;;;;;;;
5616289;11;29/09/2021 04:45:00;Strada Urbana;VIA POGGIO VERDE;da specificare;;;;PROSSIMITA' VIA CASETTA MATTEI;Veicolo in marcia contro veicoli in sosta;Curva a visuale libera;Due carreggiate;Asciutto;Asfaltata;Verticale ed orizzontale;Sereno;Scarso;Sufficiente;;0;0;0;1;12.4201;41.8569;-1;4;Autovettura privata;Sosta;;;;;;;
5616290;4;28/09/2021 09:55:00;Strada Urbana;VIA UGO OJETTI;in prossimit�;;del civico n.;112;;Veicolo in marcia contro veicoli in sosta;Rettilineo;Due carreggiate;Asciutto;Asfaltata;Orizzontale;Sereno;Normale;Buona;;0;0;0;1;12.5513;41.9442;-1;1;Autovettura privata;In marcia / fermata / arresto;Conducente;F;Illeso;0;;Non accertato;Inesploso
5616290;4;28/09/2021 09:55:00;Strada Urbana;VIA UGO OJETTI;in prossimit�;;del civico n.;112;;Veicolo in marcia contro veicoli in sosta;Rettilineo;Due carreggiate;Asciutto;Asfaltata;Orizzontale;Sereno;Normale;Buona;;0;0;0;1;12.5513;41.9442;-1;2;Autovettura privata;Sosta;;;;;;;
5616290;4;28/09/2021 09:55:00;Strada Urbana;VIA UGO OJETTI;in prossimit�;;del civico n.;112;;Veicolo in marcia contro veicoli in sosta;Rettilineo;Due carreggiate;Asciutto;Asfaltata;Orizzontale;Sereno;Normale;Buona;;0;0;0;1;12.5513;41.9442;-1;3;Motociclo a solo;Sosta;;;;;;;
5616290;4;28/09/2021 09:55:00;Strada Urbana;VIA UGO OJETTI;in prossimit�;;del civico n.;112;;Veicolo in marcia contro veicoli in sosta;Rettilineo;Due carreggiate;Asciutto;Asfaltata;Orizzontale;Sereno;Normale;Buona;;0;0;0;1;12.5513;41.9442;-1;4;Motociclo a solo;Sosta;;;;;;;
5616290;4;28/09/2021 09:55:00;Strada Urbana;VIA UGO OJETTI;in prossimit�;;del civico n.;112;;Veicolo in marcia contro veicoli in sosta;Rettilineo;Due carreggiate;Asciutto;Asfaltata;Orizzontale;Sereno;Normale;Buona;;0;0;0;1;12.5513;41.9442;-1;5;Motociclo a solo;Sosta;;;;;;;
5616291;20;28/09/2021 18:00:00;Strada Urbana;VIA FLAMINIA NUOVA;da specificare;;;;PROSSIMITA' KM 7,900;Tamponamento Multiplo;Rettilineo;Due carreggiate;Asciutto;Asfaltata;Verticale ed orizzontale;Sereno;Intenso;Buona;;0;0;0;4;12.4792;41.9609;-1;1;Autovettura privata;In marcia / fermata / arresto;Conducente;F;Illeso;0;;Non accertato;Inesploso
5616291;20;28/09/2021 18:00:00;Strada Urbana;VIA FLAMINIA NUOVA;da specificare;;;;PROSSIMITA' KM 7,900;Tamponamento Multiplo;Rettilineo;Due carreggiate;Asciutto;Asfaltata;Verticale ed orizzontale;Sereno;Intenso;Buona;;0;0;0;4;12.4792;41.9609;-1;2;Autovettura privata;In marcia / fermata / arresto;Conducente;F;Illeso;0;;Non accertato;Inesploso
5616291;20;28/09/2021 18:00:00;Strada Urbana;VIA FLAMINIA NUOVA;da specificare;;;;PROSSIMITA' KM 7,900;Tamponamento Multiplo;Rettilineo;Due carreggiate;Asciutto;Asfaltata;Verticale ed orizzontale;Sereno;Intenso;Buona;;0;0;0;4;12.4792;41.9609;-1;2;Autovettura privata;In marcia / fermata / arresto;Passeggero;F;Illeso;0;;Non accertato;Inesploso
5616291;20;28/09/2021 18:00:00;Strada Urbana;VIA FLAMINIA NUOVA;da specificare;;;;PROSSIMITA' KM 7,900;Tamponamento Multiplo;Rettilineo;Due carreggiate;Asciutto;Asfaltata;Verticale ed orizzontale;Sereno;Intenso;Buona;;0;0;0;4;12.4792;41.9609;-1;3;Autovettura privata;In marcia / fermata / arresto;Conducente;F;Illeso;0;;Non accertato;Inesploso
5616298;20;28/09/2021 13:40:00;Strada Urbana;VIA DEI DUE PONTI;all'intersezione con;VIA VITO SINISI;VIA VITO SINISI;;;Scontro frontale fra veicoli in marcia;Incrocio;Una carreggiata a doppio senso;Asciutto;Asfaltata;Verticale ed orizzontale;Sereno;Normale;Buona;;2;0;0;0;12.4532;41.9655;-1;1;Autovettura privata;In marcia / fermata / arresto;Conducente;F;Rimandato;0;NON DECEDUTO;Non accertato;Inesploso
5616298;20;28/09/2021 13:40:00;Strada Urbana;VIA DEI DUE PONTI;all'intersezione con;VIA VITO SINISI;VIA VITO SINISI;;;Scontro frontale fra veicoli in marcia;Incrocio;Una carreggiata a doppio senso;Asciutto;Asfaltata;Verticale ed orizzontale;Sereno;Normale;Buona;;2;0;0;0;12.4532;41.9655;-1;2;Autovettura privata;In marcia / fermata / arresto;Conducente;M;Rimandato;0;NON DECEDUTO;Non accertato;Esploso
5616300;15;28/09/2021 17:20:00;Strada Urbana;VIA DELLA MAGLIANA;all'intersezione con;VIA DI VALLE LUPARA;VIA DI VALLE LUPARA;;;Scontro frontale/laterale SX fra veicoli in marcia;Incrocio;Una carreggiata a doppio senso;Asciutto;Asfaltata;Verticale ed orizzontale;Sereno;Normale;Buona;;2;0;0;1;12.4196;41.8317;-1;1;Autovettura privata;In marcia / fermata / arresto;Conducente;F;Ricoverato;0;NON DECEDUTO;Non accertato;Esploso
5616300;15;28/09/2021 17:20:00;Strada Urbana;VIA DELLA MAGLIANA;all'intersezione con;VIA DI VALLE LUPARA;VIA DI VALLE LUPARA;;;Scontro frontale/laterale SX fra veicoli in marcia;Incrocio;Una carreggiata a doppio senso;Asciutto;Asfaltata;Verticale ed orizzontale;Sereno;Normale;Buona;;2;0;0;1;12.4196;41.8317;-1;1;Autovettura privata;In marcia / fermata / arresto;Passeggero;M;Rimandato;0;NON DECEDUTO;Non accertato;
5616300;15;28/09/2021 17:20:00;Strada Urbana;VIA DELLA MAGLIANA;all'intersezione con;VIA DI VALLE LUPARA;VIA DI VALLE LUPARA;;;Scontro frontale/laterale SX fra veicoli in marcia;Incrocio;Una carreggiata a doppio senso;Asciutto;Asfaltata;Verticale ed orizzontale;Sereno;Normale;Buona;;2;0;0;1;12.4196;41.8317;-1;2;Autoarticolato;In marcia / fermata / arresto;Conducente;M;Illeso;0;;Non accertato;
5616302;5;28/09/2021 16:05:00;Strada Urbana;VIA DI PORTONACCIO;all'intersezione semaforizzata con;VIA CASTELGUIDONE;VIA CASTELGUIDONE;;;Scontro laterale fra veicoli in marcia;Intersezione semaforizzata;Due carreggiate;Asciutto;Asfaltata;Verticale ed orizzontale;Sereno;Normale;Buona;;0;0;0;4;12.5373;41.9002;-1;1;Autovettura privata;In marcia / fermata / arresto;Conducente;M;Illeso;0;;Non accertato;Inesploso
5616302;5;28/09/2021 16:05:00;Strada Urbana;VIA DI PORTONACCIO;all'intersezione semaforizzata con;VIA CASTELGUIDONE;VIA CASTELGUIDONE;;;Scontro laterale fra veicoli in marcia;Intersezione semaforizzata;Due carreggiate;Asciutto;Asfaltata;Verticale ed orizzontale;Sereno;Normale;Buona;;0;0;0;4;12.5373;41.9002;-1;1;Autovettura privata;In marcia / fermata / arresto;Passeggero;M;Illeso;0;;Non accertato;
5616302;5;28/09/2021 16:05:00;Strada Urbana;VIA DI PORTONACCIO;all'intersezione semaforizzata con;VIA CASTELGUIDONE;VIA CASTELGUIDONE;;;Scontro laterale fra veicoli in marcia;Intersezione semaforizzata;Due carreggiate;Asciutto;Asfaltata;Verticale ed orizzontale;Sereno;Normale;Buona;;0;0;0;4;12.5373;41.9002;-1;2;Autovettura privata;In marcia / fermata / arresto;Conducente;M;Illeso;0;;Non accertato;Inesistente
5616304;19;29/09/2021 02:05:00;Strada Urbana;VIA DI CASAL DEL MARMO;in corrispondenza;;del civico n.;216;;Veicolo in marcia contro ostacolo fisso;Rettilineo;Una carreggiata a doppio senso;Asciutto;Asfaltata;Orizzontale;Sereno;Scarso;Buona;;0;0;0;1;12.3997;41.9533;-1;1;Autovettura privata;In marcia / fermata / arresto;Conducente;F;Illeso;0;;Non accertato;
5616323;5;29/09/2021 04:30:00;Strada Urbana;VIA ANGIOLO CASSIOLI;in prossimit�;;del civico n.;67;;Scontro frontale fra veicoli in marcia;Curva senza visuale libera;Una carreggiata a doppio senso;Asciutto;Strada pavimentata dissestata;Assente;Sereno;Scarso;Buona;;1;0;0;1;12.5804;41.8685;-1;1;Autovettura privata;In marcia / fermata / arresto;Conducente;F;Illeso;0;;Non accertato;
5616323;5;29/09/2021 04:30:00;Strada Urbana;VIA ANGIOLO CASSIOLI;in prossimit�;;del civico n.;67;;Scontro frontale fra veicoli in marcia;Curva senza visuale libera;Una carreggiata a doppio senso;Asciutto;Strada pavimentata dissestata;Assente;Sereno;Scarso;Buona;;1;0;0;1;12.5804;41.8685;-1;2;Motociclo a solo;In marcia / fermata / arresto;Conducente;M;Rimandato;0;NON DECEDUTO;Non accertato;
5616327;10;28/09/2021 20:35:00;Strada Urbana;VIA MASSA DI SAN GIULIANO;in prossimit�;;del civico n.;580;;Scontro laterale fra veicoli in marcia;Rettilineo;Una carreggiata a doppio senso;Asciutto;Asfaltata;Verticale ed orizzontale;Sereno;Scarso;Sufficiente;;1;0;0;1;12.6829;41.9177;-1;1;Autovettura privata;In marcia / fermata / arresto;Conducente;M;Illeso;0;;Non accertato;Inesploso
5616327;10;28/09/2021 20:35:00;Strada Urbana;VIA MASSA DI SAN GIULIANO;in prossimit�;;del civico n.;580;;Scontro laterale fra veicoli in marcia;Rettilineo;Una carreggiata a doppio senso;Asciutto;Asfaltata;Verticale ed orizzontale;Sereno;Scarso;Sufficiente;;1;0;0;1;12.6829;41.9177;-1;2;Motociclo a solo;In marcia / fermata / arresto;Conducente;M;Rimandato;0;NON DECEDUTO;;
5616329;20;28/09/2021 18:40:00;Regionale;VIA VEIENTANA NUOVA;in prossimit�;;della chilometrica;2;;Veicolo in marcia contro veicolo fermo;Rettilineo;Due carreggiate;Asciutto;Asfaltata;Verticale ed orizzontale;Sereno;Normale;Buona;;1;0;0;1;12.4627;41.9958;-1;1;Autovettura privata;In marcia / fermata / arresto;Conducente;M;Illeso;0;;Non utilizzato;Esploso
5616329;20;28/09/2021 18:40:00;Regionale;VIA VEIENTANA NUOVA;in prossimit�;;della chilometrica;2;;Veicolo in marcia contro veicolo fermo;Rettilineo;Due carreggiate;Asciutto;Asfaltata;Verticale ed orizzontale;Sereno;Normale;Buona;;1;0;0;1;12.4627;41.9958;-1;2;Autovettura privata;In marcia / fermata / arresto;Conducente;M;Rimandato;0;NON DECEDUTO;Non accertato;Inesploso
5616330;4;28/09/2021 18:20:00;Strada Urbana;VIA CAPRAIA;all'intersezione con;VIA MONTE RUGGERO;VIA MONTE RUGGERO;;;Infortunio per sola frenata improvvisa;Intersezione stradale segnalata;Una carreggiata a doppio senso;Asciutto;Asfaltata;Verticale;Sereno;Normale;Buona;;1;0;0;1;12.5348;41.9487;-1;1;Motociclo con passeggero;In marcia / fermata / arresto;Conducente;M;Illeso;0;;;
5616330;4;28/09/2021 18:20:00;Strada Urbana;VIA CAPRAIA;all'intersezione con;VIA MONTE RUGGERO;VIA MONTE RUGGERO;;;Infortunio per sola frenata improvvisa;Intersezione stradale segnalata;Una carreggiata a doppio senso;Asciutto;Asfaltata;Verticale;Sereno;Normale;Buona;;1;0;0;1;12.5348;41.9487;-1;1;Motociclo con passeggero;In marcia / fermata / arresto;Passeggero;F;Rimandato;0;NON DECEDUTO;Non accertato;
5616335;10;28/09/2021 15:00:00;Strada Urbana;VIA TUSCOLANA;da specificare;;;;dir. Frascati alt. Muro Linari;Veicolo in marcia contro ostacolo accidentale;Curva a visuale libera;Due carreggiate;Asciutto;Asfaltata;Orizzontale;Sereno;Normale;Buona;;0;0;0;2;12.62;41.8304;-1;1;Autovettura privata;In marcia / fermata / arresto;Conducente;F;Illeso;0;;Non accertato;Inesploso
5616335;10;28/09/2021 15:00:00;Strada Urbana;VIA TUSCOLANA;da specificare;;;;dir. Frascati alt. Muro Linari;Veicolo in marcia contro ostacolo accidentale;Curva a visuale libera;Due carreggiate;Asciutto;Asfaltata;Orizzontale;Sereno;Normale;Buona;;0;0;0;2;12.62;41.8304;-1;1;Autovettura privata;In marcia / fermata / arresto;Passeggero;F;Illeso;0;;Non accertato;Inesploso
5616344;20;28/09/2021 11:35:00;Strada Urbana;VIALE CORTINA D'AMPEZZO;all'intersezione con;VIA COURMAYEUR;VIA COURMAYEUR;;;Scontro frontale/laterale DX fra veicoli in marcia;Incrocio;Una carreggiata a doppio senso;Asciutto;Asfaltata;Verticale ed orizzontale;Sereno;Normale;Buona;;0;0;0;3;12.4429;41.9449;-1;1;Autocarro inferiore 35 q.;In marcia / fermata / arresto;Conducente;M;Illeso;0;;;
5616344;20;28/09/2021 11:35:00;Strada Urbana;VIALE CORTINA D'AMPEZZO;all'intersezione con;VIA COURMAYEUR;VIA COURMAYEUR;;;Scontro frontale/laterale DX fra veicoli in marcia;Incrocio;Una carreggiata a doppio senso;Asciutto;Asfaltata;Verticale ed orizzontale;Sereno;Normale;Buona;;0;0;0;3;12.4429;41.9449;-1;2;Autovettura privata;In marcia / fermata / arresto;Conducente;M;Illeso;0;;;Inesploso
5616344;20;28/09/2021 11:35:00;Strada Urbana;VIALE CORTINA D'AMPEZZO;all'intersezione con;VIA COURMAYEUR;VIA COURMAYEUR;;;Scontro frontale/laterale DX fra veicoli in marcia;Incrocio;Una carreggiata a doppio senso;Asciutto;Asfaltata;Verticale ed orizzontale;Sereno;Normale;Buona;;0;0;0;3;12.4429;41.9449;-1;2;Autovettura privata;In marcia / fermata / arresto;Passeggero;F;Illeso;0;;;
5616345;5;28/09/2021 18:20:00;Strada Urbana;VIALE DEL TECNOPOLO;all'intersezione semaforizzata con;VIA DELLE CASE ROSSE;VIA DELLE CASE ROSSE;;;Veicolo in marcia contro veicolo fermo;Incrocio;Due carreggiate;Asciutto;Asfaltata;Verticale ed orizzontale;Sereno;Normale;Buona;;0;0;0;2;12.6365;41.9275;-1;1;Autovettura privata;In marcia / fermata / arresto;Conducente;F;Illeso;0;;Non accertato;
5616345;5;28/09/2021 18:20:00;Strada Urbana;VIALE DEL TECNOPOLO;all'intersezione semaforizzata con;VIA DELLE CASE ROSSE;VIA DELLE CASE ROSSE;;;Veicolo in marcia contro veicolo fermo;Incrocio;Due carreggiate;Asciutto;Asfaltata;Verticale ed orizzontale;Sereno;Normale;Buona;;0;0;0;2;12.6365;41.9275;-1;2;Autoarticolato;In marcia / fermata / arresto;Conducente;M;Illeso;0;;Non accertato;
5616346;9;28/09/2021 18:40:00;Strada Urbana;VIA FRASCATI;da specificare;;;;fronte VIA DELL'ACQUEDOTTO FELICE ;Tamponamento Multiplo;Rettilineo;Due carreggiate;Asciutto;Asfaltata;Verticale ed orizzontale;Sereno;Intenso;Sufficiente;;0;0;0;4;12.5419;41.8655;-1;1;Autovettura privata;In marcia / fermata / arresto;Conducente;M;Illeso;0;;Non accertato;Esploso
5616346;9;28/09/2021 18:40:00;Strada Urbana;VIA FRASCATI;da specificare;;;;fronte VIA DELL'ACQUEDOTTO FELICE ;Tamponamento Multiplo;Rettilineo;Due carreggiate;Asciutto;Asfaltata;Verticale ed orizzontale;Sereno;Intenso;Sufficiente;;0;0;0;4;12.5419;41.8655;-1;2;Autovettura privata;In marcia / fermata / arresto;Conducente;F;Illeso;0;;Non accertato;Inesploso
5616346;9;28/09/2021 18:40:00;Strada Urbana;VIA FRASCATI;da specificare;;;;fronte VIA DELL'ACQUEDOTTO FELICE ;Tamponamento Multiplo;Rettilineo;Due carreggiate;Asciutto;Asfaltata;Verticale ed orizzontale;Sereno;Intenso;Sufficiente;;0;0;0;4;12.5419;41.8655;-1;3;Autovettura privata;In marcia / fermata / arresto;Conducente;F;Illeso;0;;Non accertato;Inesploso
5616346;9;28/09/2021 18:40:00;Strada Urbana;VIA FRASCATI;da specificare;;;;fronte VIA DELL'ACQUEDOTTO FELICE ;Tamponamento Multiplo;Rettilineo;Due carreggiate;Asciutto;Asfaltata;Verticale ed orizzontale;Sereno;Intenso;Sufficiente;;0;0;0;4;12.5419;41.8655;-1;3;Autovettura privata;In marcia / fermata / arresto;Passeggero;M;Illeso;0;;Non accertato;Inesploso