Protocollo;Gruppo;DataOraIncidente;Localizzazione1;STRADA1;Localizzazione2;STRADA2;Strada02;Chilometrica;DaSpecificare;NaturaIncidente;particolaritastrade;TipoStrada;FondoStradale;Pavimentazione;Segnaletica;CondizioneAtmosferica;Traffico;Visibilita;Illuminazione;NUM_FERITI;NUM_RISERVATA;NUM_MORTI;NUM_ILLESI;Longitudine;Latitudine;Confermato;Progressivo;TipoVeicolo;StatoVeicolo;TipoPersona;Sesso;Tipolesione;Deceduto;DecedutoDopo;CinturaCascoUtilizzato;Airbag;
5618250;15;29/09/2021 10:05:00;Strada Urbana;VIADOTTO DELLA MAGLIANA;da specificare;;;;pross.t� rampa immissione Magliana dir. EUR;Tamponamento Multiplo;Curva senza visuale libera;Due carreggiate;Asciutto;Asfaltata;Verticale ed orizzontale;Sereno;Normale;Buona;;0;0;0;5;12.4634;41.842;-1;2;Autovettura privata;In marcia / fermata / arresto;Conducente;M;Illeso;0;;Non accertato;Inesploso
5618250;15;29/09/2021 10:05:00;Strada Urbana;VIADOTTO DELLA MAGLIANA;da specificare;;;;pross.t� rampa immissione Magliana dir. EUR;Tamponamento Multiplo;Curva senza visuale libera;Due carreggiate;Asciutto;Asfaltata;Verticale ed orizzontale;Sereno;Normale;Buona;;0;0;0;5;12.4634;41.842;-1;2;Autovettura privata;In marcia / fermata / arresto;Passeggero;F;Illeso;0;;Non accertato;Inesploso
5618250;15;29/09/2021 10:05:00;Strada Urbana;VIADOTTO DELLA MAGLIANA;da specificare;;;;pross.t� rampa immissione Magliana dir. EUR;Tamponamento Multiplo;Curva senza visuale libera;Due carreggiate;Asciutto;Asfaltata;Verticale ed orizzontale;Sereno;Normale;Buona;;0;0;0;5;12.4634;41.842;-1;3;Autovettura privata;In marcia / fermata / arresto;Conducente;M;Illeso;0;;;Inesploso
5618254;13;29/09/2021 10:50:00;Strada Urbana;VIA DELLE AZZORRE;in corrispondenza;;del civico n.;318;;Veicolo in marcia contro veicolo fermo;Rettilineo;Due carreggiate;Asciutto;Asfaltata;Verticale ed orizzontale;Sereno;Normale;Buona;;0;0;0;2;12.2684;41.7405;-1;1;Autovettura privata;In marcia / fermata / arresto;Conducente;M;Illeso;0;;;
5618254;13;29/09/2021 10:50:00;Strada Urbana;VIA DELLE AZZORRE;in corrispondenza;;del civico n.;318;;Veicolo in marcia contro veicolo fermo;Rettilineo;Due carreggiate;Asciutto;Asfaltata;Verticale ed orizzontale;Sereno;Normale;Buona;;0;0;0;2;12.2684;41.7405;-1;2;Autocarro superiore 35 q.;In marcia / fermata / arresto;Conducente;M;Illeso;0;;;
5618263;13;29/09/2021 09:20:00;Strada Urbana;VIA DI CASTEL FUSANO;in prossimit�;;del civico n.;52;;Veicolo in marcia contro ostacolo accidentale;Rettilineo;Una carreggiata a doppio senso;Asciutto;Asfaltata;Orizzontale;Sereno;Normale;Buona;;0;0;0;1;12.3087;41.7525;-1;1;Autovettura privata;In marcia / fermata / arresto;Conducente;M;Illeso;0;;;
5618282;7;29/09/2021 13:00:00;Provinciale entro l'abitato;VIA PRENESTINA;in corrispondenza;;del civico n.;580;;Scontro laterale fra veicoli in marcia;Rettilineo;Una carreggiata a doppio senso;Asciutto;Asfaltata;Verticale ed orizzontale;Sereno;Normale;Buona;;1;0;0;1;12.5789;41.8941;-1;1;Autovettura privata;In marcia / fermata / arresto;Conducente;M;Illeso;0;;Non accertato;Inesploso
5618282;7;29/09/2021 13:00:00;Provinciale entro l'abitato;VIA PRENESTINA;in corrispondenza;;del civico n.;580;;Scontro laterale fra veicoli in marcia;Rettilineo;Una carreggiata a doppio senso;Asciutto;Asfaltata;Verticale ed orizzontale;Sereno;Normale;Buona;;1;0;0;1;12.5789;41.8941;-1;2;Motociclo a solo;In marcia / fermata / arresto;Conducente;F;Rimandato;0;NON DECEDUTO;Non accertato;
5618301;10;29/09/2021;Strada Urbana;VIA TUSCOLANA;in corrispondenza;;del civico n.;771;;Veicolo in marcia contro veicolo in sosta;Rettilineo;Due carreggiate;Asciutto;Asfaltata;Orizzontale;Sereno;Normale;Buona;;0;0;0;0;12.5565;41.8603;-1;1;Autovettura privata;Sosta;;;;;;;
5618301;10;29/09/2021;Strada Urbana;VIA TUSCOLANA;in corrispondenza;;del civico n.;771;;Veicolo in marcia contro veicolo in sosta;Rettilineo;Due carreggiate;Asciutto;Asfaltata;Orizzontale;Sereno;Normale;Buona;;0;0;0;0;12.5565;41.8603;-1;2;Monopattino elettrico;In marcia / fermata / arresto;;;;;;;
5618305;11;29/09/2021 22:15:00;Strada Urbana;VIA CRISTOFORO COLOMBO;in prossimit�;;del civico n.;38;;Scontro frontale/laterale SX fra veicoli in marcia;Rettilineo;Una carreggiata a senso unico di marcia;Asciutto;Asfaltata;Verticale ed orizzontale;Sereno;Normale;Buona;;0;0;0;2;12.4961;41.8702;-1;1;Autovettura privata;In marcia / fermata / arresto;Conducente;F;Illeso;0;;Non accertato;
5618305;11;29/09/2021 22:15:00;Strada Urbana;VIA CRISTOFORO COLOMBO;in prossimit�;;del civico n.;38;;Scontro frontale/laterale SX fra veicoli in marcia;Rettilineo;Una carreggiata a senso unico di marcia;Asciutto;Asfaltata;Verticale ed orizzontale;Sereno;Normale;Buona;;0;0;0;2;12.4961;41.8702;-1;2;Autovettura privata;In marcia / fermata / arresto;Conducente;F;Illeso;0;;Non accertato;
5618307;20;28/09/2021 17:45:00;Strada Urbana;VIA DEL CENACOLO;in prossimit�;;del civico n.;42;;Veicolo in marcia contro veicolo in sosta;Rettilineo;Una carreggiata a doppio senso;Asciutto;Asfaltata;Assente;Sereno;Normale;Buona;;0;0;0;0;12.3833;42.0022;-1;2;Autovettura privata;Sosta;;;;;;;
5618309;15;29/09/2021 16:40:00;Strada Urbana;VIA FRANCESCO GRIMALDI;all'intersezione con;VIA ODERISI DA GUBBIO;VIA ODERISI DA GUBBIO;;;Scontro laterale fra veicoli in marcia;Incrocio;Una carreggiata a doppio senso;Asciutto;Asfaltata;Verticale ed orizzontale;Sereno;Normale;Sufficiente;;0;0;0;3;12.4674;41.8649;-1;1;Autovettura privata;In marcia / fermata / arresto;Conducente;M;Illeso;0;;Non accertato;Inesploso
5618309;15;29/09/2021 16:40:00;Strada Urbana;VIA FRANCESCO GRIMALDI;all'intersezione con;VIA ODERISI DA GUBBIO;VIA ODERISI DA GUBBIO;;;Scontro laterale fra veicoli in marcia;Incrocio;Una carreggiata a doppio senso;Asciutto;Asfaltata;Verticale ed orizzontale;Sereno;Normale;Sufficiente;;0;0;0;3;12.4674;41.8649;-1;1;Autovettura privata;In marcia / fermata / arresto;Passeggero;F;Illeso;0;;Non accertato;Inesploso
5618309;15;29/09/2021 16:40:00;Strada Urbana;VIA FRANCESCO GRIMALDI;all'intersezione con;VIA ODERISI DA GUBBIO;VIA ODERISI DA GUBBIO;;;Scontro laterale fra veicoli in marcia;Incrocio;Una carreggiata a doppio senso;Asciutto;Asfaltata;Verticale ed orizzontale;Sereno;Normale;Sufficiente;;0;0;0;3;12.4674;41.8649;-1;2;Motociclo a solo;In marcia / fermata / arresto;Conducente;M;Illeso;0;;Non accertato;
5618316;4;29/09/2021 07:30:00;Strada Urbana;VIALE JONIO;in prossimit�;;del civico n.;272;;Scontro laterale fra veicoli in marcia;Rettilineo;Due carreggiate;Asciutto;Asfaltata;Verticale ed orizzontale;Sereno;Normale;Buona;;0;0;0;2;12.5308;41.946;-1;1;Autovettura privata;In marcia / fermata / arresto;Conducente;M;Illeso;0;;Non accertato;Inesploso
5618316;4;29/09/2021 07:30:00;Strada Urbana;VIALE JONIO;in prossimit�;;del civico n.;272;;Scontro laterale fra veicoli in marcia;Rettilineo;Due carreggiate;Asciutto;Asfaltata;Verticale ed orizzontale;Sereno;Normale;Buona;;0;0;0;2;12.5308;41.946;-1;2;Autovettura privata;In marcia / fermata / arresto;Conducente;M;Illeso;0;;;
5618328;15;29/09/2021 22:00:00;Strada Urbana;VIA DEL FORNETTO;da specificare;;;;prossimit� Via di Ricci Curbastro;Scontro laterale fra veicoli in marcia;Rettilineo;Una carreggiata a doppio senso;Asciutto;Asfaltata;Assente;Sereno;Scarso;Sufficiente;;0;0;0;2;12.4638;41.8714;-1;1;Autovettura privata;In marcia / fermata / arresto;Conducente;F;Illeso;0;;Non accertato;Inesploso
5618328;15;29/09/2021 22:00:00;Strada Urbana;VIA DEL FORNETTO;da specificare;;;;prossimit� Via di Ricci Curbastro;Scontro laterale fra veicoli in marcia;Rettilineo;Una carreggiata a doppio senso;Asciutto;Asfaltata;Assente;Sereno;Scarso;Sufficiente;;0;0;0;2;12.4638;41.8714;-1;2;Autovettura privata;In marcia / fermata / arresto;Conducente;M;Illeso;0;;Non accertato;
5618346;7;29/09/2021 13:50:00;Strada Urbana;VIA COLLATINA;in corrispondenza;;del civico n.;345;;Tamponamento Multiplo;Rettilineo;Una carreggiata a doppio senso;Asciutto;Asfaltata;Verticale ed orizzontale;Sereno;Normale;Buona;;0;0;0;3;12.5985;41.9051;-1;1;Autovettura privata;In marcia / fermata / arresto;Conducente;F;Illeso;0;;Non accertato;Inesploso
5618346;7;29/09/2021 13:50:00;Strada Urbana;VIA COLLATINA;in corrispondenza;;del civico n.;345;;Tamponamento Multiplo;Rettilineo;Una carreggiata a doppio senso;Asciutto;Asfaltata;Verticale ed orizzontale;Sereno;Normale;Buona;;0;0;0;3;12.5985;41.9051;-1;2;Autovettura privata;In marcia / fermata / arresto;Conducente;F;Illeso;0;;Non accertato;Inesploso
5618346;7;29/09/2021 13:50:00;Strada Urbana;VIA COLLATINA;in corrispondenza;;del civico n.;345;;Tamponamento Multiplo;Rettilineo;Una carreggiata a doppio senso;Asciutto;Asfaltata;Verticale ed orizzontale;Sereno;Normale;Buona;;0;0;0;3;12.5985;41.9051;-1;3;Autovettura privata;In marcia / fermata / arresto;Conducente;M;Illeso;0;;Non accertato;Inesploso
5618352;18;30/09/2021 06:40:00;Strada Urbana;VIA LUCIO II;in prossimit�;;del civico n.;82;;Veicolo in marcia contro veicolo in sosta;Curva senza visuale libera;Una carreggiata a senso unico di marcia;Asciutto;Asfaltata;Verticale;Sereno;Scarso;Buona;;0;0;0;1;12.4201;41.9074;-1;1;Autovettura privata;In marcia / fermata / arresto;Conducente;M;Illeso;0;;Non accertato;Inesploso
5618352;18;30/09/2021 06:40:00;Strada Urbana;VIA LUCIO II;in prossimit�;;del civico n.;82;;Veicolo in marcia contro veicolo in sosta;Curva senza visuale libera;Una carreggiata a senso unico di marcia;Asciutto;Asfaltata;Verticale;Sereno;Scarso;Buona;;0;0;0;1;12.4201;41.9074;-1;2;Autovettura privata;Sosta;;;;;;;
5618361;11;29/09/2021 12:00:00;Strada Urbana;VIA ROSA GUARNIERI CARDUCCI;in prossimit�;;del civico n.;12;;Investimento di pedone;Rettilineo;Una carreggiata a senso unico di marcia;Asciutto;Asfaltata;Verticale ed orizzontale;Sereno;Scarso;Buona;;1;0;0;2;12.4898;41.8585;-1;;;;Pedone;M;Rimandato;0;NON DECEDUTO;;
5618361;11;29/09/2021 12:00:00;Strada Urbana;VIA ROSA GUARNIERI CARDUCCI;in prossimit�;;del civico n.;12;;Investimento di pedone;Rettilineo;Una carreggiata a senso unico di marcia;Asciutto;Asfaltata;Verticale ed orizzontale;Sereno;Scarso;Buona;;1;0;0;2;12.4898;41.8585;-1;1;Autovettura privata;In marcia / fermata / arresto;Conducente;F;Illeso;0;;;
5618361;11;29/09/2021 12:00:00;Strada Urbana;VIA ROSA GUARNIERI CARDUCCI;in prossimit�;;del civico n.;12;;Investimento di pedone;Rettilineo;Una carreggiata a senso unico di marcia;Asciutto;Asfaltata;Verticale ed orizzontale;Sereno;Scarso;Buona;;1;0;0;2;12.4898;41.8585;-1;1;Autovettura privata;In marcia / fermata / arresto;Passeggero;M;Illeso;0;;Non accertato;
5618364;4;29/09/2021 08:38:00;Strada Urbana;VIALE JONIO;all'intersezione con;VIA MONTE ROCCHETTA;VIA MONTE ROCCHETTA;;;Scontro frontale/laterale DX fra veicoli in marcia;Intersezione stradale segnalata;Due carreggiate;Asciutto;Asfaltata;Verticale ed orizzontale;Sereno;Intenso;Buona;;1;0;0;1;12.5361;41.9442;-1;1;Motociclo a solo;In marcia / fermata / arresto;Conducente;M;Rimandato;0;NON DECEDUTO;;
5618364;4;29/09/2021 08:38:00;Strada Urbana;VIALE JONIO;all'intersezione con;VIA MONTE ROCCHETTA;VIA MONTE ROCCHETTA;;;Scontro frontale/laterale DX fra veicoli in marcia;Intersezione stradale segnalata;Due carreggiate;Asciutto;Asfaltata;Verticale ed orizzontale;Sereno;Intenso;Buona;;1;0;0;1;12.5361;41.9442;-1;2;Autovettura privata;In marcia / fermata / arresto;Conducente;M;Illeso;0;;;
5618380;4;29/09/2021 07:40:00;Strada Urbana;VIA MONTE MASSICO;da specificare;;;;prossimit� fronte civico 90A;Scontro laterale fra veicoli in marcia;Rettilineo;Una carreggiata a doppio senso;Asciutto;Asfaltata;Verticale ed orizzontale;Sereno;Normale;Buona;;0;0;0;3;12.532;41.9513;-1;1;Autovettura privata;In marcia / fermata / arresto;Conducente;M;Illeso;0;;Non accertato;Inesploso
5618380;4;29/09/2021 07:40:00;Strada Urbana;VIA MONTE MASSICO;da specificare;;;;prossimit� fronte civico 90A;Scontro laterale fra veicoli in marcia;Rettilineo;Una carreggiata a doppio senso;Asciutto;Asfaltata;Verticale ed orizzontale;Sereno;Normale;Buona;;0;0;0;3;12.532;41.9513;-1;2;Autovettura privata;In marcia / fermata / arresto;Conducente;F;Illeso;0;;Non accertato;Inesploso
5618380;4;29/09/2021 07:40:00;Strada Urbana;VIA MONTE MASSICO;da specificare;;;;prossimit� fronte civico 90A;Scontro laterale fra veicoli in marcia;Rettilineo;Una carreggiata a doppio senso;Asciutto;Asfaltata;Verticale ed orizzontale;Sereno;Normale;Buona;;0;0;0;3;12.532;41.9513;-1;3;Autovettura privata;In marcia / fermata / arresto;Conducente;M;Illeso;0;;Non accertato;
5618390;5;29/09/2021 10:20:00;Strada Urbana;VIA TIBURTINA;da specificare;;;;ALTEZZA PONTE MAMMOLO;Scontro laterale fra veicoli in marcia;Rettilineo;Due carreggiate;Asciutto;Asfaltata;Verticale ed orizzontale;Nuvoloso;Intenso;Buona;;0;0;0;2;12.5739;41.9257;-1;1;Autovettura privata;In marcia / fermata / arresto;Conducente;F;Illeso;0;;Non accertato;Inesploso
5618390;5;29/09/2021 10:20:00;Strada Urbana;VIA TIBURTINA;da specificare;;;;ALTEZZA PONTE MAMMOLO;Scontro laterale fra veicoli in marcia;Rettilineo;Due carreggiate;Asciutto;Asfaltata;Verticale ed orizzontale;Nuvoloso;Intenso;Buona;;0;0;0;2;12.5739;41.9257;-1;2;Autobus di linea;In marcia / fermata / arresto;Conducente;M;Illeso;0;;Non accertato;
5618399;18;29/09/2021 17:45:00;Strada Urbana;VIA AURELIA;all'intersezione con;VIA EGIDIO ALBORNOZ;VIA EGIDIO ALBORNOZ;;;Scontro frontale/laterale DX fra veicoli in marcia;Intersezione non regolata/non segnalata;Una carreggiata a doppio senso;Asciutto;Asfaltata;Verticale ed orizzontale;Sereno;Normale;Buona;;0;0;0;3;12.4012;41.8861;-1;1;Autovettura privata;In marcia / fermata / arresto;Conducente;M;Illeso;0;;;
5618399;18;29/09/2021 17:45:00;Strada Urbana;VIA AURELIA;all'intersezione con;VIA EGIDIO ALBORNOZ;VIA EGIDIO ALBORNOZ;;;Scontro frontale/laterale DX fra veicoli in marcia;Intersezione non regolata/non segnalata;Una carreggiata a doppio senso;Asciutto;Asfaltata;Verticale ed orizzontale;Sereno;Normale;Buona;;0;0;0;3;12.4012;41.8861;-1;2;Autovettura privata;In marcia / fermata / arresto;Conducente;M;Illeso;0;;;
5618399;18;29/09/2021 17:45:00;Strada Urbana;VIA AURELIA;all'intersezione con;VIA EGIDIO ALBORNOZ;VIA EGIDIO ALBORNOZ;;;Scontro frontale/laterale DX fra veicoli in marcia;Intersezione non regolata/non segnalata;Una carreggiata a doppio senso;Asciutto;Asfaltata;Verticale ed orizzontale;Sereno;Normale;Buona;;0;0;0;3;12.4012;41.8861;-1;2;Autovettura privata;In marcia / fermata / arresto;Passeggero;F;Illeso;0;;;
5618401;5;29/09/2021 08:40:00;Strada Urbana;VIA TIBURTINA;all'intersezione semaforizzata con;VIA SAMBUCI;VIA SAMBUCI;;;Tamponamento Multiplo;Incrocio;Due carreggiate;Asciutto;Asfaltata;Verticale ed orizzontale;Sereno;Intenso;Buona;;3;0;0;2;12.6125;41.9359;-1;1;Autocarro inferiore 35 q.;In marcia / fermata / arresto;Conducente;M;Illeso;0;;Non accertato;
5618401;5;29/09/2021 08:40:00;Strada Urbana;VIA TIBURTINA;all'intersezione semaforizzata con;VIA SAMBUCI;VIA SAMBUCI;;;Tamponamento Multiplo;Incrocio;Due carreggiate;Asciutto;Asfaltata;Verticale ed orizzontale;Sereno;Intenso;Buona;;3;0;0;2;12.6125;41.9359;-1;2;Autovettura privata;In marcia / fermata / arresto;Conducente;F;Rimandato;0;NON DECEDUTO;Non accertato;
5618401;5;29/09/2021 08:40:00;Strada Urbana;VIA TIBURTINA;all'intersezione semaforizzata con;VIA SAMBUCI;VIA SAMBUCI;;;Tamponamento Multiplo;Incrocio;Due carreggiate;Asciutto;Asfaltata;Verticale ed orizzontale;Sereno;Intenso;Buona;;3;0;0;2;12.6125;41.9359;-1;3;Autovettura privata;In marcia / fermata / arresto;Conducente;M;Rimandato;0;NON DECEDUTO;Non accertato;
5618401;5;29/09/2021 08:40:00;Strada Urbana;VIA TIBURTINA;all'intersezione semaforizzata con;VIA SAMBUCI;VIA SAMBUCI;;;Tamponamento Multiplo;Incrocio;Due carreggiate;Asciutto;Asfaltata;Verticale ed orizzontale;Sereno;Intenso;Buona;;3;0;0;2;12.6125;41.9359;-1;3;Autovettura privata;In marcia / fermata / arresto;Passeggero;F;Ricoverato;0;NON DECEDUTO;Non accertato;
5618401;5;29/09/2021 08:40:00;Strada Urbana;VIA TIBURTINA;all'intersezione semaforizzata con;VIA SAMBUCI;VIA SAMBUCI;;;Tamponamento Multiplo;Incrocio;Due carreggiate;Asciutto;Asfaltata;Verticale ed orizzontale;Sereno;Intenso;Buona;;3;0;0;2;12.6125;41.9359;-1;4;Autobus urbano;In marcia / fermata / arresto;Conducente;M;Illeso;0;;Non accertato;
5618411;5;29/09/2021 10:20:00;Strada Urbana;VIA DI PORTONACCIO;in corrispondenza;;del civico n.;106;;Tamponamento;Rettilineo;Due carreggiate;Asciutto;Asfaltata;Orizzontale;Sereno;Normale;Buona;;0;0;0;2;12.5368;41.9006;-1;1;Autovettura privata;In marcia / fermata / arresto;Conducente;M;Illeso;0;;Non accertato;Inesploso
5618411;5;29/09/2021 10:20:00;Strada Urbana;VIA DI PORTONACCIO;in corrispondenza;;del civico n.;106;;Tamponamento;Rettilineo;Due carreggiate;Asciutto;Asfaltata;Orizzontale;Sereno;Normale;Buona;;0;0;0;2;12.5368;41.9006;-1;2;Autovettura privata;In marcia / fermata / arresto;Conducente;F;Illeso;0;;Non accertato;
5618419;5;29/09/2021 12:00:00;Strada Urbana;VIA RICCARDO ZAMPIERI;in corrispondenza;;del civico n.;47;;Veicolo in marcia contro veicolo arresto;Rettilineo;Una carreggiata a senso unico di marcia;Asciutto;Asfaltata;Verticale ed orizzontale;Sereno;Normale;Buona;;0;0;0;2;12.549;41.905;-1;1;Autovettura privata;In marcia / fermata / arresto;Conducente;F;Illeso;0;;Non accertato;
5618419;5;29/09/2021 12:00:00;Strada Urbana;VIA RICCARDO ZAMPIERI;in corrispondenza;;del civico n.;47;;Veicolo in marcia contro veicolo arresto;Rettilineo;Una carreggiata a senso unico di marcia;Asciutto;Asfaltata;Verticale ed orizzontale;Sereno;Normale;Buona;;0;0;0;2;12.549;41.905;-1;2;Autovettura privata;In marcia / fermata / arresto;Conducente;F;Illeso;0;;Non accertato;
5618419;5;29/09/2021 12:00:00;Strada Urbana;VIA RICCARDO ZAMPIERI;in corrispondenza;;del civico n.;47;;Veicolo in marcia contro veicolo arresto;Rettilineo;Una carreggiata a senso unico di marcia;Asciutto;Asfaltata;Verticale ed orizzontale;Sereno;Normale;Buona;;0;0;0;2;12.549;41.905;-1;3;Autovettura privata;Sosta;;;;;;;
5618423;18;30/09/2021 04:00:00;Strada Urbana;LUNGOTEVERE AVENTINO;da specificare;;;;altezza PONTE PALATINO;Veicolo in marcia contro ostacolo fisso;Curva a visuale libera;Una carreggiata a senso unico di marcia;Asciutto;Asfaltata;Verticale ed orizzontale;Sereno;Scarso;Sufficiente;;2;1;1;0;12.479;41.8855;0;1;Autovettura privata;In marcia / fermata / arresto;Conducente;M;Rimandato;0;NON DECEDUTO;Non accertato;
5618423;18;30/09/2021 04:00:00;Strada Urbana;LUNGOTEVERE AVENTINO;da specificare;;;;altezza PONTE PALATINO;Veicolo in marcia contro ostacolo fisso;Curva a visuale libera;Una carreggiata a senso unico di marcia;Asciutto;Asfaltata;Verticale ed orizzontale;Sereno;Scarso;Sufficiente;;2;1;1;0;12.479;41.8855;0;1;Autovettura privata;In marcia / fermata / arresto;Passeggero;M;Prognosi riservata;0;NON DECEDUTO;Non accertato;
5618423;18;30/09/2021 04:00:00;Strada Urbana;LUNGOTEVERE AVENTINO;da specificare;;;;altezza PONTE PALATINO;Veicolo in marcia contro ostacolo fisso;Curva a visuale libera;Una carreggiata a senso unico di marcia;Asciutto;Asfaltata;Verticale ed orizzontale;Sereno;Scarso;Sufficiente;;2;1;1;0;12.479;41.8855;0;1;Autovettura privata;In marcia / fermata / arresto;Passeggero;M;Ricoverato;0;NON DECEDUTO;Non accertato;
5618423;18;30/09/2021 04:00:00;Strada Urbana;LUNGOTEVERE AVENTINO;da specificare;;;;altezza PONTE PALATINO;Veicolo in marcia contro ostacolo fisso;Curva a visuale libera;Una carreggiata a senso unico di marcia;Asciutto;Asfaltata;Verticale ed orizzontale;Sereno;Scarso;Sufficiente;;2;1;1;0;12.479;41.8855;0;1;Autovettura privata;In marcia / fermata / arresto;Passeggero;M;Deceduto sul posto;-1;;Non accertato;
5618440;5;29/09/2021 16:30:00;Strada Urbana;VIA TIBURTINA;in prossimit�;;del civico n.;910;;Tamponamento;Rettilineo;Due carreggiate;Asciutto;Asfaltata;Orizzontale;Sereno;Intenso;Buona;;0;0;0;4;12.5685;41.9233;-1;1;Autovettura privata;In marcia / fermata / arresto;Conducente;M;Illeso;0;;Non accertato;
5618440;5;29/09/2021 16:30:00;Strada Urbana;VIA TIBURTINA;in prossimit�;;del civico n.;910;;Tamponamento;Rettilineo;Due carreggiate;Asciutto;Asfaltata;Orizzontale;Sereno;Intenso;Buona;;0;0;0;4;12.5685;41.9233;-1;1;Autovettura privata;In marcia / fermata / arresto;Passeggero;F;Illeso;0;;Non accertato;Inesploso
5618440;5;29/09/2021 16:30:00;Strada Urbana;VIA TIBURTINA;in prossimit�;;del civico n.;910;;Tamponamento;Rettilineo;Due carreggiate;Asciutto;Asfaltata;Orizzontale;Sereno;Intenso;Buona;;0;0;0;4;12.5685;41.9233;-1;2;Motociclo con passeggero;In marcia / fermata / arresto;Conducente;M;Illeso;0;;Non accertato;
5618440;5;29/09/2021 16:30:00;Strada Urbana;VIA TIBURTINA;in prossimit�;;del civico n.;910;;Tamponamento;Rettilineo;Due carreggiate;Asciutto;Asfaltata;Orizzontale;Sereno;Intenso;Buona;;0;0;0;4;12.5685;41.9233;-1;2;Motociclo con passeggero;In marcia / fermata / arresto;Passeggero;M;Illeso;0;;Non accertato;
5618441;7;29/09/2021 16:15:00;Strada Urbana;VIA PRENESTINA;da specificare;;;;ROTATORIA VIA LONGONI;Scontro laterale fra veicoli in marcia;Rotatoria;Una carreggiata a senso unico di marcia;Asciutto;Asfaltata;Verticale ed orizzontale;Sereno;Normale;Buona;;0;0;0;3;12.6041;41.8936;-1;1;Autocarro inferiore 35 q.;In marcia / fermata / arresto;Conducente;M;Illeso;0;;Non accertato;Inesploso
5618441;7;29/09/2021 16:15:00;Strada Urbana;VIA PRENESTINA;da specificare;;;;ROTATORIA VIA LONGONI;Scontro laterale fra veicoli in marcia;Rotatoria;Una carreggiata a senso unico di marcia;Asciutto;Asfaltata;Verticale ed orizzontale;Sereno;Normale;Buona;;0;0;0;3;12.6041;41.8936;-1;1;Autocarro inferiore 35 q.;In marcia / fermata / arresto;Passeggero;M;Illeso;0;;;
5618441;7;29/09/2021 16:15:00;Strada Urbana;VIA PRENESTINA;da specificare;;;;ROTATORIA VIA LONGONI;Scontro laterale fra veicoli in marcia;Rotatoria;Una carreggiata a senso unico di marcia;Asciutto;Asfaltata;Verticale ed orizzontale;Sereno;Normale;Buona;;0;0;0;3;12.6041;41.8936;-1;2;Autocarro inferiore 35 q.;In marcia / fermata / arresto;Conducente;M;Illeso;0;;Non accertato;Inesploso
5618458;5;29/09/2021 18:08:00;Strada Urbana;VIA TINO BUAZZELLI;in prossimit�;;del civico n.;6;;Veicolo in marcia contro veicolo in sosta;Rettilineo;Una carreggiata a doppio senso;Asciutto;Asfaltata;Verticale ed orizzontale;Sereno;Normale;Buona;;0;0;0;1;12.5686;41.9442;-1;1;Autovettura privata;In marcia / fermata / arresto;Conducente;F;Illeso;0;;Non accertato;Inesploso
5618458;5;29/09/2021 18:08:00;Strada Urbana;VIA TINO BUAZZELLI;in prossimit�;;del civico n.;6;;Veicolo in marcia contro veicolo in sosta;Rettilineo;Una carreggiata a doppio senso;Asciutto;Asfaltata;Verticale ed orizzontale;Sereno;Normale;Buona;;0;0;0;1;12.5686;41.9442;-1;2;Autovettura privata;Sosta;;;;;;;
5618463;18;29/09/2021 21:25:00;Strada Urbana;CIRCONVALLAZIONE AURELIA;da specificare;;;;IN PROX VIA G. PALOMBINI;Scontro laterale fra veicoli in marcia;Rettilineo;Due carreggiate;Asciutto;Asfaltata;Verticale ed orizzontale;Sereno;Scarso;Buona;;1;0;0;1;12.4282;41.8971;-1;1;Autovettura privata;Allontanatosi;Conducente;M;Illeso;0;;;
5618463;18;29/09/2021 21:25:00;Strada Urbana;CIRCONVALLAZIONE AURELIA;da specificare;;;;IN PROX VIA G. PALOMBINI;Scontro laterale fra veicoli in marcia;Rettilineo;Due carreggiate;Asciutto;Asfaltata;Verticale ed orizzontale;Sereno;Scarso;Buona;;1;0;0;1;12.4282;41.8971;-1;2;Motociclo a solo;In marcia / fermata / arresto;Conducente;M;Rifiuta cure immediate;0;NON DECEDUTO;;
5618474;17;29/09/2021 00:35:00;Strada Urbana;VIA DEI SS. QUATTRO;in prossimit�;;del civico n.;95;;Veicolo in marcia contro veicoli in sosta;Rettilineo;Una carreggiata a senso unico di marcia;Asciutto;Asfaltata;Verticale ed orizzontale;Sereno;Scarso;Sufficiente;;0;0;0;0;12.4974;41.8889;-1;1;Motociclo a solo;In marcia / fermata / arresto;;;;;;;
5618474;17;29/09/2021 00:35:00;Strada Urbana;VIA DEI SS. QUATTRO;in prossimit�;;del civico n.;95;;Veicolo in marcia contro veicoli in sosta;Rettilineo;Una carreggiata a senso unico di marcia;Asciutto;Asfaltata;Verticale ed orizzontale;Sereno;Scarso;Sufficiente;;0;0;0;0;12.4974;41.8889;-1;2;Autovettura privata;Sosta;;;;;;;