Protocollo;Gruppo;DataOraIncidente;Localizzazione1;STRADA1;Localizzazione2;STRADA2;Strada02;Chilometrica;DaSpecificare;NaturaIncidente;particolaritastrade;TipoStrada;FondoStradale;Pavimentazione;Segnaletica;CondizioneAtmosferica;Traffico;Visibilita;Illuminazione;NUM_FERITI;NUM_RISERVATA;NUM_MORTI;NUM_ILLESI;Longitudine;Latitudine;Confermato;Progressivo;TipoVeicolo;StatoVeicolo;TipoPersona;Sesso;Tipolesione;Deceduto;DecedutoDopo;CinturaCascoUtilizzato;Airbag;
5620410;8;30/09/2021 13:30:00;Strada Urbana;VIA LENTINI;in corrispondenza;;del civico n.;78;;Scontro laterale fra veicoli in marcia;Rettilineo;Una carreggiata a senso unico di marcia;Asciutto;Asfaltata;Verticale ed orizzontale;Sereno;Scarso;Buona;;0;0;0;4;12.6639;41.8579;-1;2;Autovettura privata;In marcia / fermata / arresto;Conducente;F;Illeso;0;;Non accertato;Inesploso
5620410;8;30/09/2021 13:30:00;Strada Urbana;VIA LENTINI;in corrispondenza;;del civico n.;78;;Scontro laterale fra veicoli in marcia;Rettilineo;Una carreggiata a senso unico di marcia;Asciutto;Asfaltata;Verticale ed orizzontale;Sereno;Scarso;Buona;;0;0;0;4;12.6639;41.8579;-1;2;Autovettura privata;In marcia / fermata / arresto;Passeggero;M;Illeso;0;;Non accertato;Inesploso
5620418;8;30/09/2021 15:55:00;Strada Urbana;VIA CASILINA;da specificare;;;;prossimit� Via di Grotte Celoni;Tamponamento;Rettilineo;Due carreggiate;Asciutto;Asfaltata;Assente;Sereno;Intenso;Buona;;1;0;0;1;12.6212;41.8626;-1;1;Autovettura privata;In marcia / fermata / arresto;Conducente;M;Illeso;0;;Non accertato;Inesploso
5620418;8;30/09/2021 15:55:00;Strada Urbana;VIA CASILINA;da specificare;;;;prossimit� Via di Grotte Celoni;Tamponamento;Rettilineo;Due carreggiate;Asciutto;Asfaltata;Assente;Sereno;Intenso;Buona;;1;0;0;1;12.6212;41.8626;-1;2;Autovettura privata;In marcia / fermata / arresto;Conducente;M;Rifiuta cure immediate;0;NON DECEDUTO;Non accertato;Inesploso
5620420;5;30/09/2021 12:00:00;Strada Urbana;VIA MONTECASSIANO;in corrispondenza;;del civico n.;110;;Investimento di pedone;Rettilineo;Una carreggiata a doppio senso;Asciutto;Asfaltata;Verticale;Sereno;Scarso;Buona;;1;0;0;1;12.5721;41.9437;-1;;;;Pedone;F;Rimandato;0;NON DECEDUTO;;
5620420;5;30/09/2021 12:00:00;Strada Urbana;VIA MONTECASSIANO;in corrispondenza;;del civico n.;110;;Investimento di pedone;Rettilineo;Una carreggiata a doppio senso;Asciutto;Asfaltata;Verticale;Sereno;Scarso;Buona;;1;0;0;1;12.5721;41.9437;-1;1;Autovettura privata;In marcia / fermata / arresto;Conducente;F;Illeso;0;;Non accertato;
5620424;8;30/09/2021 19:10:00;Strada Urbana;VIA PETRALIA SOTTANA;all'intersezione con;VIA BORGHESIANA;VIA BORGHESIANA;;;Scontro frontale/laterale DX fra veicoli in marcia;Intersezione stradale segnalata;Una carreggiata a senso unico di marcia;Asciutto;Asfaltata;Verticale ed orizzontale;Sereno;Normale;Sufficiente;;0;0;0;4;12.6731;41.8672;-1;1;Autovettura privata;In marcia / fermata / arresto;Conducente;F;Illeso;0;;Non accertato;Inesploso
5620424;8;30/09/2021 19:10:00;Strada Urbana;VIA PETRALIA SOTTANA;all'intersezione con;VIA BORGHESIANA;VIA BORGHESIANA;;;Scontro frontale/laterale DX fra veicoli in marcia;Intersezione stradale segnalata;Una carreggiata a senso unico di marcia;Asciutto;Asfaltata;Verticale ed orizzontale;Sereno;Normale;Sufficiente;;0;0;0;4;12.6731;41.8672;-1;2;Autovettura privata;In marcia / fermata / arresto;Conducente;F;Illeso;0;;Non accertato;Inesploso
5620424;8;30/09/2021 19:10:00;Strada Urbana;VIA PETRALIA SOTTANA;all'intersezione con;VIA BORGHESIANA;VIA BORGHESIANA;;;Scontro frontale/laterale DX fra veicoli in marcia;Intersezione stradale segnalata;Una carreggiata a senso unico di marcia;Asciutto;Asfaltata;Verticale ed orizzontale;Sereno;Normale;Sufficiente;;0;0;0;4;12.6731;41.8672;-1;2;Autovettura privata;In marcia / fermata / arresto;Passeggero;F;Illeso;0;;;
5620424;8;30/09/2021 19:10:00;Strada Urbana;VIA PETRALIA SOTTANA;all'intersezione con;VIA BORGHESIANA;VIA BORGHESIANA;;;Scontro frontale/laterale DX fra veicoli in marcia;Intersezione stradale segnalata;Una carreggiata a senso unico di marcia;Asciutto;Asfaltata;Verticale ed orizzontale;Sereno;Normale;Sufficiente;;0;0;0;4;12.6731;41.8672;-1;2;Autovettura privata;In marcia / fermata / arresto;Passeggero;F;Illeso;0;;;
5620429;8;30/09/2021 23:00:00;;VIA DI TOR BELLA MONACA;all'intersezione con;VIA DI TORRENOVA;VIA DI TORRENOVA;;;Scontro frontale/laterale DX fra veicoli in marcia;;;;;;;;;;1;0;0;0;;;0;1;Autovettura privata;In marcia / fermata / arresto;Conducente;M;Ricoverato;0;NON DECEDUTO;;
5620429;8;30/09/2021 23:00:00;;VIA DI TOR BELLA MONACA;all'intersezione con;VIA DI TORRENOVA;VIA DI TORRENOVA;;;Scontro frontale/laterale DX fra veicoli in marcia;;;;;;;;;;1;0;0;0;;;0;2;Autovettura privata;In marcia / fermata / arresto;;;;;;;
5620447;20;30/09/2021 19:10:00;Strada Urbana;VIA DEI DUE PONTI;da specificare;;;;fronte civico 128;Tamponamento Multiplo;Rettilineo;Una carreggiata a doppio senso;Asciutto;Asfaltata;Orizzontale;Sereno;Intenso;Buona;;0;0;0;4;12.4701;41.9656;-1;1;Autovettura privata;In marcia / fermata / arresto;Conducente;M;Illeso;0;;Non accertato;Inesploso
5620447;20;30/09/2021 19:10:00;Strada Urbana;VIA DEI DUE PONTI;da specificare;;;;fronte civico 128;Tamponamento Multiplo;Rettilineo;Una carreggiata a doppio senso;Asciutto;Asfaltata;Orizzontale;Sereno;Intenso;Buona;;0;0;0;4;12.4701;41.9656;-1;2;Autovettura privata;In marcia / fermata / arresto;Conducente;M;Illeso;0;;Non accertato;Inesploso
5620447;20;30/09/2021 19:10:00;Strada Urbana;VIA DEI DUE PONTI;da specificare;;;;fronte civico 128;Tamponamento Multiplo;Rettilineo;Una carreggiata a doppio senso;Asciutto;Asfaltata;Orizzontale;Sereno;Intenso;Buona;;0;0;0;4;12.4701;41.9656;-1;3;Autovettura privata;In marcia / fermata / arresto;Conducente;M;Illeso;0;;Non accertato;Inesploso
5620447;20;30/09/2021 19:10:00;Strada Urbana;VIA DEI DUE PONTI;da specificare;;;;fronte civico 128;Tamponamento Multiplo;Rettilineo;Una carreggiata a doppio senso;Asciutto;Asfaltata;Orizzontale;Sereno;Intenso;Buona;;0;0;0;4;12.4701;41.9656;-1;3;Autovettura privata;In marcia / fermata / arresto;Passeggero;M;Illeso;0;;Non accertato;Inesploso
5620449;4;30/09/2021 09:40:00;Strada Urbana;VIA LUIGI CAPUANA;in corrispondenza;;del civico n.;135;;Infortunio per sola frenata improvvisa;Rettilineo;Una carreggiata a doppio senso;Asciutto;Asfaltata;Verticale;Sereno;Normale;Buona;;1;0;0;0;12.5471;41.9476;-1;1;Motociclo a solo;In marcia / fermata / arresto;Conducente;F;Rimandato;0;NON DECEDUTO;;
5620450;19;30/09/2021 16:00:00;Strada Urbana;VIA DEL MONTE DELLA CAPANNA;in prossimit�;;del civico n.;155;;Veicolo in marcia contro ostacolo accidentale;Rettilineo;Una carreggiata a doppio senso;Asciutto;Asfaltata;Orizzontale;Sereno;Normale;Buona;;0;0;0;1;12.399;41.9235;-1;1;Autovettura privata;In marcia / fermata / arresto;Conducente;F;Illeso;0;;Non accertato;Inesploso
5620455;18;30/09/2021 14:44:00;Strada Urbana;VIA CARDINALE OREGLIA;in prossimit�;;del civico n.;16;;Veicolo in marcia contro veicolo in sosta;Rettilineo;Una carreggiata a doppio senso;Asciutto;Asfaltata;Assente;Sereno;Normale;Buona;;0;0;0;1;12.4237;41.9031;-1;1;Autovettura privata;In marcia / fermata / arresto;Conducente;M;Illeso;0;;Non accertato;Inesploso
5620455;18;30/09/2021 14:44:00;Strada Urbana;VIA CARDINALE OREGLIA;in prossimit�;;del civico n.;16;;Veicolo in marcia contro veicolo in sosta;Rettilineo;Una carreggiata a doppio senso;Asciutto;Asfaltata;Assente;Sereno;Normale;Buona;;0;0;0;1;12.4237;41.9031;-1;2;Autovettura privata;Sosta;;;;;;;
5620468;20;30/09/2021 11:05:00;Strada Urbana;VIA DI GROTTAROSSA;in corrispondenza;;del civico n.;151;;Veicolo in marcia contro veicolo in sosta;Curva a visuale libera;Una carreggiata a doppio senso;Asciutto;Asfaltata;Verticale ed orizzontale;Sereno;Normale;Buona;;0;0;0;2;12.441;41.9734;-1;1;Autovettura privata;In marcia / fermata / arresto;Conducente;M;Illeso;0;;Non accertato;Inesploso
5620468;20;30/09/2021 11:05:00;Strada Urbana;VIA DI GROTTAROSSA;in corrispondenza;;del civico n.;151;;Veicolo in marcia contro veicolo in sosta;Curva a visuale libera;Una carreggiata a doppio senso;Asciutto;Asfaltata;Verticale ed orizzontale;Sereno;Normale;Buona;;0;0;0;2;12.441;41.9734;-1;1;Autovettura privata;In marcia / fermata / arresto;Passeggero;F;Illeso;0;;Non accertato;Inesploso
5620468;20;30/09/2021 11:05:00;Strada Urbana;VIA DI GROTTAROSSA;in corrispondenza;;del civico n.;151;;Veicolo in marcia contro veicolo in sosta;Curva a visuale libera;Una carreggiata a doppio senso;Asciutto;Asfaltata;Verticale ed orizzontale;Sereno;Normale;Buona;;0;0;0;2;12.441;41.9734;-1;2;Autocarro inferiore 35 q.;Sosta;;;;;;;
5620485;7;30/09/2021 09:30:00;Strada Urbana;VIALE FILIPPO DE PISIS;all'intersezione con;VIA GIUSEPPE ROSATI;VIA GIUSEPPE ROSATI;;;Scontro laterale fra veicoli in marcia;Incrocio;Due carreggiate;Asciutto;Asfaltata;Verticale ed orizzontale;Sereno;Scarso;Buona;;0;0;0;5;12.5896;41.8996;-1;1;Autovettura privata;In marcia / fermata / arresto;Conducente;M;Illeso;0;;Non accertato;Inesploso
5620485;7;30/09/2021 09:30:00;Strada Urbana;VIALE FILIPPO DE PISIS;all'intersezione con;VIA GIUSEPPE ROSATI;VIA GIUSEPPE ROSATI;;;Scontro laterale fra veicoli in marcia;Incrocio;Due carreggiate;Asciutto;Asfaltata;Verticale ed orizzontale;Sereno;Scarso;Buona;;0;0;0;5;12.5896;41.8996;-1;1;Autovettura privata;In marcia / fermata / arresto;Passeggero;M;Illeso;0;;Non accertato;Inesploso
5620485;7;30/09/2021 09:30:00;Strada Urbana;VIALE FILIPPO DE PISIS;all'intersezione con;VIA GIUSEPPE ROSATI;VIA GIUSEPPE ROSATI;;;Scontro laterale fra veicoli in marcia;Incrocio;Due carreggiate;Asciutto;Asfaltata;Verticale ed orizzontale;Sereno;Scarso;Buona;;0;0;0;5;12.5896;41.8996;-1;1;Autovettura privata;In marcia / fermata / arresto;Passeggero;F;Illeso;0;;Non accertato;Inesploso
5620485;7;30/09/2021 09:30:00;Strada Urbana;VIALE FILIPPO DE PISIS;all'intersezione con;VIA GIUSEPPE ROSATI;VIA GIUSEPPE ROSATI;;;Scontro laterale fra veicoli in marcia;Incrocio;Due carreggiate;Asciutto;Asfaltata;Verticale ed orizzontale;Sereno;Scarso;Buona;;0;0;0;5;12.5896;41.8996;-1;2;Autovettura privata;In marcia / fermata / arresto;Conducente;M;Illeso;0;;Non accertato;Inesploso
5620485;7;30/09/2021 09:30:00;Strada Urbana;VIALE FILIPPO DE PISIS;all'intersezione con;VIA GIUSEPPE ROSATI;VIA GIUSEPPE ROSATI;;;Scontro laterale fra veicoli in marcia;Incrocio;Due carreggiate;Asciutto;Asfaltata;Verticale ed orizzontale;Sereno;Scarso;Buona;;0;0;0;5;12.5896;41.8996;-1;2;Autovettura privata;In marcia / fermata / arresto;Passeggero;F;Illeso;0;;;
5620488;4;30/09/2021 11:20:00;Strada Urbana;PIAZZA GIUSEPPE PRIMOLI;da specificare;;;;fronte Via A. Graf;Scontro laterale fra veicoli in marcia;Rotatoria;Una carreggiata a senso unico di marcia;Asciutto;Asfaltata;Verticale ed orizzontale;Sereno;Normale;Buona;;1;0;0;1;12.5529;41.9452;-1;1;Autovettura privata;In marcia / fermata / arresto;Conducente;F;Rifiuta cure immediate;0;NON DECEDUTO;;
5620488;4;30/09/2021 11:20:00;Strada Urbana;PIAZZA GIUSEPPE PRIMOLI;da specificare;;;;fronte Via A. Graf;Scontro laterale fra veicoli in marcia;Rotatoria;Una carreggiata a senso unico di marcia;Asciutto;Asfaltata;Verticale ed orizzontale;Sereno;Normale;Buona;;1;0;0;1;12.5529;41.9452;-1;2;Autovettura privata;In marcia / fermata / arresto;Conducente;F;Illeso;0;;;
5620489;18;30/09/2021 17:30:00;Strada Urbana;VIA DEL QUARTACCIO;in prossimit�;;del civico n.;60;;Tamponamento;Rettilineo;Una carreggiata a doppio senso;Asciutto;Asfaltata;Orizzontale;Sereno;Normale;Buona;;0;0;0;2;12.3915;41.9186;-1;1;Autovettura privata;In marcia / fermata / arresto;Conducente;M;Illeso;0;;Non accertato;Inesploso
5620489;18;30/09/2021 17:30:00;Strada Urbana;VIA DEL QUARTACCIO;in prossimit�;;del civico n.;60;;Tamponamento;Rettilineo;Una carreggiata a doppio senso;Asciutto;Asfaltata;Orizzontale;Sereno;Normale;Buona;;0;0;0;2;12.3915;41.9186;-1;2;Autovettura privata;In marcia / fermata / arresto;Conducente;F;Illeso;0;;Non accertato;Inesploso
5620502;19;30/09/2021 17:00:00;Strada Urbana;VIA DEL MONTE DELLA CAPANNA;in prossimit�;;del civico n.;170;;Tamponamento Multiplo;Rettilineo;Una carreggiata a doppio senso;Asciutto;Asfaltata;Orizzontale;Sereno;Normale;Buona;;0;0;0;7;12.3996;41.924;-1;1;Autovettura privata;In marcia / fermata / arresto;Conducente;F;Illeso;0;;Non accertato;Inesploso
5620502;19;30/09/2021 17:00:00;Strada Urbana;VIA DEL MONTE DELLA CAPANNA;in prossimit�;;del civico n.;170;;Tamponamento Multiplo;Rettilineo;Una carreggiata a doppio senso;Asciutto;Asfaltata;Orizzontale;Sereno;Normale;Buona;;0;0;0;7;12.3996;41.924;-1;2;Autovettura privata;In marcia / fermata / arresto;Conducente;F;Illeso;0;;Non accertato;Inesploso
5620502;19;30/09/2021 17:00:00;Strada Urbana;VIA DEL MONTE DELLA CAPANNA;in prossimit�;;del civico n.;170;;Tamponamento Multiplo;Rettilineo;Una carreggiata a doppio senso;Asciutto;Asfaltata;Orizzontale;Sereno;Normale;Buona;;0;0;0;7;12.3996;41.924;-1;2;Autovettura privata;In marcia / fermata / arresto;Passeggero;F;Illeso;0;;Esente;Inesploso
5620502;19;30/09/2021 17:00:00;Strada Urbana;VIA DEL MONTE DELLA CAPANNA;in prossimit�;;del civico n.;170;;Tamponamento Multiplo;Rettilineo;Una carreggiata a doppio senso;Asciutto;Asfaltata;Orizzontale;Sereno;Normale;Buona;;0;0;0;7;12.3996;41.924;-1;2;Autovettura privata;In marcia / fermata / arresto;Passeggero;M;Illeso;0;;Non accertato;Inesploso
5620502;19;30/09/2021 17:00:00;Strada Urbana;VIA DEL MONTE DELLA CAPANNA;in prossimit�;;del civico n.;170;;Tamponamento Multiplo;Rettilineo;Una carreggiata a doppio senso;Asciutto;Asfaltata;Orizzontale;Sereno;Normale;Buona;;0;0;0;7;12.3996;41.924;-1;2;Autovettura privata;In marcia / fermata / arresto;Passeggero;M;Illeso;0;;Non accertato;Inesploso
5620502;19;30/09/2021 17:00:00;Strada Urbana;VIA DEL MONTE DELLA CAPANNA;in prossimit�;;del civico n.;170;;Tamponamento Multiplo;Rettilineo;Una carreggiata a doppio senso;Asciutto;Asfaltata;Orizzontale;Sereno;Normale;Buona;;0;0;0;7;12.3996;41.924;-1;3;Autovettura privata;In marcia / fermata / arresto;Conducente;M;Illeso;0;;Non accertato;Inesploso
5620502;19;30/09/2021 17:00:00;Strada Urbana;VIA DEL MONTE DELLA CAPANNA;in prossimit�;;del civico n.;170;;Tamponamento Multiplo;Rettilineo;Una carreggiata a doppio senso;Asciutto;Asfaltata;Orizzontale;Sereno;Normale;Buona;;0;0;0;7;12.3996;41.924;-1;3;Autovettura privata;In marcia / fermata / arresto;Passeggero;M;Illeso;0;;Non accertato;Inesploso
5620503;4;30/09/2021 16:05:00;Strada Urbana;VIALE LINA CAVALIERI;all'intersezione semaforizzata con;VIA VIRGILIO TALLI;VIA VIRGILIO TALLI;;;Scontro laterale fra veicoli in marcia;Intersezione semaforizzata;Una carreggiata a doppio senso;Asciutto;Asfaltata;Verticale ed orizzontale;Sereno;Normale;Buona;;0;0;0;2;12.5158;41.9651;-1;1;Autovettura privata;In marcia / fermata / arresto;Conducente;M;Illeso;0;;;
5620503;4;30/09/2021 16:05:00;Strada Urbana;VIALE LINA CAVALIERI;all'intersezione semaforizzata con;VIA VIRGILIO TALLI;VIA VIRGILIO TALLI;;;Scontro laterale fra veicoli in marcia;Intersezione semaforizzata;Una carreggiata a doppio senso;Asciutto;Asfaltata;Verticale ed orizzontale;Sereno;Normale;Buona;;0;0;0;2;12.5158;41.9651;-1;2;Autovettura privata;In marcia / fermata / arresto;Conducente;M;Illeso;0;;;
5620504;20;30/09/2021 14:30:00;Strada Urbana;VIA COURMAYEUR;in corrispondenza;;del civico n.;11;;Scontro frontale fra veicoli in marcia;Curva senza visuale libera;Una carreggiata a senso unico di marcia;Asciutto;Asfaltata;Assente;Sereno;Normale;Buona;;0;0;0;2;12.4404;41.9474;-1;1;Autovettura privata;In marcia / fermata / arresto;Conducente;M;Illeso;0;;Non accertato;
5620504;20;30/09/2021 14:30:00;Strada Urbana;VIA COURMAYEUR;in corrispondenza;;del civico n.;11;;Scontro frontale fra veicoli in marcia;Curva senza visuale libera;Una carreggiata a senso unico di marcia;Asciutto;Asfaltata;Assente;Sereno;Normale;Buona;;0;0;0;2;12.4404;41.9474;-1;2;Motociclo a solo;In marcia / fermata / arresto;Conducente;M;Illeso;0;;Non accertato;
5620505;5;30/09/2021 17:20:00;Strada Urbana;VIA TIBURTINA;in corrispondenza;;del civico n.;800;;Ribaltamento senza urto contro ostacolo fisso;Rettilineo;Una carreggiata a doppio senso;Asciutto;Asfaltata;Orizzontale;Sereno;Normale;Buona;;0;0;0;1;12.5597;41.9144;-1;1;Motociclo a solo;In marcia / fermata / arresto;Conducente;M;Illeso;0;;;
5620521;4;30/09/2021 09:05:00;Strada Urbana;VIA LUIGI CAPUANA;in corrispondenza;;del civico n.;121;;Tamponamento;Rettilineo;Due carreggiate;Asciutto;Asfaltata;Temporanea di cantiere;Sereno;Normale;Buona;;1;0;0;1;12.5468;41.9472;-1;1;Autovettura privata;In marcia / fermata / arresto;Conducente;M;Rimandato;0;NON DECEDUTO;;
5620521;4;30/09/2021 09:05:00;Strada Urbana;VIA LUIGI CAPUANA;in corrispondenza;;del civico n.;121;;Tamponamento;Rettilineo;Due carreggiate;Asciutto;Asfaltata;Temporanea di cantiere;Sereno;Normale;Buona;;1;0;0;1;12.5468;41.9472;-1;2;Autovettura privata;In marcia / fermata / arresto;Conducente;M;Illeso;0;;;
5620525;9;30/09/2021 13:35:00;Strada Urbana;VIA TUSCOLANA;in corrispondenza;;del civico n.;692;;Scontro laterale fra veicoli in marcia;Rettilineo;Una carreggiata a doppio senso;Asciutto;Asfaltata;Orizzontale;Sereno;Normale;Buona;;1;0;0;2;12.5419;41.8661;-1;1;Autovettura privata;In marcia / fermata / arresto;Conducente;F;Illeso;0;;Non accertato;Inesploso
5620525;9;30/09/2021 13:35:00;Strada Urbana;VIA TUSCOLANA;in corrispondenza;;del civico n.;692;;Scontro laterale fra veicoli in marcia;Rettilineo;Una carreggiata a doppio senso;Asciutto;Asfaltata;Orizzontale;Sereno;Normale;Buona;;1;0;0;2;12.5419;41.8661;-1;1;Autovettura privata;In marcia / fermata / arresto;Passeggero;F;Illeso;0;;Non accertato;Inesploso
5620525;9;30/09/2021 13:35:00;Strada Urbana;VIA TUSCOLANA;in corrispondenza;;del civico n.;692;;Scontro laterale fra veicoli in marcia;Rettilineo;Una carreggiata a doppio senso;Asciutto;Asfaltata;Orizzontale;Sereno;Normale;Buona;;1;0;0;2;12.5419;41.8661;-1;2;Motociclo a solo;In marcia / fermata / arresto;Conducente;M;Rimandato;0;NON DECEDUTO;Non accertato;
5620526;7;30/09/2021 08:20:00;Strada Urbana;VIA PRENESTINA;da specificare;;;;ROTATORIA E. FERRARI;Scontro laterale fra veicoli in marcia;Rotatoria;Una carreggiata a senso unico di marcia;Asciutto;Asfaltata;Verticale ed orizzontale;Sereno;Intenso;Buona;;0;0;0;2;12.6033;41.893;-1;1;Autovettura privata;In marcia / fermata / arresto;Conducente;M;Illeso;0;;Non accertato;Inesploso
5620526;7;30/09/2021 08:20:00;Strada Urbana;VIA PRENESTINA;da specificare;;;;ROTATORIA E. FERRARI;Scontro laterale fra veicoli in marcia;Rotatoria;Una carreggiata a senso unico di marcia;Asciutto;Asfaltata;Verticale ed orizzontale;Sereno;Intenso;Buona;;0;0;0;2;12.6033;41.893;-1;2;Autocarro inferiore 35 q.;In marcia / fermata / arresto;Conducente;M;Illeso;0;;Non accertato;Inesploso
5620534;9;30/09/2021 19:10:00;Strada Urbana;PIAZZALE LABICANO;da specificare;;;;prossimit� VIA PRENESTINA;Scontro laterale fra veicoli in marcia;Rettilineo;Una carreggiata a senso unico di marcia;Asciutto;Asfaltata;Verticale ed orizzontale;Sereno;Normale;Sufficiente;;0;0;0;3;12.5173;41.8914;-1;1;Autovettura privata;In marcia / fermata / arresto;Conducente;M;Illeso;0;;Non accertato;Inesploso
5620534;9;30/09/2021 19:10:00;Strada Urbana;PIAZZALE LABICANO;da specificare;;;;prossimit� VIA PRENESTINA;Scontro laterale fra veicoli in marcia;Rettilineo;Una carreggiata a senso unico di marcia;Asciutto;Asfaltata;Verticale ed orizzontale;Sereno;Normale;Sufficiente;;0;0;0;3;12.5173;41.8914;-1;1;Autovettura privata;In marcia / fermata / arresto;Passeggero;F;Illeso;0;;Non accertato;Inesploso
5620534;9;30/09/2021 19:10:00;Strada Urbana;PIAZZALE LABICANO;da specificare;;;;prossimit� VIA PRENESTINA;Scontro laterale fra veicoli in marcia;Rettilineo;Una carreggiata a senso unico di marcia;Asciutto;Asfaltata;Verticale ed orizzontale;Sereno;Normale;Sufficiente;;0;0;0;3;12.5173;41.8914;-1;2;Autovettura privata;In marcia / fermata / arresto;Conducente;M;Illeso;0;;Non accertato;Inesploso
5620543;1;30/09/2021 17:15:00;Strada Urbana;VIA CARLO ALBERTO;all'intersezione con;VIA RATTAZZI;VIA RATTAZZI;;;Scontro laterale fra veicoli in marcia;Incrocio;Una carreggiata a senso unico di marcia;Asciutto;In cubetti di porfido;Verticale ed orizzontale;Sereno;Normale;Buona;;1;0;0;1;12.5017;41.8961;-1;1;Autovettura privata;In marcia / fermata / arresto;Conducente;M;Illeso;0;;;
5620543;1;30/09/2021 17:15:00;Strada Urbana;VIA CARLO ALBERTO;all'intersezione con;VIA RATTAZZI;VIA RATTAZZI;;;Scontro laterale fra veicoli in marcia;Incrocio;Una carreggiata a senso unico di marcia;Asciutto;In cubetti di porfido;Verticale ed orizzontale;Sereno;Normale;Buona;;1;0;0;1;12.5017;41.8961;-1;2;Bicicletta elettrica;In marcia / fermata / arresto;Conducente;M;Rimandato;0;NON DECEDUTO;Non accertato;Inesploso
5620546;4;30/09/2021 18:25:00;Strada Urbana;VIA CAVRIGLIA;da specificare;;;;fronte civico 15-17-19;Scontro laterale fra veicoli in marcia;Rettilineo;Una carreggiata a doppio senso;Asciutto;Asfaltata;Verticale ed orizzontale;Sereno;Normale;Buona;;1;0;0;2;12.5155;41.9476;-1;1;Autovettura privata;In marcia / fermata / arresto;Conducente;F;Illeso;0;;;
5620546;4;30/09/2021 18:25:00;Strada Urbana;VIA CAVRIGLIA;da specificare;;;;fronte civico 15-17-19;Scontro laterale fra veicoli in marcia;Rettilineo;Una carreggiata a doppio senso;Asciutto;Asfaltata;Verticale ed orizzontale;Sereno;Normale;Buona;;1;0;0;2;12.5155;41.9476;-1;1;Autovettura privata;In marcia / fermata / arresto;Passeggero;F;Illeso;0;;;
5620546;4;30/09/2021 18:25:00;Strada Urbana;VIA CAVRIGLIA;da specificare;;;;fronte civico 15-17-19;Scontro laterale fra veicoli in marcia;Rettilineo;Una carreggiata a doppio senso;Asciutto;Asfaltata;Verticale ed orizzontale;Sereno;Normale;Buona;;1;0;0;2;12.5155;41.9476;-1;2;Motociclo con passeggero;In marcia / fermata / arresto;Conducente;M;Rifiuta cure immediate;0;NON DECEDUTO;;
5620591;7;30/09/2021 21:00:00;Strada Urbana;VIA COLLATINA;all'intersezione con;VIA DI GROTTA DI GREGNA;VIA DI GROTTA DI GREGNA;;;Scontro frontale/laterale SX fra veicoli in marcia;Intersezione stradale segnalata;Una carreggiata a doppio senso;Asciutto;Asfaltata;Verticale ed orizzontale;Sereno;Normale;Buona;;0;0;0;4;12.5675;41.9008;-1;1;Autovettura privata;In marcia / fermata / arresto;Conducente;M;Illeso;0;;Non accertato;Inesploso
5620591;7;30/09/2021 21:00:00;Strada Urbana;VIA COLLATINA;all'intersezione con;VIA DI GROTTA DI GREGNA;VIA DI GROTTA DI GREGNA;;;Scontro frontale/laterale SX fra veicoli in marcia;Intersezione stradale segnalata;Una carreggiata a doppio senso;Asciutto;Asfaltata;Verticale ed orizzontale;Sereno;Normale;Buona;;0;0;0;4;12.5675;41.9008;-1;2;Autovettura privata;In marcia / fermata / arresto;Conducente;M;Illeso;0;;;
5620591;7;30/09/2021 21:00:00;Strada Urbana;VIA COLLATINA;all'intersezione con;VIA DI GROTTA DI GREGNA;VIA DI GROTTA DI GREGNA;;;Scontro frontale/laterale SX fra veicoli in marcia;Intersezione stradale segnalata;Una carreggiata a doppio senso;Asciutto;Asfaltata;Verticale ed orizzontale;Sereno;Normale;Buona;;0;0;0;4;12.5675;41.9008;-1;2;Autovettura privata;In marcia / fermata / arresto;Passeggero;M;Illeso;0;;Non accertato;Inesploso
5620591;7;30/09/2021 21:00:00;Strada Urbana;VIA COLLATINA;all'intersezione con;VIA DI GROTTA DI GREGNA;VIA DI GROTTA DI GREGNA;;;Scontro frontale/laterale SX fra veicoli in marcia;Intersezione stradale segnalata;Una carreggiata a doppio senso;Asciutto;Asfaltata;Verticale ed orizzontale;Sereno;Normale;Buona;;0;0;0;4;12.5675;41.9008;-1;2;Autovettura privata;In marcia / fermata / arresto;Passeggero;M;Illeso;0;;Non accertato;Inesploso
5620594;16;29/09/2021 19:30:00;Strada Urbana;VIA DELLA PISANA;in corrispondenza;;del civico n.;278;;Scontro frontale fra veicoli in marcia;Rettilineo;Una carreggiata a doppio senso;Asciutto;Asfaltata;Verticale ed orizzontale;Sereno;Normale;Buona;;1;0;0;2;12.4145;41.8765;-1;1;Autovettura privata;In marcia / fermata / arresto;Conducente;F;Illeso;0;;Non accertato;
5620594;16;29/09/2021 19:30:00;Strada Urbana;VIA DELLA PISANA;in corrispondenza;;del civico n.;278;;Scontro frontale fra veicoli in marcia;Rettilineo;Una carreggiata a doppio senso;Asciutto;Asfaltata;Verticale ed orizzontale;Sereno;Normale;Buona;;1;0;0;2;12.4145;41.8765;-1;1;Autovettura privata;In marcia / fermata / arresto;Passeggero;F;Illeso;0;;Non accertato;