Protocollo;Gruppo;DataOraIncidente;Localizzazione1;STRADA1;Localizzazione2;STRADA2;Strada02;Chilometrica;DaSpecificare;NaturaIncidente;particolaritastrade;TipoStrada;FondoStradale;Pavimentazione;Segnaletica;CondizioneAtmosferica;Traffico;Visibilita;Illuminazione;NUM_FERITI;NUM_RISERVATA;NUM_MORTI;NUM_ILLESI;Longitudine;Latitudine;Confermato;Progressivo;TipoVeicolo;StatoVeicolo;TipoPersona;Sesso;Tipolesione;Deceduto;DecedutoDopo;CinturaCascoUtilizzato;Airbag;
5620594;16;29/09/2021 19:30:00;Strada Urbana;VIA DELLA PISANA;in corrispondenza;;del civico n.;278;;Scontro frontale fra veicoli in marcia;Rettilineo;Una carreggiata a doppio senso;Asciutto;Asfaltata;Verticale ed orizzontale;Sereno;Normale;Buona;;1;0;0;2;12.4145;41.8765;-1;2;Motociclo con passeggero;In marcia / fermata / arresto;Conducente;M;Rimandato;0;NON DECEDUTO;Non accertato;
5620620;23;29/09/2021 19:45:00;Strada Urbana;VIALE AMERICA;all'intersezione con;VIALE UMBERTO TUPINI;VIALE UMBERTO TUPINI;;;Scontro frontale fra veicoli in marcia;Incrocio;Una carreggiata a doppio senso;Asciutto;Asfaltata;Verticale ed orizzontale;Sereno;Normale;Buona;;0;0;0;3;12.4672;41.83;-1;1;Quadriciclo;In marcia / fermata / arresto;Conducente;M;Illeso;0;;Non accertato;Inesistente
5620620;23;29/09/2021 19:45:00;Strada Urbana;VIALE AMERICA;all'intersezione con;VIALE UMBERTO TUPINI;VIALE UMBERTO TUPINI;;;Scontro frontale fra veicoli in marcia;Incrocio;Una carreggiata a doppio senso;Asciutto;Asfaltata;Verticale ed orizzontale;Sereno;Normale;Buona;;0;0;0;3;12.4672;41.83;-1;2;Autovettura privata;In marcia / fermata / arresto;Conducente;M;Illeso;0;;Non accertato;Inesploso
5620620;23;29/09/2021 19:45:00;Strada Urbana;VIALE AMERICA;all'intersezione con;VIALE UMBERTO TUPINI;VIALE UMBERTO TUPINI;;;Scontro frontale fra veicoli in marcia;Incrocio;Una carreggiata a doppio senso;Asciutto;Asfaltata;Verticale ed orizzontale;Sereno;Normale;Buona;;0;0;0;3;12.4672;41.83;-1;3;Autovettura privata;In marcia / fermata / arresto;Conducente;M;Illeso;0;;Non accertato;Inesploso
5620623;18;30/09/2021 21:30:00;Strada Urbana;VIA DI BOCCEA;in prossimit�;;del civico n.;319/b;;Scontro laterale fra veicoli in marcia;Curva a visuale libera;Una carreggiata a doppio senso;Asciutto;Asfaltata;Verticale ed orizzontale;Sereno;Scarso;Buona;;1;0;0;3;12.4118;41.9029;-1;1;Autovettura privata;In marcia / fermata / arresto;Conducente;M;Illeso;0;;Non accertato;Inesploso
5620623;18;30/09/2021 21:30:00;Strada Urbana;VIA DI BOCCEA;in prossimit�;;del civico n.;319/b;;Scontro laterale fra veicoli in marcia;Curva a visuale libera;Una carreggiata a doppio senso;Asciutto;Asfaltata;Verticale ed orizzontale;Sereno;Scarso;Buona;;1;0;0;3;12.4118;41.9029;-1;1;Autovettura privata;In marcia / fermata / arresto;Passeggero;F;Illeso;0;;Non accertato;Inesploso
5620623;18;30/09/2021 21:30:00;Strada Urbana;VIA DI BOCCEA;in prossimit�;;del civico n.;319/b;;Scontro laterale fra veicoli in marcia;Curva a visuale libera;Una carreggiata a doppio senso;Asciutto;Asfaltata;Verticale ed orizzontale;Sereno;Scarso;Buona;;1;0;0;3;12.4118;41.9029;-1;2;Autovettura privata;In marcia / fermata / arresto;Conducente;M;Illeso;0;;Non accertato;Inesploso
5620623;18;30/09/2021 21:30:00;Strada Urbana;VIA DI BOCCEA;in prossimit�;;del civico n.;319/b;;Scontro laterale fra veicoli in marcia;Curva a visuale libera;Una carreggiata a doppio senso;Asciutto;Asfaltata;Verticale ed orizzontale;Sereno;Scarso;Buona;;1;0;0;3;12.4118;41.9029;-1;2;Autovettura privata;In marcia / fermata / arresto;Passeggero;F;Rimandato;0;NON DECEDUTO;Non accertato;Esploso
5620646;1;30/09/2021 18:20:00;Strada Urbana;VIA TORINO;in corrispondenza;;del civico n.;122;;Scontro frontale fra veicoli in marcia;Rettilineo;Una carreggiata a senso unico di marcia;Asciutto;Asfaltata;Verticale ed orizzontale;Sereno;Normale;Buona;;1;0;0;2;12.4956;41.9015;0;1;Autovettura pubblica;In marcia / fermata / arresto;Conducente;M;Illeso;0;;Non accertato;Inesploso
5620646;1;30/09/2021 18:20:00;Strada Urbana;VIA TORINO;in corrispondenza;;del civico n.;122;;Scontro frontale fra veicoli in marcia;Rettilineo;Una carreggiata a senso unico di marcia;Asciutto;Asfaltata;Verticale ed orizzontale;Sereno;Normale;Buona;;1;0;0;2;12.4956;41.9015;0;1;Autovettura pubblica;In marcia / fermata / arresto;Passeggero;M;Illeso;0;;Non accertato;Inesploso
5620646;1;30/09/2021 18:20:00;Strada Urbana;VIA TORINO;in corrispondenza;;del civico n.;122;;Scontro frontale fra veicoli in marcia;Rettilineo;Una carreggiata a senso unico di marcia;Asciutto;Asfaltata;Verticale ed orizzontale;Sereno;Normale;Buona;;1;0;0;2;12.4956;41.9015;0;2;Motociclo a solo;In marcia / fermata / arresto;Conducente;M;Rimandato;0;NON DECEDUTO;;
5620670;12;30/09/2021 19:45:00;Strada Urbana;VIALE DELLA GRANDE MURAGLIA;da specificare;;;;altezza ponte Via Fiume delle Perle;Investimento di pedone;Rettilineo;Due carreggiate;Asciutto;Asfaltata;Verticale ed orizzontale;Sereno;Scarso;Sufficiente;;1;0;0;1;12.4373;41.8087;-1;;;;Pedone;F;Rimandato;0;NON DECEDUTO;;
5620670;12;30/09/2021 19:45:00;Strada Urbana;VIALE DELLA GRANDE MURAGLIA;da specificare;;;;altezza ponte Via Fiume delle Perle;Investimento di pedone;Rettilineo;Due carreggiate;Asciutto;Asfaltata;Verticale ed orizzontale;Sereno;Scarso;Sufficiente;;1;0;0;1;12.4373;41.8087;-1;1;Autovettura privata;In marcia / fermata / arresto;Conducente;M;Illeso;0;;;
5620684;12;30/09/2021 13:40:00;Strada Urbana;VIA DEL PIANETA TERRA;in corrispondenza;;del civico n.;5;;Veicolo in marcia contro ostacolo fisso;Curva a visuale libera;Una carreggiata a doppio senso;Asciutto;Asfaltata;Verticale ed orizzontale;Sereno;Normale;Buona;;0;0;0;1;12.4471;41.8185;-1;1;Autocarro inferiore 35 q.;In marcia / fermata / arresto;Conducente;M;Illeso;0;;;
5620791;1;30/09/2021 22:30:00;Strada Urbana;LARGO MANLIO GELSOMINI;da specificare;;;;altezza chiosco Tram Depot;Veicolo in marcia contro veicolo in sosta;Rettilineo;Una carreggiata a senso unico di marcia;Asciutto;In cubetti di porfido;Assente;Sereno;Normale;Sufficiente;;0;0;0;1;12.4793;41.8789;-1;1;Motociclo a solo;In marcia / fermata / arresto;Conducente;M;Illeso;0;;;
5620791;1;30/09/2021 22:30:00;Strada Urbana;LARGO MANLIO GELSOMINI;da specificare;;;;altezza chiosco Tram Depot;Veicolo in marcia contro veicolo in sosta;Rettilineo;Una carreggiata a senso unico di marcia;Asciutto;In cubetti di porfido;Assente;Sereno;Normale;Sufficiente;;0;0;0;1;12.4793;41.8789;-1;2;Motociclo a solo;Sosta;;;;;;;
5620902;2;30/09/2021 10:05:00;Strada Urbana;VIA GIOVANNI PACINI;in prossimit�;;del civico n.;21;;Scontro frontale/laterale DX fra veicoli in marcia;Rettilineo;Una carreggiata a doppio senso;Asciutto;Asfaltata;Verticale ed orizzontale;Sereno;Normale;Buona;;0;0;0;2;12.4963;41.9175;-1;1;Autovettura privata;In marcia / fermata / arresto;Conducente;M;Illeso;0;;;
5620902;2;30/09/2021 10:05:00;Strada Urbana;VIA GIOVANNI PACINI;in prossimit�;;del civico n.;21;;Scontro frontale/laterale DX fra veicoli in marcia;Rettilineo;Una carreggiata a doppio senso;Asciutto;Asfaltata;Verticale ed orizzontale;Sereno;Normale;Buona;;0;0;0;2;12.4963;41.9175;-1;2;Autovettura privata;In marcia / fermata / arresto;Conducente;M;Illeso;0;;;
5620910;2;30/09/2021 10:50:00;Strada Urbana;VIALE PIETRO DE COUBERTIN;all'intersezione con;VIA GIULIO GAUDINI;VIA GIULIO GAUDINI;;;Infortunio per sola frenata improvvisa;Rotatoria;Una carreggiata a doppio senso;Asciutto;Asfaltata;Verticale ed orizzontale;Sereno;Normale;Buona;;1;0;0;2;12.4765;41.9302;-1;1;Autovettura privata;In marcia / fermata / arresto;Conducente;M;Illeso;0;;Non accertato;Inesploso
5620910;2;30/09/2021 10:50:00;Strada Urbana;VIALE PIETRO DE COUBERTIN;all'intersezione con;VIA GIULIO GAUDINI;VIA GIULIO GAUDINI;;;Infortunio per sola frenata improvvisa;Rotatoria;Una carreggiata a doppio senso;Asciutto;Asfaltata;Verticale ed orizzontale;Sereno;Normale;Buona;;1;0;0;2;12.4765;41.9302;-1;1;Autovettura privata;In marcia / fermata / arresto;Passeggero;F;Illeso;0;;Non accertato;Inesploso
5620910;2;30/09/2021 10:50:00;Strada Urbana;VIALE PIETRO DE COUBERTIN;all'intersezione con;VIA GIULIO GAUDINI;VIA GIULIO GAUDINI;;;Infortunio per sola frenata improvvisa;Rotatoria;Una carreggiata a doppio senso;Asciutto;Asfaltata;Verticale ed orizzontale;Sereno;Normale;Buona;;1;0;0;2;12.4765;41.9302;-1;2;Motociclo a solo;In marcia / fermata / arresto;Conducente;M;Rimandato;0;NON DECEDUTO;;
5620913;2;30/09/2021 10:00:00;Strada Urbana;VIA FRASSO SABINO;da specificare;;;;snc;Veicolo in marcia contro veicolo in sosta;Rettilineo;Una carreggiata a senso unico di marcia;Asciutto;Asfaltata;Verticale ed orizzontale;Sereno;Scarso;Buona;;0;0;0;1;12.5188;41.9325;-1;1;Autovettura privata;In marcia / fermata / arresto;Conducente;M;Illeso;0;;;
5620913;2;30/09/2021 10:00:00;Strada Urbana;VIA FRASSO SABINO;da specificare;;;;snc;Veicolo in marcia contro veicolo in sosta;Rettilineo;Una carreggiata a senso unico di marcia;Asciutto;Asfaltata;Verticale ed orizzontale;Sereno;Scarso;Buona;;0;0;0;1;12.5188;41.9325;-1;2;Autovettura privata;Sosta;;;;;;;
5620918;2;30/09/2021 09:30:00;Strada Urbana;PIAZZA DI PRISCILLA;in prossimit�;;del civico n.;4;;Veicolo in marcia contro ostacolo fisso;Rettilineo;Una carreggiata a doppio senso;Asciutto;Asfaltata;Verticale ed orizzontale;Sereno;Intenso;Buona;;0;0;0;1;12.5094;41.9303;-1;1;Autoarticolato;In marcia / fermata / arresto;Conducente;M;Illeso;0;;Non accertato;Inesploso
5620927;2;30/09/2021 13:20:00;Strada Urbana;VIA TRIPOLITANIA;all'intersezione con;VIA TOCRA;VIA TOCRA;;;Veicolo in marcia contro veicolo in sosta;Intersezione non regolata/non segnalata;Una carreggiata a senso unico di marcia;Asciutto;Asfaltata;Verticale ed orizzontale;Sereno;Normale;Buona;;0;0;0;1;12.5202;41.9308;-1;1;Autovettura privata;In marcia / fermata / arresto;Conducente;M;Illeso;0;;Non accertato;Inesploso
5620927;2;30/09/2021 13:20:00;Strada Urbana;VIA TRIPOLITANIA;all'intersezione con;VIA TOCRA;VIA TOCRA;;;Veicolo in marcia contro veicolo in sosta;Intersezione non regolata/non segnalata;Una carreggiata a senso unico di marcia;Asciutto;Asfaltata;Verticale ed orizzontale;Sereno;Normale;Buona;;0;0;0;1;12.5202;41.9308;-1;2;Autovettura privata;Sosta;;;;;;;
5620934;1;30/09/2021 19:15:00;Strada Urbana;PIAZZA DI S. GIOVANNI IN LATERANO;in prossimit�;;del palo luce n.;62;;Scontro laterale fra veicoli in marcia;Rettilineo;Una carreggiata a doppio senso;Asciutto;Asfaltata;Verticale ed orizzontale;Sereno;Intenso;Buona;;0;0;0;2;12.5068;41.8869;0;1;Motociclo a solo;In marcia / fermata / arresto;Conducente;M;Illeso;0;;Non accertato;
5620934;1;30/09/2021 19:15:00;Strada Urbana;PIAZZA DI S. GIOVANNI IN LATERANO;in prossimit�;;del palo luce n.;62;;Scontro laterale fra veicoli in marcia;Rettilineo;Una carreggiata a doppio senso;Asciutto;Asfaltata;Verticale ed orizzontale;Sereno;Intenso;Buona;;0;0;0;2;12.5068;41.8869;0;2;Autovettura privata;In marcia / fermata / arresto;Conducente;M;Illeso;0;;Non accertato;Inesploso
5620936;2;30/09/2021 16:50:00;Strada Urbana;VIA FRANCESCO SIACCI;in prossimit�;;del civico n.;12;;Scontro laterale fra veicoli in marcia;Rettilineo;Una carreggiata a doppio senso;Asciutto;Asfaltata;Verticale ed orizzontale;Sereno;Normale;Buona;;1;0;0;1;12.4883;41.9224;-1;1;Autovettura privata;In marcia / fermata / arresto;Conducente;M;Illeso;0;;;
5620936;2;30/09/2021 16:50:00;Strada Urbana;VIA FRANCESCO SIACCI;in prossimit�;;del civico n.;12;;Scontro laterale fra veicoli in marcia;Rettilineo;Una carreggiata a doppio senso;Asciutto;Asfaltata;Verticale ed orizzontale;Sereno;Normale;Buona;;1;0;0;1;12.4883;41.9224;-1;2;Motociclo a solo;In marcia / fermata / arresto;Conducente;M;Rimandato;0;NON DECEDUTO;Non accertato;
5620940;2;30/09/2021 20:40:00;Strada Urbana;VIALE PARIOLI;in prossimit�;;del civico n.;63;;Tamponamento;Rettilineo;Una carreggiata a doppio senso;Asciutto;Asfaltata;Verticale ed orizzontale;Sereno;Normale;Sufficiente;;0;0;0;3;12.4877;41.9257;-1;1;Autovettura privata;In marcia / fermata / arresto;Conducente;M;Illeso;0;;;
5620940;2;30/09/2021 20:40:00;Strada Urbana;VIALE PARIOLI;in prossimit�;;del civico n.;63;;Tamponamento;Rettilineo;Una carreggiata a doppio senso;Asciutto;Asfaltata;Verticale ed orizzontale;Sereno;Normale;Sufficiente;;0;0;0;3;12.4877;41.9257;-1;2;Monopattino elettrico;In marcia / fermata / arresto;Conducente;M;Illeso;0;;;
5620940;2;30/09/2021 20:40:00;Strada Urbana;VIALE PARIOLI;in prossimit�;;del civico n.;63;;Tamponamento;Rettilineo;Una carreggiata a doppio senso;Asciutto;Asfaltata;Verticale ed orizzontale;Sereno;Normale;Sufficiente;;0;0;0;3;12.4877;41.9257;-1;2;Monopattino elettrico;In marcia / fermata / arresto;Passeggero;M;Illeso;0;;;
5621030;12;30/09/2021 17:40:00;Strada Urbana;VIALE DELL'ESERCITO;in corrispondenza;;del civico n.;38;;Veicolo in marcia contro veicolo in sosta;Rettilineo;Una carreggiata a senso unico di marcia;Asciutto;Asfaltata;Verticale ed orizzontale;Sereno;Normale;Buona;;0;0;0;3;12.4909;41.8138;-1;1;Autovettura privata;Sosta;Passeggero;M;Illeso;0;;;
5621030;12;30/09/2021 17:40:00;Strada Urbana;VIALE DELL'ESERCITO;in corrispondenza;;del civico n.;38;;Veicolo in marcia contro veicolo in sosta;Rettilineo;Una carreggiata a senso unico di marcia;Asciutto;Asfaltata;Verticale ed orizzontale;Sereno;Normale;Buona;;0;0;0;3;12.4909;41.8138;-1;1;Autovettura privata;Sosta;Passeggero;M;Illeso;0;;;
5621030;12;30/09/2021 17:40:00;Strada Urbana;VIALE DELL'ESERCITO;in corrispondenza;;del civico n.;38;;Veicolo in marcia contro veicolo in sosta;Rettilineo;Una carreggiata a senso unico di marcia;Asciutto;Asfaltata;Verticale ed orizzontale;Sereno;Normale;Buona;;0;0;0;3;12.4909;41.8138;-1;2;Autovettura privata;In marcia / fermata / arresto;Conducente;F;Illeso;0;;;
5621142;12;30/09/2021 13:30:00;Provinciale;VIA ARDEATINA;da specificare;;;;prossimit� intersezione Via Valerio Giacomini;Tamponamento Multiplo;Rettilineo;Una carreggiata a doppio senso;Asciutto;Asfaltata;Verticale ed orizzontale;Sereno;Normale;Buona;;0;0;0;5;12.5373;41.788;-1;1;Autovettura privata;In marcia / fermata / arresto;Conducente;M;Illeso;0;;;
5621142;12;30/09/2021 13:30:00;Provinciale;VIA ARDEATINA;da specificare;;;;prossimit� intersezione Via Valerio Giacomini;Tamponamento Multiplo;Rettilineo;Una carreggiata a doppio senso;Asciutto;Asfaltata;Verticale ed orizzontale;Sereno;Normale;Buona;;0;0;0;5;12.5373;41.788;-1;1;Autovettura privata;In marcia / fermata / arresto;Passeggero;M;Illeso;0;;;Inesploso
5621142;12;30/09/2021 13:30:00;Provinciale;VIA ARDEATINA;da specificare;;;;prossimit� intersezione Via Valerio Giacomini;Tamponamento Multiplo;Rettilineo;Una carreggiata a doppio senso;Asciutto;Asfaltata;Verticale ed orizzontale;Sereno;Normale;Buona;;0;0;0;5;12.5373;41.788;-1;2;Autovettura privata;In marcia / fermata / arresto;Conducente;F;Illeso;0;;;
5621142;12;30/09/2021 13:30:00;Provinciale;VIA ARDEATINA;da specificare;;;;prossimit� intersezione Via Valerio Giacomini;Tamponamento Multiplo;Rettilineo;Una carreggiata a doppio senso;Asciutto;Asfaltata;Verticale ed orizzontale;Sereno;Normale;Buona;;0;0;0;5;12.5373;41.788;-1;3;Autovettura privata;In marcia / fermata / arresto;Conducente;F;Illeso;0;;;
5621142;12;30/09/2021 13:30:00;Provinciale;VIA ARDEATINA;da specificare;;;;prossimit� intersezione Via Valerio Giacomini;Tamponamento Multiplo;Rettilineo;Una carreggiata a doppio senso;Asciutto;Asfaltata;Verticale ed orizzontale;Sereno;Normale;Buona;;0;0;0;5;12.5373;41.788;-1;4;Autovettura privata;In marcia / fermata / arresto;Conducente;M;Illeso;0;;;
5621150;17;30/09/2021 16:55:00;Strada Urbana;LARGO GIOVANNI XXIII;all'intersezione semaforizzata con;VIA DELLA CONCILIAZIONE;VIA DELLA CONCILIAZIONE;;;Scontro laterale fra veicoli in marcia;Intersezione semaforizzata;Una carreggiata a senso unico di marcia;Asciutto;In cubetti di porfido;Verticale ed orizzontale;Sereno;Intenso;Sufficiente;;0;0;0;2;12.4644;41.9023;0;1;Autovettura privata;In marcia / fermata / arresto;Conducente;M;Illeso;0;;;
5621150;17;30/09/2021 16:55:00;Strada Urbana;LARGO GIOVANNI XXIII;all'intersezione semaforizzata con;VIA DELLA CONCILIAZIONE;VIA DELLA CONCILIAZIONE;;;Scontro laterale fra veicoli in marcia;Intersezione semaforizzata;Una carreggiata a senso unico di marcia;Asciutto;In cubetti di porfido;Verticale ed orizzontale;Sereno;Intenso;Sufficiente;;0;0;0;2;12.4644;41.9023;0;2;Motociclo a solo;In marcia / fermata / arresto;Conducente;M;Illeso;0;;;
5621156;3;30/09/2021 14:10:00;Strada Urbana;LARGO VENTUNO APRILE;all'intersezione semaforizzata con;VIA CARLO FEA;VIA CARLO FEA;;;Scontro frontale/laterale DX fra veicoli in marcia;Intersezione semaforizzata;Una carreggiata a doppio senso;Asciutto;Asfaltata;Verticale ed orizzontale;Sereno;Normale;Buona;;1;0;0;2;12.5194;41.9181;-1;1;Autovettura privata;In marcia / fermata / arresto;Conducente;M;Illeso;0;;Non accertato;
5621156;3;30/09/2021 14:10:00;Strada Urbana;LARGO VENTUNO APRILE;all'intersezione semaforizzata con;VIA CARLO FEA;VIA CARLO FEA;;;Scontro frontale/laterale DX fra veicoli in marcia;Intersezione semaforizzata;Una carreggiata a doppio senso;Asciutto;Asfaltata;Verticale ed orizzontale;Sereno;Normale;Buona;;1;0;0;2;12.5194;41.9181;-1;1;Autovettura privata;In marcia / fermata / arresto;Passeggero;F;Illeso;0;;Non accertato;
5621156;3;30/09/2021 14:10:00;Strada Urbana;LARGO VENTUNO APRILE;all'intersezione semaforizzata con;VIA CARLO FEA;VIA CARLO FEA;;;Scontro frontale/laterale DX fra veicoli in marcia;Intersezione semaforizzata;Una carreggiata a doppio senso;Asciutto;Asfaltata;Verticale ed orizzontale;Sereno;Normale;Buona;;1;0;0;2;12.5194;41.9181;-1;2;Motociclo a solo;In marcia / fermata / arresto;Conducente;M;Rimandato;0;NON DECEDUTO;Non accertato;
5621186;3;30/09/2021 08:30:00;Strada Urbana;VIA REGGIO CALABRIA;all'intersezione con;VIA CREMONA;VIA CREMONA;;;Investimento di pedone;Incrocio;Una carreggiata a senso unico di marcia;Asciutto;Asfaltata;Verticale ed orizzontale;Sereno;Scarso;Buona;;1;0;0;2;12.5198;41.9119;-1;;;;Pedone;M;Rimandato;0;NON DECEDUTO;;
5621186;3;30/09/2021 08:30:00;Strada Urbana;VIA REGGIO CALABRIA;all'intersezione con;VIA CREMONA;VIA CREMONA;;;Investimento di pedone;Incrocio;Una carreggiata a senso unico di marcia;Asciutto;Asfaltata;Verticale ed orizzontale;Sereno;Scarso;Buona;;1;0;0;2;12.5198;41.9119;-1;1;Autovettura privata;In marcia / fermata / arresto;Conducente;M;Illeso;0;;Non accertato;Inesploso
5621186;3;30/09/2021 08:30:00;Strada Urbana;VIA REGGIO CALABRIA;all'intersezione con;VIA CREMONA;VIA CREMONA;;;Investimento di pedone;Incrocio;Una carreggiata a senso unico di marcia;Asciutto;Asfaltata;Verticale ed orizzontale;Sereno;Scarso;Buona;;1;0;0;2;12.5198;41.9119;-1;1;Autovettura privata;In marcia / fermata / arresto;Passeggero;F;Illeso;0;;Non accertato;Inesploso
5621561;23;30/09/2021 12:30:00;Strada Urbana;VIA COLA DI RIENZO;in corrispondenza;;del civico n.;187;;Tamponamento;Rettilineo;Una carreggiata a doppio senso;Asciutto;Lastricata;Verticale ed orizzontale;Sereno;Normale;Buona;;0;0;0;2;12.4637;41.9077;-1;1;Autovettura privata;In marcia / fermata / arresto;Conducente;F;Illeso;0;;Utilizzato;Inesploso
5621561;23;30/09/2021 12:30:00;Strada Urbana;VIA COLA DI RIENZO;in corrispondenza;;del civico n.;187;;Tamponamento;Rettilineo;Una carreggiata a doppio senso;Asciutto;Lastricata;Verticale ed orizzontale;Sereno;Normale;Buona;;0;0;0;2;12.4637;41.9077;-1;2;Autovettura pubblica;In marcia / fermata / arresto;Conducente;M;Illeso;0;;Utilizzato;Inesploso
5622270;16;30/09/2021 12:50:00;Strada Urbana;VIALE DEI COLLI PORTUENSI;in corrispondenza;;del civico n.;106;;Investimento di pedone;Rettilineo;Due carreggiate;Asciutto;Asfaltata;Verticale ed orizzontale;Sereno;Normale;Buona;;1;0;0;1;12.4429;41.8721;-1;;;;Pedone;F;Rimandato;0;NON DECEDUTO;;
5622270;16;30/09/2021 12:50:00;Strada Urbana;VIALE DEI COLLI PORTUENSI;in corrispondenza;;del civico n.;106;;Investimento di pedone;Rettilineo;Due carreggiate;Asciutto;Asfaltata;Verticale ed orizzontale;Sereno;Normale;Buona;;1;0;0;1;12.4429;41.8721;-1;1;Autovettura privata;In marcia / fermata / arresto;Conducente;M;Illeso;0;;Non accertato;Inesploso
5622272;16;30/09/2021 13:35:00;Strada Urbana;VIA AURELIA;all'intersezione con;VIA GIUSEPPE VANNI;VIA GIUSEPPE VANNI;;;Scontro frontale/laterale DX fra veicoli in marcia;Incrocio;Una carreggiata a doppio senso;Asciutto;Asfaltata;Verticale ed orizzontale;Sereno;Normale;Buona;;1;0;0;1;12.4012;41.8861;-1;1;Autovettura privata;In marcia / fermata / arresto;Conducente;F;Illeso;0;;Non accertato;
5622272;16;30/09/2021 13:35:00;Strada Urbana;VIA AURELIA;all'intersezione con;VIA GIUSEPPE VANNI;VIA GIUSEPPE VANNI;;;Scontro frontale/laterale DX fra veicoli in marcia;Incrocio;Una carreggiata a doppio senso;Asciutto;Asfaltata;Verticale ed orizzontale;Sereno;Normale;Buona;;1;0;0;1;12.4012;41.8861;-1;2;Motociclo a solo;In marcia / fermata / arresto;Conducente;M;Rimandato;0;NON DECEDUTO;Non accertato;
5622273;16;30/09/2021 18:15:00;Strada Urbana;VIA ILDEBRANDO DELLA GIOVANNA;in prossimit�;;del civico n.;250;;Scontro frontale fra veicoli in marcia;Curva senza visuale libera;Una carreggiata a doppio senso;Asciutto;Asfaltata;Orizzontale;Sereno;Normale;Buona;;1;0;0;1;12.3458;41.8703;-1;1;Motociclo a solo;In marcia / fermata / arresto;Conducente;M;Illeso;0;;Non accertato;
5622273;16;30/09/2021 18:15:00;Strada Urbana;VIA ILDEBRANDO DELLA GIOVANNA;in prossimit�;;del civico n.;250;;Scontro frontale fra veicoli in marcia;Curva senza visuale libera;Una carreggiata a doppio senso;Asciutto;Asfaltata;Orizzontale;Sereno;Normale;Buona;;1;0;0;1;12.3458;41.8703;-1;2;Velocipede;In marcia / fermata / arresto;Conducente;M;Rimandato;0;NON DECEDUTO;Esente;
5623871;20;30/09/2021 19:45:00;Strada Urbana;VIALE GEMONA DEL FRIULI;da specificare;;;;prossimit� via MONTI DELLA VALCHETTA;Tamponamento;Rettilineo;Due carreggiate;Asciutto;Asfaltata;Verticale ed orizzontale;Sereno;Scarso;Sufficiente;;1;0;0;1;12.4846;41.994;-1;1;Autovettura privata;In marcia / fermata / arresto;Conducente;M;Illeso;0;;Non accertato;
5623871;20;30/09/2021 19:45:00;Strada Urbana;VIALE GEMONA DEL FRIULI;da specificare;;;;prossimit� via MONTI DELLA VALCHETTA;Tamponamento;Rettilineo;Due carreggiate;Asciutto;Asfaltata;Verticale ed orizzontale;Sereno;Scarso;Sufficiente;;1;0;0;1;12.4846;41.994;-1;2;Motociclo a solo;In marcia / fermata / arresto;Conducente;M;Rimandato;0;NON DECEDUTO;Non accertato;
5633514;9;23/09/2021 11:00:00;Strada Urbana;PIAZZA IMOLA;da specificare;;;;prossimit� VIA ISERNIA;Tamponamento;Rettilineo;Due carreggiate;Asciutto;Asfaltata;Verticale ed orizzontale;Sereno;Normale;Buona;;0;0;0;1;12.5141;41.8852;-1;1;Autovettura privata;Allontanatosi;;;;;;;
5633514;9;23/09/2021 11:00:00;Strada Urbana;PIAZZA IMOLA;da specificare;;;;prossimit� VIA ISERNIA;Tamponamento;Rettilineo;Due carreggiate;Asciutto;Asfaltata;Verticale ed orizzontale;Sereno;Normale;Buona;;0;0;0;1;12.5141;41.8852;-1;2;Autovettura privata;In marcia / fermata / arresto;Conducente;M;Illeso;0;;;
5654179;13;21/09/2021 13:28:00;Strada Urbana;VIA CAPO DELL'ARGENTIERA;in corrispondenza;;del civico n.;46;;Veicolo in marcia contro veicolo in sosta;Rettilineo;Una carreggiata a doppio senso;Asciutto;Asfaltata;Assente;Sereno;Normale;Sufficiente;;0;0;0;1;12.2862;41.7422;-1;1;Autovettura privata;Sosta;;;;;;;
5654179;13;21/09/2021 13:28:00;Strada Urbana;VIA CAPO DELL'ARGENTIERA;in corrispondenza;;del civico n.;46;;Veicolo in marcia contro veicolo in sosta;Rettilineo;Una carreggiata a doppio senso;Asciutto;Asfaltata;Assente;Sereno;Normale;Sufficiente;;0;0;0;1;12.2862;41.7422;-1;2;Autocarro inferiore 35 q.;In marcia / fermata / arresto;Conducente;M;Illeso;0;;;
5860621;6;22/09/2021 23:00:00;Strada Urbana;VIA BIORDO MICHELOTTI;in prossimit�;;del civico n.;14;;Veicolo in marcia contro veicolo in sosta;Rettilineo;Una carreggiata a senso unico di marcia;Asciutto;Asfaltata;Assente;Sereno;Scarso;Buona;;0;0;0;0;12.5381;41.8935;0;1;Autovettura privata;Allontanatosi;;;;;;;
5860621;6;22/09/2021 23:00:00;Strada Urbana;VIA BIORDO MICHELOTTI;in prossimit�;;del civico n.;14;;Veicolo in marcia contro veicolo in sosta;Rettilineo;Una carreggiata a senso unico di marcia;Asciutto;Asfaltata;Assente;Sereno;Scarso;Buona;;0;0;0;0;12.5381;41.8935;0;2;Autovettura privata;Sosta;;;;;;;